alarm_1,alarm_2,lag,correlation,abs_corr
Adjacent Node IP Address Ping Failure,Cell Blocked,-12,0.0254214169017516,0.0254214169017516
Adjacent Node IP Address Ping Failure,Cell Blocked,-11,0.02366684743331562,0.02366684743331562
Adjacent Node IP Address Ping Failure,Cell Blocked,-10,0.04020239845439916,0.04020239845439916
Adjacent Node IP Address Ping Failure,Cell Blocked,-9,0.03277599596759095,0.03277599596759095
Adjacent Node IP Address Ping Failure,Cell Blocked,-8,0.050330627557879384,0.050330627557879384
Adjacent Node IP Address Ping Failure,Cell Blocked,-7,0.06221406745707328,0.06221406745707328
Adjacent Node IP Address Ping Failure,Cell Blocked,-6,0.06335598400439438,0.06335598400439438
Adjacent Node IP Address Ping Failure,Cell Blocked,-5,0.06771455907936613,0.06771455907936613
Adjacent Node IP Address Ping Failure,Cell Blocked,-4,0.07936921954781924,0.07936921954781924
Adjacent Node IP Address Ping Failure,Cell Blocked,-3,0.08231220536238519,0.08231220536238519
Adjacent Node IP Address Ping Failure,Cell Blocked,-2,0.09369649899063537,0.09369649899063537
Adjacent Node IP Address Ping Failure,Cell Blocked,-1,0.10537764932742665,0.10537764932742665
Adjacent Node IP Address Ping Failure,Cell Blocked,0,0.10103629629762054,0.10103629629762054
Adjacent Node IP Address Ping Failure,Cell Blocked,1,0.07549756304376072,0.07549756304376072
Adjacent Node IP Address Ping Failure,Cell Blocked,2,0.07200542529889081,0.07200542529889081
Adjacent Node IP Address Ping Failure,Cell Blocked,3,0.05774014843023062,0.05774014843023062
Adjacent Node IP Address Ping Failure,Cell Blocked,4,0.04950073142211613,0.04950073142211613
Adjacent Node IP Address Ping Failure,Cell Blocked,5,0.06102181919016338,0.06102181919016338
Adjacent Node IP Address Ping Failure,Cell Blocked,6,0.04402653718569848,0.04402653718569848
Adjacent Node IP Address Ping Failure,Cell Blocked,7,0.03504981813328814,0.03504981813328814
Adjacent Node IP Address Ping Failure,Cell Blocked,8,0.056600401603867485,0.056600401603867485
Adjacent Node IP Address Ping Failure,Cell Blocked,9,0.02898018485750834,0.02898018485750834
Adjacent Node IP Address Ping Failure,Cell Blocked,10,0.03423683092142077,0.03423683092142077
Adjacent Node IP Address Ping Failure,Cell Blocked,11,0.04881550222841508,0.04881550222841508
Adjacent Node IP Address Ping Failure,Cell Blocked,12,0.016730592714484873,0.016730592714484873
Adjacent Node IP Address Ping Failure,Cell Outage,-12,0.09321723178061347,0.09321723178061347
Adjacent Node IP Address Ping Failure,Cell Outage,-11,0.09971134749427997,0.09971134749427997
Adjacent Node IP Address Ping Failure,Cell Outage,-10,0.12073575031642887,0.12073575031642887
Adjacent Node IP Address Ping Failure,Cell Outage,-9,0.10250251539031092,0.10250251539031092
Adjacent Node IP Address Ping Failure,Cell Outage,-8,0.1088956503507529,0.1088956503507529
Adjacent Node IP Address Ping Failure,Cell Outage,-7,0.09937699856964151,0.09937699856964151
Adjacent Node IP Address Ping Failure,Cell Outage,-6,0.09015815914964728,0.09015815914964728
Adjacent Node IP Address Ping Failure,Cell Outage,-5,0.09900302372877962,0.09900302372877962
Adjacent Node IP Address Ping Failure,Cell Outage,-4,0.09999341083325944,0.09999341083325944
Adjacent Node IP Address Ping Failure,Cell Outage,-3,0.11540377741486342,0.11540377741486342
Adjacent Node IP Address Ping Failure,Cell Outage,-2,0.11725579066681313,0.11725579066681313
Adjacent Node IP Address Ping Failure,Cell Outage,-1,0.13863503582865147,0.13863503582865147
Adjacent Node IP Address Ping Failure,Cell Outage,0,0.4540854185620179,0.4540854185620179
Adjacent Node IP Address Ping Failure,Cell Outage,1,0.14644879228550675,0.14644879228550675
Adjacent Node IP Address Ping Failure,Cell Outage,2,0.11537206962133402,0.11537206962133402
Adjacent Node IP Address Ping Failure,Cell Outage,3,0.12098045023412796,0.12098045023412796
Adjacent Node IP Address Ping Failure,Cell Outage,4,0.0989545786728824,0.0989545786728824
Adjacent Node IP Address Ping Failure,Cell Outage,5,0.08472975790423665,0.08472975790423665
Adjacent Node IP Address Ping Failure,Cell Outage,6,0.06648590704628686,0.06648590704628686
Adjacent Node IP Address Ping Failure,Cell Outage,7,0.06186576630183317,0.06186576630183317
Adjacent Node IP Address Ping Failure,Cell Outage,8,0.06603476281657,0.06603476281657
Adjacent Node IP Address Ping Failure,Cell Outage,9,0.06802003507721747,0.06802003507721747
Adjacent Node IP Address Ping Failure,Cell Outage,10,0.08980388838088296,0.08980388838088296
Adjacent Node IP Address Ping Failure,Cell Outage,11,0.07679267138977049,0.07679267138977049
Adjacent Node IP Address Ping Failure,Cell Outage,12,0.08717531901196111,0.08717531901196111
Adjacent Node IP Address Ping Failure,Cell RX Channel Interference Noise Power Unbalanced,-12,0.20644638686281067,0.20644638686281067
Adjacent Node IP Address Ping Failure,Cell RX Channel Interference Noise Power Unbalanced,-11,0.19342950930118724,0.19342950930118724
Adjacent Node IP Address Ping Failure,Cell RX Channel Interference Noise Power Unbalanced,-10,0.21997588393874384,0.21997588393874384
Adjacent Node IP Address Ping Failure,Cell RX Channel Interference Noise Power Unbalanced,-9,0.21772738968911814,0.21772738968911814
Adjacent Node IP Address Ping Failure,Cell RX Channel Interference Noise Power Unbalanced,-8,0.2372403073361844,0.2372403073361844
Adjacent Node IP Address Ping Failure,Cell RX Channel Interference Noise Power Unbalanced,-7,0.23364221051135428,0.23364221051135428
Adjacent Node IP Address Ping Failure,Cell RX Channel Interference Noise Power Unbalanced,-6,0.20381337467199465,0.20381337467199465
Adjacent Node IP Address Ping Failure,Cell RX Channel Interference Noise Power Unbalanced,-5,0.219573831778115,0.219573831778115
Adjacent Node IP Address Ping Failure,Cell RX Channel Interference Noise Power Unbalanced,-4,0.21483205945579784,0.21483205945579784
Adjacent Node IP Address Ping Failure,Cell RX Channel Interference Noise Power Unbalanced,-3,0.2222764027901579,0.2222764027901579
Adjacent Node IP Address Ping Failure,Cell RX Channel Interference Noise Power Unbalanced,-2,0.24282288635416996,0.24282288635416996
Adjacent Node IP Address Ping Failure,Cell RX Channel Interference Noise Power Unbalanced,-1,0.23121605333833445,0.23121605333833445
Adjacent Node IP Address Ping Failure,Cell RX Channel Interference Noise Power Unbalanced,0,0.31001612896934105,0.31001612896934105
Adjacent Node IP Address Ping Failure,Cell RX Channel Interference Noise Power Unbalanced,1,0.26511439885123167,0.26511439885123167
Adjacent Node IP Address Ping Failure,Cell RX Channel Interference Noise Power Unbalanced,2,0.23569628293469547,0.23569628293469547
Adjacent Node IP Address Ping Failure,Cell RX Channel Interference Noise Power Unbalanced,3,0.2265818669496985,0.2265818669496985
Adjacent Node IP Address Ping Failure,Cell RX Channel Interference Noise Power Unbalanced,4,0.20048880079516015,0.20048880079516015
Adjacent Node IP Address Ping Failure,Cell RX Channel Interference Noise Power Unbalanced,5,0.1890393766776544,0.1890393766776544
Adjacent Node IP Address Ping Failure,Cell RX Channel Interference Noise Power Unbalanced,6,0.17204189993497931,0.17204189993497931
Adjacent Node IP Address Ping Failure,Cell RX Channel Interference Noise Power Unbalanced,7,0.18568500269099636,0.18568500269099636
Adjacent Node IP Address Ping Failure,Cell RX Channel Interference Noise Power Unbalanced,8,0.18023628639250777,0.18023628639250777
Adjacent Node IP Address Ping Failure,Cell RX Channel Interference Noise Power Unbalanced,9,0.168587085443397,0.168587085443397
Adjacent Node IP Address Ping Failure,Cell RX Channel Interference Noise Power Unbalanced,10,0.17382769505590978,0.17382769505590978
Adjacent Node IP Address Ping Failure,Cell RX Channel Interference Noise Power Unbalanced,11,0.18047891527371798,0.18047891527371798
Adjacent Node IP Address Ping Failure,Cell RX Channel Interference Noise Power Unbalanced,12,0.19940766160584522,0.19940766160584522
Adjacent Node IP Address Ping Failure,Cell Unavailable,-12,0.051769339452439625,0.051769339452439625
Adjacent Node IP Address Ping Failure,Cell Unavailable,-11,0.05771624277841656,0.05771624277841656
Adjacent Node IP Address Ping Failure,Cell Unavailable,-10,0.06507769951218279,0.06507769951218279
Adjacent Node IP Address Ping Failure,Cell Unavailable,-9,0.04148837857688374,0.04148837857688374
Adjacent Node IP Address Ping Failure,Cell Unavailable,-8,0.04982546380456165,0.04982546380456165
Adjacent Node IP Address Ping Failure,Cell Unavailable,-7,0.05413799092768683,0.05413799092768683
Adjacent Node IP Address Ping Failure,Cell Unavailable,-6,0.051958333582359725,0.051958333582359725
Adjacent Node IP Address Ping Failure,Cell Unavailable,-5,0.062227508398238804,0.062227508398238804
Adjacent Node IP Address Ping Failure,Cell Unavailable,-4,0.06274552109588444,0.06274552109588444
Adjacent Node IP Address Ping Failure,Cell Unavailable,-3,0.07814941052284584,0.07814941052284584
Adjacent Node IP Address Ping Failure,Cell Unavailable,-2,0.09254255958176891,0.09254255958176891
Adjacent Node IP Address Ping Failure,Cell Unavailable,-1,0.0801948957234404,0.0801948957234404
Adjacent Node IP Address Ping Failure,Cell Unavailable,0,0.1800419434835285,0.1800419434835285
Adjacent Node IP Address Ping Failure,Cell Unavailable,1,0.07276234118767673,0.07276234118767673
Adjacent Node IP Address Ping Failure,Cell Unavailable,2,0.06789514389558929,0.06789514389558929
Adjacent Node IP Address Ping Failure,Cell Unavailable,3,0.0684341474312261,0.0684341474312261
Adjacent Node IP Address Ping Failure,Cell Unavailable,4,0.05312802385062284,0.05312802385062284
Adjacent Node IP Address Ping Failure,Cell Unavailable,5,0.05812073807338177,0.05812073807338177
Adjacent Node IP Address Ping Failure,Cell Unavailable,6,0.046268860069379046,0.046268860069379046
Adjacent Node IP Address Ping Failure,Cell Unavailable,7,0.04034081885900604,0.04034081885900604
Adjacent Node IP Address Ping Failure,Cell Unavailable,8,0.04369907913924252,0.04369907913924252
Adjacent Node IP Address Ping Failure,Cell Unavailable,9,0.039156065541754076,0.039156065541754076
Adjacent Node IP Address Ping Failure,Cell Unavailable,10,0.055894600982095054,0.055894600982095054
Adjacent Node IP Address Ping Failure,Cell Unavailable,11,0.044394601697062316,0.044394601697062316
Adjacent Node IP Address Ping Failure,Cell Unavailable,12,0.04791097674226714,0.04791097674226714
Adjacent Node IP Address Ping Failure,Commercial Power Down (Main Power Down),-12,0.11445965181668602,0.11445965181668602
Adjacent Node IP Address Ping Failure,Commercial Power Down (Main Power Down),-11,0.11621619534291457,0.11621619534291457
Adjacent Node IP Address Ping Failure,Commercial Power Down (Main Power Down),-10,0.16870656504734752,0.16870656504734752
Adjacent Node IP Address Ping Failure,Commercial Power Down (Main Power Down),-9,0.15624169514884703,0.15624169514884703
Adjacent Node IP Address Ping Failure,Commercial Power Down (Main Power Down),-8,0.13779130651488045,0.13779130651488045
Adjacent Node IP Address Ping Failure,Commercial Power Down (Main Power Down),-7,0.13371261071106952,0.13371261071106952
Adjacent Node IP Address Ping Failure,Commercial Power Down (Main Power Down),-6,0.12930990959674887,0.12930990959674887
Adjacent Node IP Address Ping Failure,Commercial Power Down (Main Power Down),-5,0.15820049316616852,0.15820049316616852
Adjacent Node IP Address Ping Failure,Commercial Power Down (Main Power Down),-4,0.1474167728760522,0.1474167728760522
Adjacent Node IP Address Ping Failure,Commercial Power Down (Main Power Down),-3,0.1633459771743415,0.1633459771743415
Adjacent Node IP Address Ping Failure,Commercial Power Down (Main Power Down),-2,0.19586721367615173,0.19586721367615173
Adjacent Node IP Address Ping Failure,Commercial Power Down (Main Power Down),-1,0.19923269310090247,0.19923269310090247
Adjacent Node IP Address Ping Failure,Commercial Power Down (Main Power Down),0,0.33069445226342054,0.33069445226342054
Adjacent Node IP Address Ping Failure,Commercial Power Down (Main Power Down),1,0.22725495881937763,0.22725495881937763
Adjacent Node IP Address Ping Failure,Commercial Power Down (Main Power Down),2,0.2273037949078193,0.2273037949078193
Adjacent Node IP Address Ping Failure,Commercial Power Down (Main Power Down),3,0.22555345152738185,0.22555345152738185
Adjacent Node IP Address Ping Failure,Commercial Power Down (Main Power Down),4,0.1793628366175663,0.1793628366175663
Adjacent Node IP Address Ping Failure,Commercial Power Down (Main Power Down),5,0.1890227324320457,0.1890227324320457
Adjacent Node IP Address Ping Failure,Commercial Power Down (Main Power Down),6,0.15850858655866162,0.15850858655866162
Adjacent Node IP Address Ping Failure,Commercial Power Down (Main Power Down),7,0.13743961162663584,0.13743961162663584
Adjacent Node IP Address Ping Failure,Commercial Power Down (Main Power Down),8,0.12207264722420218,0.12207264722420218
Adjacent Node IP Address Ping Failure,Commercial Power Down (Main Power Down),9,0.11380776045313128,0.11380776045313128
Adjacent Node IP Address Ping Failure,Commercial Power Down (Main Power Down),10,0.1384973141519334,0.1384973141519334
Adjacent Node IP Address Ping Failure,Commercial Power Down (Main Power Down),11,0.10495077926038872,0.10495077926038872
Adjacent Node IP Address Ping Failure,Commercial Power Down (Main Power Down),12,0.10449996328630469,0.10449996328630469
Adjacent Node IP Address Ping Failure,Core CPU Overload,-12,0.07339938335555096,0.07339938335555096
Adjacent Node IP Address Ping Failure,Core CPU Overload,-11,0.0836280491200945,0.0836280491200945
Adjacent Node IP Address Ping Failure,Core CPU Overload,-10,0.12750958733108173,0.12750958733108173
Adjacent Node IP Address Ping Failure,Core CPU Overload,-9,0.10598962271737361,0.10598962271737361
Adjacent Node IP Address Ping Failure,Core CPU Overload,-8,0.10799214173900079,0.10799214173900079
Adjacent Node IP Address Ping Failure,Core CPU Overload,-7,0.11325681867120188,0.11325681867120188
Adjacent Node IP Address Ping Failure,Core CPU Overload,-6,0.12367257363425432,0.12367257363425432
Adjacent Node IP Address Ping Failure,Core CPU Overload,-5,0.16990194005159523,0.16990194005159523
Adjacent Node IP Address Ping Failure,Core CPU Overload,-4,0.1690796985226334,0.1690796985226334
Adjacent Node IP Address Ping Failure,Core CPU Overload,-3,0.1962140258556868,0.1962140258556868
Adjacent Node IP Address Ping Failure,Core CPU Overload,-2,0.20659574381909032,0.20659574381909032
Adjacent Node IP Address Ping Failure,Core CPU Overload,-1,0.19565898585596422,0.19565898585596422
Adjacent Node IP Address Ping Failure,Core CPU Overload,0,0.26000253620944935,0.26000253620944935
Adjacent Node IP Address Ping Failure,Core CPU Overload,1,0.16227164561133384,0.16227164561133384
Adjacent Node IP Address Ping Failure,Core CPU Overload,2,0.1553490398358603,0.1553490398358603
Adjacent Node IP Address Ping Failure,Core CPU Overload,3,0.12402598764918649,0.12402598764918649
Adjacent Node IP Address Ping Failure,Core CPU Overload,4,0.09610503541641861,0.09610503541641861
Adjacent Node IP Address Ping Failure,Core CPU Overload,5,0.1048415393497572,0.1048415393497572
Adjacent Node IP Address Ping Failure,Core CPU Overload,6,0.08267402054367219,0.08267402054367219
Adjacent Node IP Address Ping Failure,Core CPU Overload,7,0.0803696487121474,0.0803696487121474
Adjacent Node IP Address Ping Failure,Core CPU Overload,8,0.07594964344466096,0.07594964344466096
Adjacent Node IP Address Ping Failure,Core CPU Overload,9,0.04605151870298737,0.04605151870298737
Adjacent Node IP Address Ping Failure,Core CPU Overload,10,0.06057454933404413,0.06057454933404413
Adjacent Node IP Address Ping Failure,Core CPU Overload,11,0.05893494249592783,0.05893494249592783
Adjacent Node IP Address Ping Failure,Core CPU Overload,12,0.07787220826744418,0.07787220826744418
Adjacent Node IP Address Ping Failure,E1/T1 Excessive Bit Error Rate,-12,0.10422401165174187,0.10422401165174187
Adjacent Node IP Address Ping Failure,E1/T1 Excessive Bit Error Rate,-11,0.1164325344576687,0.1164325344576687
Adjacent Node IP Address Ping Failure,E1/T1 Excessive Bit Error Rate,-10,0.12823279659981174,0.12823279659981174
Adjacent Node IP Address Ping Failure,E1/T1 Excessive Bit Error Rate,-9,0.11371329871239928,0.11371329871239928
Adjacent Node IP Address Ping Failure,E1/T1 Excessive Bit Error Rate,-8,0.12311677364340627,0.12311677364340627
Adjacent Node IP Address Ping Failure,E1/T1 Excessive Bit Error Rate,-7,0.1260852449686799,0.1260852449686799
Adjacent Node IP Address Ping Failure,E1/T1 Excessive Bit Error Rate,-6,0.13362084593445855,0.13362084593445855
Adjacent Node IP Address Ping Failure,E1/T1 Excessive Bit Error Rate,-5,0.14665433654629856,0.14665433654629856
Adjacent Node IP Address Ping Failure,E1/T1 Excessive Bit Error Rate,-4,0.12984629983518847,0.12984629983518847
Adjacent Node IP Address Ping Failure,E1/T1 Excessive Bit Error Rate,-3,0.14535064222568703,0.14535064222568703
Adjacent Node IP Address Ping Failure,E1/T1 Excessive Bit Error Rate,-2,0.14036984132950175,0.14036984132950175
Adjacent Node IP Address Ping Failure,E1/T1 Excessive Bit Error Rate,-1,0.15990122174084023,0.15990122174084023
Adjacent Node IP Address Ping Failure,E1/T1 Excessive Bit Error Rate,0,0.29715383161759207,0.29715383161759207
Adjacent Node IP Address Ping Failure,E1/T1 Excessive Bit Error Rate,1,0.17944432791724815,0.17944432791724815
Adjacent Node IP Address Ping Failure,E1/T1 Excessive Bit Error Rate,2,0.1552887331807955,0.1552887331807955
Adjacent Node IP Address Ping Failure,E1/T1 Excessive Bit Error Rate,3,0.1458796860848441,0.1458796860848441
Adjacent Node IP Address Ping Failure,E1/T1 Excessive Bit Error Rate,4,0.12450288479023727,0.12450288479023727
Adjacent Node IP Address Ping Failure,E1/T1 Excessive Bit Error Rate,5,0.12817846894426546,0.12817846894426546
Adjacent Node IP Address Ping Failure,E1/T1 Excessive Bit Error Rate,6,0.11651714394165351,0.11651714394165351
Adjacent Node IP Address Ping Failure,E1/T1 Excessive Bit Error Rate,7,0.10937874022948965,0.10937874022948965
Adjacent Node IP Address Ping Failure,E1/T1 Excessive Bit Error Rate,8,0.1049830289291845,0.1049830289291845
Adjacent Node IP Address Ping Failure,E1/T1 Excessive Bit Error Rate,9,0.0900371995486422,0.0900371995486422
Adjacent Node IP Address Ping Failure,E1/T1 Excessive Bit Error Rate,10,0.11195249876958716,0.11195249876958716
Adjacent Node IP Address Ping Failure,E1/T1 Excessive Bit Error Rate,11,0.11139644020822718,0.11139644020822718
Adjacent Node IP Address Ping Failure,E1/T1 Excessive Bit Error Rate,12,0.10740249890388724,0.10740249890388724
Adjacent Node IP Address Ping Failure,External Clock Reference Problem,-12,0.09344849854702697,0.09344849854702697
Adjacent Node IP Address Ping Failure,External Clock Reference Problem,-11,0.07499862976815559,0.07499862976815559
Adjacent Node IP Address Ping Failure,External Clock Reference Problem,-10,0.08817301581768554,0.08817301581768554
Adjacent Node IP Address Ping Failure,External Clock Reference Problem,-9,0.07742329254718969,0.07742329254718969
Adjacent Node IP Address Ping Failure,External Clock Reference Problem,-8,0.07575991186114445,0.07575991186114445
Adjacent Node IP Address Ping Failure,External Clock Reference Problem,-7,0.08852913367785387,0.08852913367785387
Adjacent Node IP Address Ping Failure,External Clock Reference Problem,-6,0.08197007747195896,0.08197007747195896
Adjacent Node IP Address Ping Failure,External Clock Reference Problem,-5,0.09381986512900711,0.09381986512900711
Adjacent Node IP Address Ping Failure,External Clock Reference Problem,-4,0.10866942978952869,0.10866942978952869
Adjacent Node IP Address Ping Failure,External Clock Reference Problem,-3,0.11094857879656592,0.11094857879656592
Adjacent Node IP Address Ping Failure,External Clock Reference Problem,-2,0.14727411616554717,0.14727411616554717
Adjacent Node IP Address Ping Failure,External Clock Reference Problem,-1,0.136783489075917,0.136783489075917
Adjacent Node IP Address Ping Failure,External Clock Reference Problem,0,0.19586185594112318,0.19586185594112318
Adjacent Node IP Address Ping Failure,External Clock Reference Problem,1,0.1231931601102669,0.1231931601102669
Adjacent Node IP Address Ping Failure,External Clock Reference Problem,2,0.1156663609993171,0.1156663609993171
Adjacent Node IP Address Ping Failure,External Clock Reference Problem,3,0.09720717999725839,0.09720717999725839
Adjacent Node IP Address Ping Failure,External Clock Reference Problem,4,0.08497750232679253,0.08497750232679253
Adjacent Node IP Address Ping Failure,External Clock Reference Problem,5,0.09483321766829397,0.09483321766829397
Adjacent Node IP Address Ping Failure,External Clock Reference Problem,6,0.0810939732070052,0.0810939732070052
Adjacent Node IP Address Ping Failure,External Clock Reference Problem,7,0.0898152604236903,0.0898152604236903
Adjacent Node IP Address Ping Failure,External Clock Reference Problem,8,0.10374620881047025,0.10374620881047025
Adjacent Node IP Address Ping Failure,External Clock Reference Problem,9,0.08552549049020816,0.08552549049020816
Adjacent Node IP Address Ping Failure,External Clock Reference Problem,10,0.08946513359962538,0.08946513359962538
Adjacent Node IP Address Ping Failure,External Clock Reference Problem,11,0.09032728689338568,0.09032728689338568
Adjacent Node IP Address Ping Failure,External Clock Reference Problem,12,0.08629807813552161,0.08629807813552161
Adjacent Node IP Address Ping Failure,GSM Cell out of Service,-12,0.08233491696460515,0.08233491696460515
Adjacent Node IP Address Ping Failure,GSM Cell out of Service,-11,0.07360999267023591,0.07360999267023591
Adjacent Node IP Address Ping Failure,GSM Cell out of Service,-10,0.0879478731693147,0.0879478731693147
Adjacent Node IP Address Ping Failure,GSM Cell out of Service,-9,0.07364849925986462,0.07364849925986462
Adjacent Node IP Address Ping Failure,GSM Cell out of Service,-8,0.07953330287950973,0.07953330287950973
Adjacent Node IP Address Ping Failure,GSM Cell out of Service,-7,0.06153380342601935,0.06153380342601935
Adjacent Node IP Address Ping Failure,GSM Cell out of Service,-6,0.07807931101421688,0.07807931101421688
Adjacent Node IP Address Ping Failure,GSM Cell out of Service,-5,0.09050535064416314,0.09050535064416314
Adjacent Node IP Address Ping Failure,GSM Cell out of Service,-4,0.08160686517500405,0.08160686517500405
Adjacent Node IP Address Ping Failure,GSM Cell out of Service,-3,0.10415460711507109,0.10415460711507109
Adjacent Node IP Address Ping Failure,GSM Cell out of Service,-2,0.12141606548721702,0.12141606548721702
Adjacent Node IP Address Ping Failure,GSM Cell out of Service,-1,0.1272664165751681,0.1272664165751681
Adjacent Node IP Address Ping Failure,GSM Cell out of Service,0,0.7033129568484797,0.7033129568484797
Adjacent Node IP Address Ping Failure,GSM Cell out of Service,1,0.12920154854003701,0.12920154854003701
Adjacent Node IP Address Ping Failure,GSM Cell out of Service,2,0.11593687308060603,0.11593687308060603
Adjacent Node IP Address Ping Failure,GSM Cell out of Service,3,0.11876536652356057,0.11876536652356057
Adjacent Node IP Address Ping Failure,GSM Cell out of Service,4,0.07708780803328386,0.07708780803328386
Adjacent Node IP Address Ping Failure,GSM Cell out of Service,5,0.07928603057452702,0.07928603057452702
Adjacent Node IP Address Ping Failure,GSM Cell out of Service,6,0.06292071642710262,0.06292071642710262
Adjacent Node IP Address Ping Failure,GSM Cell out of Service,7,0.06701134830596377,0.06701134830596377
Adjacent Node IP Address Ping Failure,GSM Cell out of Service,8,0.0679200932831472,0.0679200932831472
Adjacent Node IP Address Ping Failure,GSM Cell out of Service,9,0.06500906279983412,0.06500906279983412
Adjacent Node IP Address Ping Failure,GSM Cell out of Service,10,0.08333513835770555,0.08333513835770555
Adjacent Node IP Address Ping Failure,GSM Cell out of Service,11,0.07055913235949965,0.07055913235949965
Adjacent Node IP Address Ping Failure,GSM Cell out of Service,12,0.07473252545279635,0.07473252545279635
Adjacent Node IP Address Ping Failure,GTPC Tunnel Path Broken,-12,0.07628759628677534,0.07628759628677534
Adjacent Node IP Address Ping Failure,GTPC Tunnel Path Broken,-11,0.07622796045118935,0.07622796045118935
Adjacent Node IP Address Ping Failure,GTPC Tunnel Path Broken,-10,0.08260016491943581,0.08260016491943581
Adjacent Node IP Address Ping Failure,GTPC Tunnel Path Broken,-9,0.09600046141993437,0.09600046141993437
Adjacent Node IP Address Ping Failure,GTPC Tunnel Path Broken,-8,0.0957293059212697,0.0957293059212697
Adjacent Node IP Address Ping Failure,GTPC Tunnel Path Broken,-7,0.09114309953087528,0.09114309953087528
Adjacent Node IP Address Ping Failure,GTPC Tunnel Path Broken,-6,0.1072661321516249,0.1072661321516249
Adjacent Node IP Address Ping Failure,GTPC Tunnel Path Broken,-5,0.09556724353959,0.09556724353959
Adjacent Node IP Address Ping Failure,GTPC Tunnel Path Broken,-4,0.09619240237900514,0.09619240237900514
Adjacent Node IP Address Ping Failure,GTPC Tunnel Path Broken,-3,0.09983499176119333,0.09983499176119333
Adjacent Node IP Address Ping Failure,GTPC Tunnel Path Broken,-2,0.11370841920887036,0.11370841920887036
Adjacent Node IP Address Ping Failure,GTPC Tunnel Path Broken,-1,0.11766119281792208,0.11766119281792208
Adjacent Node IP Address Ping Failure,GTPC Tunnel Path Broken,0,0.130984834192245,0.130984834192245
Adjacent Node IP Address Ping Failure,GTPC Tunnel Path Broken,1,0.09485512584847756,0.09485512584847756
Adjacent Node IP Address Ping Failure,GTPC Tunnel Path Broken,2,0.08921607453106961,0.08921607453106961
Adjacent Node IP Address Ping Failure,GTPC Tunnel Path Broken,3,0.09529756103997646,0.09529756103997646
Adjacent Node IP Address Ping Failure,GTPC Tunnel Path Broken,4,0.08076407540596975,0.08076407540596975
Adjacent Node IP Address Ping Failure,GTPC Tunnel Path Broken,5,0.07364207913784447,0.07364207913784447
Adjacent Node IP Address Ping Failure,GTPC Tunnel Path Broken,6,0.06738144599274123,0.06738144599274123
Adjacent Node IP Address Ping Failure,GTPC Tunnel Path Broken,7,0.09253821360416106,0.09253821360416106
Adjacent Node IP Address Ping Failure,GTPC Tunnel Path Broken,8,0.07550637562707059,0.07550637562707059
Adjacent Node IP Address Ping Failure,GTPC Tunnel Path Broken,9,0.07112381226980183,0.07112381226980183
Adjacent Node IP Address Ping Failure,GTPC Tunnel Path Broken,10,0.11543909383552464,0.11543909383552464
Adjacent Node IP Address Ping Failure,GTPC Tunnel Path Broken,11,0.0716885218289181,0.0716885218289181
Adjacent Node IP Address Ping Failure,GTPC Tunnel Path Broken,12,0.08096104058955884,0.08096104058955884
Adjacent Node IP Address Ping Failure,High Temperature (35Â°),-12,0.11919717970027283,0.11919717970027283
Adjacent Node IP Address Ping Failure,High Temperature (35Â°),-11,0.10886928047914454,0.10886928047914454
Adjacent Node IP Address Ping Failure,High Temperature (35Â°),-10,0.12597813645099876,0.12597813645099876
Adjacent Node IP Address Ping Failure,High Temperature (35Â°),-9,0.12097508005927379,0.12097508005927379
Adjacent Node IP Address Ping Failure,High Temperature (35Â°),-8,0.1433675440340484,0.1433675440340484
Adjacent Node IP Address Ping Failure,High Temperature (35Â°),-7,0.14164316424552115,0.14164316424552115
Adjacent Node IP Address Ping Failure,High Temperature (35Â°),-6,0.1341864223809762,0.1341864223809762
Adjacent Node IP Address Ping Failure,High Temperature (35Â°),-5,0.17475141295717317,0.17475141295717317
Adjacent Node IP Address Ping Failure,High Temperature (35Â°),-4,0.17796184471505816,0.17796184471505816
Adjacent Node IP Address Ping Failure,High Temperature (35Â°),-3,0.19159437437637236,0.19159437437637236
Adjacent Node IP Address Ping Failure,High Temperature (35Â°),-2,0.21141185572349755,0.21141185572349755
Adjacent Node IP Address Ping Failure,High Temperature (35Â°),-1,0.19955053453874144,0.19955053453874144
Adjacent Node IP Address Ping Failure,High Temperature (35Â°),0,0.3253212038145777,0.3253212038145777
Adjacent Node IP Address Ping Failure,High Temperature (35Â°),1,0.20004519722583175,0.20004519722583175
Adjacent Node IP Address Ping Failure,High Temperature (35Â°),2,0.21556790155734198,0.21556790155734198
Adjacent Node IP Address Ping Failure,High Temperature (35Â°),3,0.20381674726802798,0.20381674726802798
Adjacent Node IP Address Ping Failure,High Temperature (35Â°),4,0.16711816019837367,0.16711816019837367
Adjacent Node IP Address Ping Failure,High Temperature (35Â°),5,0.17573933716950607,0.17573933716950607
Adjacent Node IP Address Ping Failure,High Temperature (35Â°),6,0.1410636735789388,0.1410636735789388
Adjacent Node IP Address Ping Failure,High Temperature (35Â°),7,0.14662624872901234,0.14662624872901234
Adjacent Node IP Address Ping Failure,High Temperature (35Â°),8,0.1322415500678633,0.1322415500678633
Adjacent Node IP Address Ping Failure,High Temperature (35Â°),9,0.10526690673741314,0.10526690673741314
Adjacent Node IP Address Ping Failure,High Temperature (35Â°),10,0.12483810806416483,0.12483810806416483
Adjacent Node IP Address Ping Failure,High Temperature (35Â°),11,0.09917811993018108,0.09917811993018108
Adjacent Node IP Address Ping Failure,High Temperature (35Â°),12,0.11179484413434135,0.11179484413434135
Adjacent Node IP Address Ping Failure,IP PM Activation Failure,-12,0.02051162008694099,0.02051162008694099
Adjacent Node IP Address Ping Failure,IP PM Activation Failure,-11,0.005950067751707071,0.005950067751707071
Adjacent Node IP Address Ping Failure,IP PM Activation Failure,-10,0.055457877521638554,0.055457877521638554
Adjacent Node IP Address Ping Failure,IP PM Activation Failure,-9,0.0017394501216978794,0.0017394501216978794
Adjacent Node IP Address Ping Failure,IP PM Activation Failure,-8,0.021004294346919992,0.021004294346919992
Adjacent Node IP Address Ping Failure,IP PM Activation Failure,-7,0.009478862259695438,0.009478862259695438
Adjacent Node IP Address Ping Failure,IP PM Activation Failure,-6,0.016856254279895667,0.016856254279895667
Adjacent Node IP Address Ping Failure,IP PM Activation Failure,-5,0.01978888629595831,0.01978888629595831
Adjacent Node IP Address Ping Failure,IP PM Activation Failure,-4,0.021571734195091494,0.021571734195091494
Adjacent Node IP Address Ping Failure,IP PM Activation Failure,-3,0.009836150117401618,0.009836150117401618
Adjacent Node IP Address Ping Failure,IP PM Activation Failure,-2,0.051304518093419446,0.051304518093419446
Adjacent Node IP Address Ping Failure,IP PM Activation Failure,-1,0.056576084057377046,0.056576084057377046
Adjacent Node IP Address Ping Failure,IP PM Activation Failure,0,0.08697688843469532,0.08697688843469532
Adjacent Node IP Address Ping Failure,IP PM Activation Failure,1,0.02671236036985238,0.02671236036985238
Adjacent Node IP Address Ping Failure,IP PM Activation Failure,2,0.03241013058951522,0.03241013058951522
Adjacent Node IP Address Ping Failure,IP PM Activation Failure,3,0.003016117074587057,0.003016117074587057
Adjacent Node IP Address Ping Failure,IP PM Activation Failure,4,0.017363892102996686,0.017363892102996686
Adjacent Node IP Address Ping Failure,IP PM Activation Failure,5,0.08069426371752278,0.08069426371752278
Adjacent Node IP Address Ping Failure,IP PM Activation Failure,6,0.0032950493412179267,0.0032950493412179267
Adjacent Node IP Address Ping Failure,IP PM Activation Failure,7,0.013469907637130444,0.013469907637130444
Adjacent Node IP Address Ping Failure,IP PM Activation Failure,8,0.04117852529112064,0.04117852529112064
Adjacent Node IP Address Ping Failure,IP PM Activation Failure,9,0.024658546109193585,0.024658546109193585
Adjacent Node IP Address Ping Failure,IP PM Activation Failure,10,0.017481173669445536,0.017481173669445536
Adjacent Node IP Address Ping Failure,IP PM Activation Failure,11,0.004273819647343325,0.004273819647343325
Adjacent Node IP Address Ping Failure,IP PM Activation Failure,12,0.030652060101938612,0.030652060101938612
Adjacent Node IP Address Ping Failure,Local Cell Unusable,-12,0.06781535408561995,0.06781535408561995
Adjacent Node IP Address Ping Failure,Local Cell Unusable,-11,0.042887186402664465,0.042887186402664465
Adjacent Node IP Address Ping Failure,Local Cell Unusable,-10,0.08399841690205183,0.08399841690205183
Adjacent Node IP Address Ping Failure,Local Cell Unusable,-9,0.07228660624361437,0.07228660624361437
Adjacent Node IP Address Ping Failure,Local Cell Unusable,-8,0.07477954197050006,0.07477954197050006
Adjacent Node IP Address Ping Failure,Local Cell Unusable,-7,0.09305205057031936,0.09305205057031936
Adjacent Node IP Address Ping Failure,Local Cell Unusable,-6,0.08309186081034246,0.08309186081034246
Adjacent Node IP Address Ping Failure,Local Cell Unusable,-5,0.10510443406034789,0.10510443406034789
Adjacent Node IP Address Ping Failure,Local Cell Unusable,-4,0.1273988823558695,0.1273988823558695
Adjacent Node IP Address Ping Failure,Local Cell Unusable,-3,0.12870517959887948,0.12870517959887948
Adjacent Node IP Address Ping Failure,Local Cell Unusable,-2,0.15962004196947113,0.15962004196947113
Adjacent Node IP Address Ping Failure,Local Cell Unusable,-1,0.14416706571156931,0.14416706571156931
Adjacent Node IP Address Ping Failure,Local Cell Unusable,0,0.19575995452330133,0.19575995452330133
Adjacent Node IP Address Ping Failure,Local Cell Unusable,1,0.13050250988386675,0.13050250988386675
Adjacent Node IP Address Ping Failure,Local Cell Unusable,2,0.12040936688450765,0.12040936688450765
Adjacent Node IP Address Ping Failure,Local Cell Unusable,3,0.11000201088155458,0.11000201088155458
Adjacent Node IP Address Ping Failure,Local Cell Unusable,4,0.08255481681300268,0.08255481681300268
Adjacent Node IP Address Ping Failure,Local Cell Unusable,5,0.07888034467053054,0.07888034467053054
Adjacent Node IP Address Ping Failure,Local Cell Unusable,6,0.07578489899975008,0.07578489899975008
Adjacent Node IP Address Ping Failure,Local Cell Unusable,7,0.07160019994488438,0.07160019994488438
Adjacent Node IP Address Ping Failure,Local Cell Unusable,8,0.0618892487500856,0.0618892487500856
Adjacent Node IP Address Ping Failure,Local Cell Unusable,9,0.046443838199168565,0.046443838199168565
Adjacent Node IP Address Ping Failure,Local Cell Unusable,10,0.05473512459623326,0.05473512459623326
Adjacent Node IP Address Ping Failure,Local Cell Unusable,11,0.055083873323987995,0.055083873323987995
Adjacent Node IP Address Ping Failure,Local Cell Unusable,12,0.056042455993918966,0.056042455993918966
Adjacent Node IP Address Ping Failure,Parallel Alarm Exceeds the Limit,-12,0.12471435519653402,0.12471435519653402
Adjacent Node IP Address Ping Failure,Parallel Alarm Exceeds the Limit,-11,0.022704841103886684,0.022704841103886684
Adjacent Node IP Address Ping Failure,Parallel Alarm Exceeds the Limit,-10,0.03107082034650545,0.03107082034650545
Adjacent Node IP Address Ping Failure,Parallel Alarm Exceeds the Limit,-9,0.02505303552726342,0.02505303552726342
Adjacent Node IP Address Ping Failure,Parallel Alarm Exceeds the Limit,-8,0.03427308427303224,0.03427308427303224
Adjacent Node IP Address Ping Failure,Parallel Alarm Exceeds the Limit,-7,0.03164825513262331,0.03164825513262331
Adjacent Node IP Address Ping Failure,Parallel Alarm Exceeds the Limit,-6,0.040181356309055095,0.040181356309055095
Adjacent Node IP Address Ping Failure,Parallel Alarm Exceeds the Limit,-5,0.06624571720582179,0.06624571720582179
Adjacent Node IP Address Ping Failure,Parallel Alarm Exceeds the Limit,-4,0.06740927435511049,0.06740927435511049
Adjacent Node IP Address Ping Failure,Parallel Alarm Exceeds the Limit,-3,0.0576932287125267,0.0576932287125267
Adjacent Node IP Address Ping Failure,Parallel Alarm Exceeds the Limit,-2,0.07659028438541222,0.07659028438541222
Adjacent Node IP Address Ping Failure,Parallel Alarm Exceeds the Limit,-1,0.06287126601726413,0.06287126601726413
Adjacent Node IP Address Ping Failure,Parallel Alarm Exceeds the Limit,0,0.39453185660522244,0.39453185660522244
Adjacent Node IP Address Ping Failure,Parallel Alarm Exceeds the Limit,1,0.04529564872429594,0.04529564872429594
Adjacent Node IP Address Ping Failure,Parallel Alarm Exceeds the Limit,2,0.04524455161832487,0.04524455161832487
Adjacent Node IP Address Ping Failure,Parallel Alarm Exceeds the Limit,3,0.05027222126698341,0.05027222126698341
Adjacent Node IP Address Ping Failure,Parallel Alarm Exceeds the Limit,4,0.03964530582994143,0.03964530582994143
Adjacent Node IP Address Ping Failure,Parallel Alarm Exceeds the Limit,5,0.030898628399255192,0.030898628399255192
Adjacent Node IP Address Ping Failure,Parallel Alarm Exceeds the Limit,6,0.025611794991278303,0.025611794991278303
Adjacent Node IP Address Ping Failure,Parallel Alarm Exceeds the Limit,7,0.02204485023384829,0.02204485023384829
Adjacent Node IP Address Ping Failure,Parallel Alarm Exceeds the Limit,8,0.05154328555587983,0.05154328555587983
Adjacent Node IP Address Ping Failure,Parallel Alarm Exceeds the Limit,9,0.03009244858236851,0.03009244858236851
Adjacent Node IP Address Ping Failure,Parallel Alarm Exceeds the Limit,10,0.040081401078537734,0.040081401078537734
Adjacent Node IP Address Ping Failure,Parallel Alarm Exceeds the Limit,11,0.0349278762056279,0.0349278762056279
Adjacent Node IP Address Ping Failure,Parallel Alarm Exceeds the Limit,12,0.021733242427211648,0.021733242427211648
Adjacent Node IP Address Ping Failure,RF Unit RX Channel RTWP/RSSI Unbalanced,-12,0.16526626224628732,0.16526626224628732
Adjacent Node IP Address Ping Failure,RF Unit RX Channel RTWP/RSSI Unbalanced,-11,0.20237730278117105,0.20237730278117105
Adjacent Node IP Address Ping Failure,RF Unit RX Channel RTWP/RSSI Unbalanced,-10,0.2186484829016308,0.2186484829016308
Adjacent Node IP Address Ping Failure,RF Unit RX Channel RTWP/RSSI Unbalanced,-9,0.2236764091941191,0.2236764091941191
Adjacent Node IP Address Ping Failure,RF Unit RX Channel RTWP/RSSI Unbalanced,-8,0.22353411935428757,0.22353411935428757
Adjacent Node IP Address Ping Failure,RF Unit RX Channel RTWP/RSSI Unbalanced,-7,0.21077052621008296,0.21077052621008296
Adjacent Node IP Address Ping Failure,RF Unit RX Channel RTWP/RSSI Unbalanced,-6,0.1994538025893315,0.1994538025893315
Adjacent Node IP Address Ping Failure,RF Unit RX Channel RTWP/RSSI Unbalanced,-5,0.20406216344663736,0.20406216344663736
Adjacent Node IP Address Ping Failure,RF Unit RX Channel RTWP/RSSI Unbalanced,-4,0.19852273991204247,0.19852273991204247
Adjacent Node IP Address Ping Failure,RF Unit RX Channel RTWP/RSSI Unbalanced,-3,0.20133574181503802,0.20133574181503802
Adjacent Node IP Address Ping Failure,RF Unit RX Channel RTWP/RSSI Unbalanced,-2,0.22467813662731742,0.22467813662731742
Adjacent Node IP Address Ping Failure,RF Unit RX Channel RTWP/RSSI Unbalanced,-1,0.250012937948509,0.250012937948509
Adjacent Node IP Address Ping Failure,RF Unit RX Channel RTWP/RSSI Unbalanced,0,0.29813841422050097,0.29813841422050097
Adjacent Node IP Address Ping Failure,RF Unit RX Channel RTWP/RSSI Unbalanced,1,0.2766993931292166,0.2766993931292166
Adjacent Node IP Address Ping Failure,RF Unit RX Channel RTWP/RSSI Unbalanced,2,0.2534536222428366,0.2534536222428366
Adjacent Node IP Address Ping Failure,RF Unit RX Channel RTWP/RSSI Unbalanced,3,0.264873146904312,0.264873146904312
Adjacent Node IP Address Ping Failure,RF Unit RX Channel RTWP/RSSI Unbalanced,4,0.2514742892727594,0.2514742892727594
Adjacent Node IP Address Ping Failure,RF Unit RX Channel RTWP/RSSI Unbalanced,5,0.22461613185566742,0.22461613185566742
Adjacent Node IP Address Ping Failure,RF Unit RX Channel RTWP/RSSI Unbalanced,6,0.21700398578462263,0.21700398578462263
Adjacent Node IP Address Ping Failure,RF Unit RX Channel RTWP/RSSI Unbalanced,7,0.1941589137958918,0.1941589137958918
Adjacent Node IP Address Ping Failure,RF Unit RX Channel RTWP/RSSI Unbalanced,8,0.19660777622495637,0.19660777622495637
Adjacent Node IP Address Ping Failure,RF Unit RX Channel RTWP/RSSI Unbalanced,9,0.16539068680895688,0.16539068680895688
Adjacent Node IP Address Ping Failure,RF Unit RX Channel RTWP/RSSI Unbalanced,10,0.17068368050944965,0.17068368050944965
Adjacent Node IP Address Ping Failure,RF Unit RX Channel RTWP/RSSI Unbalanced,11,0.1703570893442947,0.1703570893442947
Adjacent Node IP Address Ping Failure,RF Unit RX Channel RTWP/RSSI Unbalanced,12,0.1783512710892578,0.1783512710892578
Adjacent Node IP Address Ping Failure,RF Unit VSWR Threshold Crossed,-12,0.1614430595010742,0.1614430595010742
Adjacent Node IP Address Ping Failure,RF Unit VSWR Threshold Crossed,-11,0.15539425699111023,0.15539425699111023
Adjacent Node IP Address Ping Failure,RF Unit VSWR Threshold Crossed,-10,0.18879569230425133,0.18879569230425133
Adjacent Node IP Address Ping Failure,RF Unit VSWR Threshold Crossed,-9,0.1461318503266763,0.1461318503266763
Adjacent Node IP Address Ping Failure,RF Unit VSWR Threshold Crossed,-8,0.17350790265489954,0.17350790265489954
Adjacent Node IP Address Ping Failure,RF Unit VSWR Threshold Crossed,-7,0.17066392833562505,0.17066392833562505
Adjacent Node IP Address Ping Failure,RF Unit VSWR Threshold Crossed,-6,0.17376081074134253,0.17376081074134253
Adjacent Node IP Address Ping Failure,RF Unit VSWR Threshold Crossed,-5,0.19990993824325956,0.19990993824325956
Adjacent Node IP Address Ping Failure,RF Unit VSWR Threshold Crossed,-4,0.18671677719653224,0.18671677719653224
Adjacent Node IP Address Ping Failure,RF Unit VSWR Threshold Crossed,-3,0.22072131945206203,0.22072131945206203
Adjacent Node IP Address Ping Failure,RF Unit VSWR Threshold Crossed,-2,0.22351432005633035,0.22351432005633035
Adjacent Node IP Address Ping Failure,RF Unit VSWR Threshold Crossed,-1,0.22307315070428307,0.22307315070428307
Adjacent Node IP Address Ping Failure,RF Unit VSWR Threshold Crossed,0,0.330381028981721,0.330381028981721
Adjacent Node IP Address Ping Failure,RF Unit VSWR Threshold Crossed,1,0.2094590223769935,0.2094590223769935
Adjacent Node IP Address Ping Failure,RF Unit VSWR Threshold Crossed,2,0.22420673210352127,0.22420673210352127
Adjacent Node IP Address Ping Failure,RF Unit VSWR Threshold Crossed,3,0.19634599260919164,0.19634599260919164
Adjacent Node IP Address Ping Failure,RF Unit VSWR Threshold Crossed,4,0.17585994885747455,0.17585994885747455
Adjacent Node IP Address Ping Failure,RF Unit VSWR Threshold Crossed,5,0.17164750897955464,0.17164750897955464
Adjacent Node IP Address Ping Failure,RF Unit VSWR Threshold Crossed,6,0.14866444295901446,0.14866444295901446
Adjacent Node IP Address Ping Failure,RF Unit VSWR Threshold Crossed,7,0.16892863551817616,0.16892863551817616
Adjacent Node IP Address Ping Failure,RF Unit VSWR Threshold Crossed,8,0.1427328778801335,0.1427328778801335
Adjacent Node IP Address Ping Failure,RF Unit VSWR Threshold Crossed,9,0.13860716321019048,0.13860716321019048
Adjacent Node IP Address Ping Failure,RF Unit VSWR Threshold Crossed,10,0.1689739999641784,0.1689739999641784
Adjacent Node IP Address Ping Failure,RF Unit VSWR Threshold Crossed,11,0.14123523328080886,0.14123523328080886
Adjacent Node IP Address Ping Failure,RF Unit VSWR Threshold Crossed,12,0.14911442724666696,0.14911442724666696
Adjacent Node IP Address Ping Failure,S1ap Link Down,-12,0.0329994152250482,0.0329994152250482
Adjacent Node IP Address Ping Failure,S1ap Link Down,-11,0.025702505684063317,0.025702505684063317
Adjacent Node IP Address Ping Failure,S1ap Link Down,-10,0.04269845983864906,0.04269845983864906
Adjacent Node IP Address Ping Failure,S1ap Link Down,-9,0.025222002906795927,0.025222002906795927
Adjacent Node IP Address Ping Failure,S1ap Link Down,-8,0.024602270300809068,0.024602270300809068
Adjacent Node IP Address Ping Failure,S1ap Link Down,-7,0.030166085283294713,0.030166085283294713
Adjacent Node IP Address Ping Failure,S1ap Link Down,-6,0.028205606052966996,0.028205606052966996
Adjacent Node IP Address Ping Failure,S1ap Link Down,-5,0.047659131445107465,0.047659131445107465
Adjacent Node IP Address Ping Failure,S1ap Link Down,-4,0.03378603425409344,0.03378603425409344
Adjacent Node IP Address Ping Failure,S1ap Link Down,-3,0.04956679115333469,0.04956679115333469
Adjacent Node IP Address Ping Failure,S1ap Link Down,-2,0.05778092766711709,0.05778092766711709
Adjacent Node IP Address Ping Failure,S1ap Link Down,-1,0.07474855633178742,0.07474855633178742
Adjacent Node IP Address Ping Failure,S1ap Link Down,0,0.3208887065951158,0.3208887065951158
Adjacent Node IP Address Ping Failure,S1ap Link Down,1,0.0574042744750591,0.0574042744750591
Adjacent Node IP Address Ping Failure,S1ap Link Down,2,0.06024413003479306,0.06024413003479306
Adjacent Node IP Address Ping Failure,S1ap Link Down,3,0.04748467566138386,0.04748467566138386
Adjacent Node IP Address Ping Failure,S1ap Link Down,4,0.040831172949074936,0.040831172949074936
Adjacent Node IP Address Ping Failure,S1ap Link Down,5,0.04681679136506062,0.04681679136506062
Adjacent Node IP Address Ping Failure,S1ap Link Down,6,0.031027442269863263,0.031027442269863263
Adjacent Node IP Address Ping Failure,S1ap Link Down,7,0.03176062608336651,0.03176062608336651
Adjacent Node IP Address Ping Failure,S1ap Link Down,8,0.033224746928500574,0.033224746928500574
Adjacent Node IP Address Ping Failure,S1ap Link Down,9,0.031559836011206155,0.031559836011206155
Adjacent Node IP Address Ping Failure,S1ap Link Down,10,0.031878607651823265,0.031878607651823265
Adjacent Node IP Address Ping Failure,S1ap Link Down,11,0.027394521404322903,0.027394521404322903
Adjacent Node IP Address Ping Failure,S1ap Link Down,12,0.033826335380965536,0.033826335380965536
Adjacent Node IP Address Ping Failure,SCTP Link Fault,-12,0.05052471650764099,0.05052471650764099
Adjacent Node IP Address Ping Failure,SCTP Link Fault,-11,0.045020725822640405,0.045020725822640405
Adjacent Node IP Address Ping Failure,SCTP Link Fault,-10,0.04709656717083182,0.04709656717083182
Adjacent Node IP Address Ping Failure,SCTP Link Fault,-9,0.04384677834111168,0.04384677834111168
Adjacent Node IP Address Ping Failure,SCTP Link Fault,-8,0.04627310592887905,0.04627310592887905
Adjacent Node IP Address Ping Failure,SCTP Link Fault,-7,0.04796480963611508,0.04796480963611508
Adjacent Node IP Address Ping Failure,SCTP Link Fault,-6,0.04566982541114184,0.04566982541114184
Adjacent Node IP Address Ping Failure,SCTP Link Fault,-5,0.0615591080612932,0.0615591080612932
Adjacent Node IP Address Ping Failure,SCTP Link Fault,-4,0.06374853317509578,0.06374853317509578
Adjacent Node IP Address Ping Failure,SCTP Link Fault,-3,0.08472938855331191,0.08472938855331191
Adjacent Node IP Address Ping Failure,SCTP Link Fault,-2,0.08881385540856337,0.08881385540856337
Adjacent Node IP Address Ping Failure,SCTP Link Fault,-1,0.09823202981484387,0.09823202981484387
Adjacent Node IP Address Ping Failure,SCTP Link Fault,0,0.24145117147290462,0.24145117147290462
Adjacent Node IP Address Ping Failure,SCTP Link Fault,1,0.09728552373058591,0.09728552373058591
Adjacent Node IP Address Ping Failure,SCTP Link Fault,2,0.08679015109646591,0.08679015109646591
Adjacent Node IP Address Ping Failure,SCTP Link Fault,3,0.07463948481799824,0.07463948481799824
Adjacent Node IP Address Ping Failure,SCTP Link Fault,4,0.05832949404751434,0.05832949404751434
Adjacent Node IP Address Ping Failure,SCTP Link Fault,5,0.06065182050582767,0.06065182050582767
Adjacent Node IP Address Ping Failure,SCTP Link Fault,6,0.05740569080590512,0.05740569080590512
Adjacent Node IP Address Ping Failure,SCTP Link Fault,7,0.04569485432328222,0.04569485432328222
Adjacent Node IP Address Ping Failure,SCTP Link Fault,8,0.0461624138911439,0.0461624138911439
Adjacent Node IP Address Ping Failure,SCTP Link Fault,9,0.04434173329397057,0.04434173329397057
Adjacent Node IP Address Ping Failure,SCTP Link Fault,10,0.053722244337850854,0.053722244337850854
Adjacent Node IP Address Ping Failure,SCTP Link Fault,11,0.050960938471692724,0.050960938471692724
Adjacent Node IP Address Ping Failure,SCTP Link Fault,12,0.050461843206322916,0.050461843206322916
Adjacent Node IP Address Ping Failure,SDH/SONET Tributary Excessive Slip Frames,-12,0.17518876205648348,0.17518876205648348
Adjacent Node IP Address Ping Failure,SDH/SONET Tributary Excessive Slip Frames,-11,0.15507448212550523,0.15507448212550523
Adjacent Node IP Address Ping Failure,SDH/SONET Tributary Excessive Slip Frames,-10,0.1928053584623453,0.1928053584623453
Adjacent Node IP Address Ping Failure,SDH/SONET Tributary Excessive Slip Frames,-9,0.1626439547435057,0.1626439547435057
Adjacent Node IP Address Ping Failure,SDH/SONET Tributary Excessive Slip Frames,-8,0.18174938972743784,0.18174938972743784
Adjacent Node IP Address Ping Failure,SDH/SONET Tributary Excessive Slip Frames,-7,0.17264546313570928,0.17264546313570928
Adjacent Node IP Address Ping Failure,SDH/SONET Tributary Excessive Slip Frames,-6,0.165282767933545,0.165282767933545
Adjacent Node IP Address Ping Failure,SDH/SONET Tributary Excessive Slip Frames,-5,0.2008018836872564,0.2008018836872564
Adjacent Node IP Address Ping Failure,SDH/SONET Tributary Excessive Slip Frames,-4,0.1773275098910096,0.1773275098910096
Adjacent Node IP Address Ping Failure,SDH/SONET Tributary Excessive Slip Frames,-3,0.2015999087278095,0.2015999087278095
Adjacent Node IP Address Ping Failure,SDH/SONET Tributary Excessive Slip Frames,-2,0.19020974041901756,0.19020974041901756
Adjacent Node IP Address Ping Failure,SDH/SONET Tributary Excessive Slip Frames,-1,0.17933479908404826,0.17933479908404826
Adjacent Node IP Address Ping Failure,SDH/SONET Tributary Excessive Slip Frames,0,0.3486900593109446,0.3486900593109446
Adjacent Node IP Address Ping Failure,SDH/SONET Tributary Excessive Slip Frames,1,0.15590358781415609,0.15590358781415609
Adjacent Node IP Address Ping Failure,SDH/SONET Tributary Excessive Slip Frames,2,0.19198598788711496,0.19198598788711496
Adjacent Node IP Address Ping Failure,SDH/SONET Tributary Excessive Slip Frames,3,0.19208481548317327,0.19208481548317327
Adjacent Node IP Address Ping Failure,SDH/SONET Tributary Excessive Slip Frames,4,0.15579450052325605,0.15579450052325605
Adjacent Node IP Address Ping Failure,SDH/SONET Tributary Excessive Slip Frames,5,0.18413637077313985,0.18413637077313985
Adjacent Node IP Address Ping Failure,SDH/SONET Tributary Excessive Slip Frames,6,0.15969027756505272,0.15969027756505272
Adjacent Node IP Address Ping Failure,SDH/SONET Tributary Excessive Slip Frames,7,0.1865852519625352,0.1865852519625352
Adjacent Node IP Address Ping Failure,SDH/SONET Tributary Excessive Slip Frames,8,0.17020720451416185,0.17020720451416185
Adjacent Node IP Address Ping Failure,SDH/SONET Tributary Excessive Slip Frames,9,0.15454658425673423,0.15454658425673423
Adjacent Node IP Address Ping Failure,SDH/SONET Tributary Excessive Slip Frames,10,0.19331479864047782,0.19331479864047782
Adjacent Node IP Address Ping Failure,SDH/SONET Tributary Excessive Slip Frames,11,0.14902096445448454,0.14902096445448454
Adjacent Node IP Address Ping Failure,SDH/SONET Tributary Excessive Slip Frames,12,0.17463531678910116,0.17463531678910116
Adjacent Node IP Address Ping Failure,Statistical Alarm,-12,0.09204831636111777,0.09204831636111777
Adjacent Node IP Address Ping Failure,Statistical Alarm,-11,0.03725313566059398,0.03725313566059398
Adjacent Node IP Address Ping Failure,Statistical Alarm,-10,0.05940606664214781,0.05940606664214781
Adjacent Node IP Address Ping Failure,Statistical Alarm,-9,0.056235659599150445,0.056235659599150445
Adjacent Node IP Address Ping Failure,Statistical Alarm,-8,0.052934823354365765,0.052934823354365765
Adjacent Node IP Address Ping Failure,Statistical Alarm,-7,0.047115808903508014,0.047115808903508014
Adjacent Node IP Address Ping Failure,Statistical Alarm,-6,0.058960911081186694,0.058960911081186694
Adjacent Node IP Address Ping Failure,Statistical Alarm,-5,0.08338584184189413,0.08338584184189413
Adjacent Node IP Address Ping Failure,Statistical Alarm,-4,0.07468400279751798,0.07468400279751798
Adjacent Node IP Address Ping Failure,Statistical Alarm,-3,0.099339491872873,0.099339491872873
Adjacent Node IP Address Ping Failure,Statistical Alarm,-2,0.08374478108915005,0.08374478108915005
Adjacent Node IP Address Ping Failure,Statistical Alarm,-1,0.11175867526065394,0.11175867526065394
Adjacent Node IP Address Ping Failure,Statistical Alarm,0,0.31466188935063333,0.31466188935063333
Adjacent Node IP Address Ping Failure,Statistical Alarm,1,0.08080031599056257,0.08080031599056257
Adjacent Node IP Address Ping Failure,Statistical Alarm,2,0.09357093787986887,0.09357093787986887
Adjacent Node IP Address Ping Failure,Statistical Alarm,3,0.05714799282592604,0.05714799282592604
Adjacent Node IP Address Ping Failure,Statistical Alarm,4,0.06983501673787136,0.06983501673787136
Adjacent Node IP Address Ping Failure,Statistical Alarm,5,0.06014389237963862,0.06014389237963862
Adjacent Node IP Address Ping Failure,Statistical Alarm,6,0.04960599329701925,0.04960599329701925
Adjacent Node IP Address Ping Failure,Statistical Alarm,7,0.04988059620727968,0.04988059620727968
Adjacent Node IP Address Ping Failure,Statistical Alarm,8,0.08688768243899854,0.08688768243899854
Adjacent Node IP Address Ping Failure,Statistical Alarm,9,0.050490827660013456,0.050490827660013456
Adjacent Node IP Address Ping Failure,Statistical Alarm,10,0.06477270963519258,0.06477270963519258
Adjacent Node IP Address Ping Failure,Statistical Alarm,11,0.03892865059704474,0.03892865059704474
Adjacent Node IP Address Ping Failure,Statistical Alarm,12,0.04264591756655898,0.04264591756655898
Adjacent Node IP Address Ping Failure,UMTS Cell MC-HSDPA Function Fault,-12,0.12845703021082694,0.12845703021082694
Adjacent Node IP Address Ping Failure,UMTS Cell MC-HSDPA Function Fault,-11,0.108090101637244,0.108090101637244
Adjacent Node IP Address Ping Failure,UMTS Cell MC-HSDPA Function Fault,-10,0.09229637035053477,0.09229637035053477
Adjacent Node IP Address Ping Failure,UMTS Cell MC-HSDPA Function Fault,-9,0.07130225222683591,0.07130225222683591
Adjacent Node IP Address Ping Failure,UMTS Cell MC-HSDPA Function Fault,-8,0.05399981471872022,0.05399981471872022
Adjacent Node IP Address Ping Failure,UMTS Cell MC-HSDPA Function Fault,-7,0.03404242326523932,0.03404242326523932
Adjacent Node IP Address Ping Failure,UMTS Cell MC-HSDPA Function Fault,-6,0.0205712277693945,0.0205712277693945
Adjacent Node IP Address Ping Failure,UMTS Cell MC-HSDPA Function Fault,-5,0.02114553148812944,0.02114553148812944
Adjacent Node IP Address Ping Failure,UMTS Cell MC-HSDPA Function Fault,-4,0.021825572158478128,0.021825572158478128
Adjacent Node IP Address Ping Failure,UMTS Cell MC-HSDPA Function Fault,-3,0.04823349076055695,0.04823349076055695
Adjacent Node IP Address Ping Failure,UMTS Cell MC-HSDPA Function Fault,-2,0.05814356271106664,0.05814356271106664
Adjacent Node IP Address Ping Failure,UMTS Cell MC-HSDPA Function Fault,-1,0.043174396118588004,0.043174396118588004
Adjacent Node IP Address Ping Failure,UMTS Cell MC-HSDPA Function Fault,0,0.13935717311532983,0.13935717311532983
Adjacent Node IP Address Ping Failure,UMTS Cell MC-HSDPA Function Fault,1,0.022672804831227914,0.022672804831227914
Adjacent Node IP Address Ping Failure,UMTS Cell MC-HSDPA Function Fault,2,0.0016472538450331546,0.0016472538450331546
Adjacent Node IP Address Ping Failure,UMTS Cell MC-HSDPA Function Fault,3,0.010252085984353206,0.010252085984353206
Adjacent Node IP Address Ping Failure,UMTS Cell MC-HSDPA Function Fault,4,0.02403075578866625,0.02403075578866625
Adjacent Node IP Address Ping Failure,UMTS Cell MC-HSDPA Function Fault,5,0.06214329573311731,0.06214329573311731
Adjacent Node IP Address Ping Failure,UMTS Cell MC-HSDPA Function Fault,6,0.07544553434194617,0.07544553434194617
Adjacent Node IP Address Ping Failure,UMTS Cell MC-HSDPA Function Fault,7,0.10434010116520136,0.10434010116520136
Adjacent Node IP Address Ping Failure,UMTS Cell MC-HSDPA Function Fault,8,0.13419423165829078,0.13419423165829078
Adjacent Node IP Address Ping Failure,UMTS Cell MC-HSDPA Function Fault,9,0.15023126166091072,0.15023126166091072
Adjacent Node IP Address Ping Failure,UMTS Cell MC-HSDPA Function Fault,10,0.15470702311419224,0.15470702311419224
Adjacent Node IP Address Ping Failure,UMTS Cell MC-HSDPA Function Fault,11,0.1507218428070519,0.1507218428070519
Adjacent Node IP Address Ping Failure,UMTS Cell MC-HSDPA Function Fault,12,0.13185704064814566,0.13185704064814566
Adjacent Node IP Address Ping Failure,UMTS Cell Unavailable,-12,0.08234229496975913,0.08234229496975913
Adjacent Node IP Address Ping Failure,UMTS Cell Unavailable,-11,0.06972015844301405,0.06972015844301405
Adjacent Node IP Address Ping Failure,UMTS Cell Unavailable,-10,0.08429876095859808,0.08429876095859808
Adjacent Node IP Address Ping Failure,UMTS Cell Unavailable,-9,0.0753700626061946,0.0753700626061946
Adjacent Node IP Address Ping Failure,UMTS Cell Unavailable,-8,0.07288756753683942,0.07288756753683942
Adjacent Node IP Address Ping Failure,UMTS Cell Unavailable,-7,0.07275401064481271,0.07275401064481271
Adjacent Node IP Address Ping Failure,UMTS Cell Unavailable,-6,0.07688041347790854,0.07688041347790854
Adjacent Node IP Address Ping Failure,UMTS Cell Unavailable,-5,0.09430930115169063,0.09430930115169063
Adjacent Node IP Address Ping Failure,UMTS Cell Unavailable,-4,0.0832849986511096,0.0832849986511096
Adjacent Node IP Address Ping Failure,UMTS Cell Unavailable,-3,0.11143880378441968,0.11143880378441968
Adjacent Node IP Address Ping Failure,UMTS Cell Unavailable,-2,0.133923872957389,0.133923872957389
Adjacent Node IP Address Ping Failure,UMTS Cell Unavailable,-1,0.1308679872850056,0.1308679872850056
Adjacent Node IP Address Ping Failure,UMTS Cell Unavailable,0,0.8089597364213482,0.8089597364213482
Adjacent Node IP Address Ping Failure,UMTS Cell Unavailable,1,0.15366115893456045,0.15366115893456045
Adjacent Node IP Address Ping Failure,UMTS Cell Unavailable,2,0.12417568242027882,0.12417568242027882
Adjacent Node IP Address Ping Failure,UMTS Cell Unavailable,3,0.11574042553681606,0.11574042553681606
Adjacent Node IP Address Ping Failure,UMTS Cell Unavailable,4,0.08442830691540276,0.08442830691540276
Adjacent Node IP Address Ping Failure,UMTS Cell Unavailable,5,0.09132798134476701,0.09132798134476701
Adjacent Node IP Address Ping Failure,UMTS Cell Unavailable,6,0.07629279156751831,0.07629279156751831
Adjacent Node IP Address Ping Failure,UMTS Cell Unavailable,7,0.07451636904942839,0.07451636904942839
Adjacent Node IP Address Ping Failure,UMTS Cell Unavailable,8,0.07999551339216648,0.07999551339216648
Adjacent Node IP Address Ping Failure,UMTS Cell Unavailable,9,0.07102008385598259,0.07102008385598259
Adjacent Node IP Address Ping Failure,UMTS Cell Unavailable,10,0.07385624725667601,0.07385624725667601
Adjacent Node IP Address Ping Failure,UMTS Cell Unavailable,11,0.0694794492591866,0.0694794492591866
Adjacent Node IP Address Ping Failure,UMTS Cell Unavailable,12,0.10043813015050143,0.10043813015050143
Adjacent Node IP Address Ping Failure,User Plane Fault,-12,0.1533873733609223,0.1533873733609223
Adjacent Node IP Address Ping Failure,User Plane Fault,-11,0.1390074834337266,0.1390074834337266
Adjacent Node IP Address Ping Failure,User Plane Fault,-10,0.1766741105739204,0.1766741105739204
Adjacent Node IP Address Ping Failure,User Plane Fault,-9,0.145197459833954,0.145197459833954
Adjacent Node IP Address Ping Failure,User Plane Fault,-8,0.13580425350180597,0.13580425350180597
Adjacent Node IP Address Ping Failure,User Plane Fault,-7,0.1460713868529703,0.1460713868529703
Adjacent Node IP Address Ping Failure,User Plane Fault,-6,0.15419616355720603,0.15419616355720603
Adjacent Node IP Address Ping Failure,User Plane Fault,-5,0.17531138815920236,0.17531138815920236
Adjacent Node IP Address Ping Failure,User Plane Fault,-4,0.17642501771549435,0.17642501771549435
Adjacent Node IP Address Ping Failure,User Plane Fault,-3,0.20030563797662004,0.20030563797662004
Adjacent Node IP Address Ping Failure,User Plane Fault,-2,0.23412006882406167,0.23412006882406167
Adjacent Node IP Address Ping Failure,User Plane Fault,-1,0.22687509723599247,0.22687509723599247
Adjacent Node IP Address Ping Failure,User Plane Fault,0,0.5990932295392914,0.5990932295392914
Adjacent Node IP Address Ping Failure,User Plane Fault,1,0.2580554002527322,0.2580554002527322
Adjacent Node IP Address Ping Failure,User Plane Fault,2,0.23643252276209836,0.23643252276209836
Adjacent Node IP Address Ping Failure,User Plane Fault,3,0.2095337070499452,0.2095337070499452
Adjacent Node IP Address Ping Failure,User Plane Fault,4,0.17044053805460696,0.17044053805460696
Adjacent Node IP Address Ping Failure,User Plane Fault,5,0.17394209391616006,0.17394209391616006
Adjacent Node IP Address Ping Failure,User Plane Fault,6,0.14581889142506393,0.14581889142506393
Adjacent Node IP Address Ping Failure,User Plane Fault,7,0.1472987806815985,0.1472987806815985
Adjacent Node IP Address Ping Failure,User Plane Fault,8,0.14117167561301464,0.14117167561301464
Adjacent Node IP Address Ping Failure,User Plane Fault,9,0.14136711627385873,0.14136711627385873
Adjacent Node IP Address Ping Failure,User Plane Fault,10,0.15522794690484407,0.15522794690484407
Adjacent Node IP Address Ping Failure,User Plane Fault,11,0.12571878714464182,0.12571878714464182
Adjacent Node IP Address Ping Failure,User Plane Fault,12,0.12498112556574778,0.12498112556574778
Adjacent Node IP Address Ping Failure,X2 Interface Fault,-12,0.153255151954094,0.153255151954094
Adjacent Node IP Address Ping Failure,X2 Interface Fault,-11,0.14234174966578123,0.14234174966578123
Adjacent Node IP Address Ping Failure,X2 Interface Fault,-10,0.1536503063188559,0.1536503063188559
Adjacent Node IP Address Ping Failure,X2 Interface Fault,-9,0.1345189611235984,0.1345189611235984
Adjacent Node IP Address Ping Failure,X2 Interface Fault,-8,0.12023165103223879,0.12023165103223879
Adjacent Node IP Address Ping Failure,X2 Interface Fault,-7,0.13098129670447764,0.13098129670447764
Adjacent Node IP Address Ping Failure,X2 Interface Fault,-6,0.14733341793263965,0.14733341793263965
Adjacent Node IP Address Ping Failure,X2 Interface Fault,-5,0.1685755538750472,0.1685755538750472
Adjacent Node IP Address Ping Failure,X2 Interface Fault,-4,0.17714555507943539,0.17714555507943539
Adjacent Node IP Address Ping Failure,X2 Interface Fault,-3,0.19175000213605614,0.19175000213605614
Adjacent Node IP Address Ping Failure,X2 Interface Fault,-2,0.22046135134717582,0.22046135134717582
Adjacent Node IP Address Ping Failure,X2 Interface Fault,-1,0.22875111584818783,0.22875111584818783
Adjacent Node IP Address Ping Failure,X2 Interface Fault,0,0.5011307783498895,0.5011307783498895
Adjacent Node IP Address Ping Failure,X2 Interface Fault,1,0.26994583396928934,0.26994583396928934
Adjacent Node IP Address Ping Failure,X2 Interface Fault,2,0.23244099399150978,0.23244099399150978
Adjacent Node IP Address Ping Failure,X2 Interface Fault,3,0.21635485557138273,0.21635485557138273
Adjacent Node IP Address Ping Failure,X2 Interface Fault,4,0.17891736236996564,0.17891736236996564
Adjacent Node IP Address Ping Failure,X2 Interface Fault,5,0.16688896442063292,0.16688896442063292
Adjacent Node IP Address Ping Failure,X2 Interface Fault,6,0.14446404800289941,0.14446404800289941
Adjacent Node IP Address Ping Failure,X2 Interface Fault,7,0.14121536166553933,0.14121536166553933
Adjacent Node IP Address Ping Failure,X2 Interface Fault,8,0.13176844342360025,0.13176844342360025
Adjacent Node IP Address Ping Failure,X2 Interface Fault,9,0.12729709920530846,0.12729709920530846
Adjacent Node IP Address Ping Failure,X2 Interface Fault,10,0.1303510050116641,0.1303510050116641
Adjacent Node IP Address Ping Failure,X2 Interface Fault,11,0.11759656697033369,0.11759656697033369
Adjacent Node IP Address Ping Failure,X2 Interface Fault,12,0.1152952866692191,0.1152952866692191
Cell Blocked,Cell Outage,-12,0.017446024761431776,0.017446024761431776
Cell Blocked,Cell Outage,-11,0.01929055263119039,0.01929055263119039
Cell Blocked,Cell Outage,-10,0.036538085857779,0.036538085857779
Cell Blocked,Cell Outage,-9,0.06192672061912062,0.06192672061912062
Cell Blocked,Cell Outage,-8,0.06588134488509355,0.06588134488509355
Cell Blocked,Cell Outage,-7,0.07440410247451093,0.07440410247451093
Cell Blocked,Cell Outage,-6,0.08412878291124908,0.08412878291124908
Cell Blocked,Cell Outage,-5,0.10508267195499844,0.10508267195499844
Cell Blocked,Cell Outage,-4,0.0856142105000919,0.0856142105000919
Cell Blocked,Cell Outage,-3,0.08549480704106632,0.08549480704106632
Cell Blocked,Cell Outage,-2,0.0932035456062903,0.0932035456062903
Cell Blocked,Cell Outage,-1,0.09185460919185429,0.09185460919185429
Cell Blocked,Cell Outage,0,0.0977360193222372,0.0977360193222372
Cell Blocked,Cell Outage,1,0.0905496507074775,0.0905496507074775
Cell Blocked,Cell Outage,2,0.09452344909275676,0.09452344909275676
Cell Blocked,Cell Outage,3,0.06559926027167325,0.06559926027167325
Cell Blocked,Cell Outage,4,0.061752055560917514,0.061752055560917514
Cell Blocked,Cell Outage,5,0.04206227567557427,0.04206227567557427
Cell Blocked,Cell Outage,6,0.03844825258235564,0.03844825258235564
Cell Blocked,Cell Outage,7,0.02252862879622236,0.02252862879622236
Cell Blocked,Cell Outage,8,0.006008097233742212,0.006008097233742212
Cell Blocked,Cell Outage,9,0.003952395899082169,0.003952395899082169
Cell Blocked,Cell Outage,10,0.002799292076916323,0.002799292076916323
Cell Blocked,Cell Outage,11,0.009853966842409984,0.009853966842409984
Cell Blocked,Cell Outage,12,0.016328953488153195,0.016328953488153195
Cell Blocked,Cell RX Channel Interference Noise Power Unbalanced,-12,0.05889410056891061,0.05889410056891061
Cell Blocked,Cell RX Channel Interference Noise Power Unbalanced,-11,0.0606121776223491,0.0606121776223491
Cell Blocked,Cell RX Channel Interference Noise Power Unbalanced,-10,0.08025893382185045,0.08025893382185045
Cell Blocked,Cell RX Channel Interference Noise Power Unbalanced,-9,0.08928340532635212,0.08928340532635212
Cell Blocked,Cell RX Channel Interference Noise Power Unbalanced,-8,0.09739470233828432,0.09739470233828432
Cell Blocked,Cell RX Channel Interference Noise Power Unbalanced,-7,0.10767335601192314,0.10767335601192314
Cell Blocked,Cell RX Channel Interference Noise Power Unbalanced,-6,0.1040083293924986,0.1040083293924986
Cell Blocked,Cell RX Channel Interference Noise Power Unbalanced,-5,0.11776988280160762,0.11776988280160762
Cell Blocked,Cell RX Channel Interference Noise Power Unbalanced,-4,0.12518710793661258,0.12518710793661258
Cell Blocked,Cell RX Channel Interference Noise Power Unbalanced,-3,0.12208933737523968,0.12208933737523968
Cell Blocked,Cell RX Channel Interference Noise Power Unbalanced,-2,0.13229256691222505,0.13229256691222505
Cell Blocked,Cell RX Channel Interference Noise Power Unbalanced,-1,0.12368534518073182,0.12368534518073182
Cell Blocked,Cell RX Channel Interference Noise Power Unbalanced,0,0.1259021430153667,0.1259021430153667
Cell Blocked,Cell RX Channel Interference Noise Power Unbalanced,1,0.11413256591468035,0.11413256591468035
Cell Blocked,Cell RX Channel Interference Noise Power Unbalanced,2,0.1230876879446973,0.1230876879446973
Cell Blocked,Cell RX Channel Interference Noise Power Unbalanced,3,0.10958180829218586,0.10958180829218586
Cell Blocked,Cell RX Channel Interference Noise Power Unbalanced,4,0.07844630344857818,0.07844630344857818
Cell Blocked,Cell RX Channel Interference Noise Power Unbalanced,5,0.0793132149761908,0.0793132149761908
Cell Blocked,Cell RX Channel Interference Noise Power Unbalanced,6,0.07955115312246276,0.07955115312246276
Cell Blocked,Cell RX Channel Interference Noise Power Unbalanced,7,0.0615759288347343,0.0615759288347343
Cell Blocked,Cell RX Channel Interference Noise Power Unbalanced,8,0.06437951573816497,0.06437951573816497
Cell Blocked,Cell RX Channel Interference Noise Power Unbalanced,9,0.036301176167128024,0.036301176167128024
Cell Blocked,Cell RX Channel Interference Noise Power Unbalanced,10,0.04448043645114116,0.04448043645114116
Cell Blocked,Cell RX Channel Interference Noise Power Unbalanced,11,0.040248796217452344,0.040248796217452344
Cell Blocked,Cell RX Channel Interference Noise Power Unbalanced,12,0.05091033889694806,0.05091033889694806
Cell Blocked,Cell Unavailable,-12,0.006511461583895638,0.006511461583895638
Cell Blocked,Cell Unavailable,-11,-0.004517548590639545,0.004517548590639545
Cell Blocked,Cell Unavailable,-10,0.005562175528462467,0.005562175528462467
Cell Blocked,Cell Unavailable,-9,0.02986519564610623,0.02986519564610623
Cell Blocked,Cell Unavailable,-8,0.019985402807929254,0.019985402807929254
Cell Blocked,Cell Unavailable,-7,0.023536377633433872,0.023536377633433872
Cell Blocked,Cell Unavailable,-6,0.03382170267672839,0.03382170267672839
Cell Blocked,Cell Unavailable,-5,0.060373813542456516,0.060373813542456516
Cell Blocked,Cell Unavailable,-4,0.03862883915528527,0.03862883915528527
Cell Blocked,Cell Unavailable,-3,0.0461260371904782,0.0461260371904782
Cell Blocked,Cell Unavailable,-2,0.055785303483733346,0.055785303483733346
Cell Blocked,Cell Unavailable,-1,0.07991088937743332,0.07991088937743332
Cell Blocked,Cell Unavailable,0,0.08685955120601228,0.08685955120601228
Cell Blocked,Cell Unavailable,1,0.08026688154763917,0.08026688154763917
Cell Blocked,Cell Unavailable,2,0.07908016881340119,0.07908016881340119
Cell Blocked,Cell Unavailable,3,0.07487131682794543,0.07487131682794543
Cell Blocked,Cell Unavailable,4,0.0792393417112717,0.0792393417112717
Cell Blocked,Cell Unavailable,5,0.06313202202042852,0.06313202202042852
Cell Blocked,Cell Unavailable,6,0.05211090754783342,0.05211090754783342
Cell Blocked,Cell Unavailable,7,0.025230084880778568,0.025230084880778568
Cell Blocked,Cell Unavailable,8,0.016952592837417648,0.016952592837417648
Cell Blocked,Cell Unavailable,9,0.012021918876002092,0.012021918876002092
Cell Blocked,Cell Unavailable,10,0.01931106235355333,0.01931106235355333
Cell Blocked,Cell Unavailable,11,0.004113179416781014,0.004113179416781014
Cell Blocked,Cell Unavailable,12,0.003926076243124499,0.003926076243124499
Cell Blocked,Commercial Power Down (Main Power Down),-12,0.03474753244731138,0.03474753244731138
Cell Blocked,Commercial Power Down (Main Power Down),-11,0.00819899248792806,0.00819899248792806
Cell Blocked,Commercial Power Down (Main Power Down),-10,0.001216314321509154,0.001216314321509154
Cell Blocked,Commercial Power Down (Main Power Down),-9,-7.938286745122327e-05,7.938286745122327e-05
Cell Blocked,Commercial Power Down (Main Power Down),-8,0.00023570581896538437,0.00023570581896538437
Cell Blocked,Commercial Power Down (Main Power Down),-7,-0.000613605276986725,0.000613605276986725
Cell Blocked,Commercial Power Down (Main Power Down),-6,0.011073207405742325,0.011073207405742325
Cell Blocked,Commercial Power Down (Main Power Down),-5,0.04141948531370312,0.04141948531370312
Cell Blocked,Commercial Power Down (Main Power Down),-4,0.04250402335881588,0.04250402335881588
Cell Blocked,Commercial Power Down (Main Power Down),-3,0.067371465349916,0.067371465349916
Cell Blocked,Commercial Power Down (Main Power Down),-2,0.07841921851157226,0.07841921851157226
Cell Blocked,Commercial Power Down (Main Power Down),-1,0.12413205931066425,0.12413205931066425
Cell Blocked,Commercial Power Down (Main Power Down),0,0.15893200265054921,0.15893200265054921
Cell Blocked,Commercial Power Down (Main Power Down),1,0.158054657641846,0.158054657641846
Cell Blocked,Commercial Power Down (Main Power Down),2,0.1539622850264096,0.1539622850264096
Cell Blocked,Commercial Power Down (Main Power Down),3,0.16042795154703923,0.16042795154703923
Cell Blocked,Commercial Power Down (Main Power Down),4,0.15369822244471287,0.15369822244471287
Cell Blocked,Commercial Power Down (Main Power Down),5,0.14900081786970967,0.14900081786970967
Cell Blocked,Commercial Power Down (Main Power Down),6,0.13526288505939882,0.13526288505939882
Cell Blocked,Commercial Power Down (Main Power Down),7,0.12363497808815117,0.12363497808815117
Cell Blocked,Commercial Power Down (Main Power Down),8,0.08970484924264527,0.08970484924264527
Cell Blocked,Commercial Power Down (Main Power Down),9,0.06295373627493346,0.06295373627493346
Cell Blocked,Commercial Power Down (Main Power Down),10,0.04489383903937395,0.04489383903937395
Cell Blocked,Commercial Power Down (Main Power Down),11,0.036727178411665166,0.036727178411665166
Cell Blocked,Commercial Power Down (Main Power Down),12,0.021502669091120637,0.021502669091120637
Cell Blocked,Core CPU Overload,-12,-0.05904979059387939,0.05904979059387939
Cell Blocked,Core CPU Overload,-11,-0.0527591789782432,0.0527591789782432
Cell Blocked,Core CPU Overload,-10,-0.036769218269059864,0.036769218269059864
Cell Blocked,Core CPU Overload,-9,-0.01993964446215274,0.01993964446215274
Cell Blocked,Core CPU Overload,-8,0.010133529442458338,0.010133529442458338
Cell Blocked,Core CPU Overload,-7,0.033352006137180513,0.033352006137180513
Cell Blocked,Core CPU Overload,-6,0.050266710504496596,0.050266710504496596
Cell Blocked,Core CPU Overload,-5,0.09400340033603583,0.09400340033603583
Cell Blocked,Core CPU Overload,-4,0.11775564165874346,0.11775564165874346
Cell Blocked,Core CPU Overload,-3,0.17371917230784995,0.17371917230784995
Cell Blocked,Core CPU Overload,-2,0.21110109149051448,0.21110109149051448
Cell Blocked,Core CPU Overload,-1,0.2274814070135391,0.2274814070135391
Cell Blocked,Core CPU Overload,0,0.21806575686010216,0.21806575686010216
Cell Blocked,Core CPU Overload,1,0.19011857930924897,0.19011857930924897
Cell Blocked,Core CPU Overload,2,0.18019969342586645,0.18019969342586645
Cell Blocked,Core CPU Overload,3,0.1689606124064706,0.1689606124064706
Cell Blocked,Core CPU Overload,4,0.15104386371868145,0.15104386371868145
Cell Blocked,Core CPU Overload,5,0.11109405369663262,0.11109405369663262
Cell Blocked,Core CPU Overload,6,0.07740888762933627,0.07740888762933627
Cell Blocked,Core CPU Overload,7,0.026774568376179968,0.026774568376179968
Cell Blocked,Core CPU Overload,8,-0.004901626177501066,0.004901626177501066
Cell Blocked,Core CPU Overload,9,-0.021454534105980482,0.021454534105980482
Cell Blocked,Core CPU Overload,10,-0.05411331913183415,0.05411331913183415
Cell Blocked,Core CPU Overload,11,-0.05742826508113402,0.05742826508113402
Cell Blocked,Core CPU Overload,12,-0.06703400945375064,0.06703400945375064
Cell Blocked,E1/T1 Excessive Bit Error Rate,-12,0.03857790165254781,0.03857790165254781
Cell Blocked,E1/T1 Excessive Bit Error Rate,-11,0.05428622100420862,0.05428622100420862
Cell Blocked,E1/T1 Excessive Bit Error Rate,-10,0.027704550862703115,0.027704550862703115
Cell Blocked,E1/T1 Excessive Bit Error Rate,-9,0.016227516048246356,0.016227516048246356
Cell Blocked,E1/T1 Excessive Bit Error Rate,-8,0.026228164878728942,0.026228164878728942
Cell Blocked,E1/T1 Excessive Bit Error Rate,-7,0.031032837082906196,0.031032837082906196
Cell Blocked,E1/T1 Excessive Bit Error Rate,-6,0.031443774303372335,0.031443774303372335
Cell Blocked,E1/T1 Excessive Bit Error Rate,-5,0.025493539968143953,0.025493539968143953
Cell Blocked,E1/T1 Excessive Bit Error Rate,-4,0.017893135975706343,0.017893135975706343
Cell Blocked,E1/T1 Excessive Bit Error Rate,-3,0.04434417991475147,0.04434417991475147
Cell Blocked,E1/T1 Excessive Bit Error Rate,-2,0.03745822472830114,0.03745822472830114
Cell Blocked,E1/T1 Excessive Bit Error Rate,-1,0.05562849325744418,0.05562849325744418
Cell Blocked,E1/T1 Excessive Bit Error Rate,0,0.06572006399067422,0.06572006399067422
Cell Blocked,E1/T1 Excessive Bit Error Rate,1,0.05468181716772947,0.05468181716772947
Cell Blocked,E1/T1 Excessive Bit Error Rate,2,0.054759718356538846,0.054759718356538846
Cell Blocked,E1/T1 Excessive Bit Error Rate,3,0.04973260644183894,0.04973260644183894
Cell Blocked,E1/T1 Excessive Bit Error Rate,4,0.04370274470985438,0.04370274470985438
Cell Blocked,E1/T1 Excessive Bit Error Rate,5,0.04528530284315917,0.04528530284315917
Cell Blocked,E1/T1 Excessive Bit Error Rate,6,0.047580591741700394,0.047580591741700394
Cell Blocked,E1/T1 Excessive Bit Error Rate,7,0.03222715922265637,0.03222715922265637
Cell Blocked,E1/T1 Excessive Bit Error Rate,8,0.04049720548668804,0.04049720548668804
Cell Blocked,E1/T1 Excessive Bit Error Rate,9,0.03370434205007746,0.03370434205007746
Cell Blocked,E1/T1 Excessive Bit Error Rate,10,0.030149798905206096,0.030149798905206096
Cell Blocked,E1/T1 Excessive Bit Error Rate,11,0.03357908976341483,0.03357908976341483
Cell Blocked,E1/T1 Excessive Bit Error Rate,12,0.01737169323717915,0.01737169323717915
Cell Blocked,External Clock Reference Problem,-12,-0.007469465149093606,0.007469465149093606
Cell Blocked,External Clock Reference Problem,-11,-0.0036143022259722698,0.0036143022259722698
Cell Blocked,External Clock Reference Problem,-10,-0.0006432019833695395,0.0006432019833695395
Cell Blocked,External Clock Reference Problem,-9,-0.01375189223430086,0.01375189223430086
Cell Blocked,External Clock Reference Problem,-8,-0.006243883568496633,0.006243883568496633
Cell Blocked,External Clock Reference Problem,-7,0.01184971021727384,0.01184971021727384
Cell Blocked,External Clock Reference Problem,-6,0.04393727239865852,0.04393727239865852
Cell Blocked,External Clock Reference Problem,-5,0.02266025489697651,0.02266025489697651
Cell Blocked,External Clock Reference Problem,-4,0.017455792356602398,0.017455792356602398
Cell Blocked,External Clock Reference Problem,-3,0.029534347196556017,0.029534347196556017
Cell Blocked,External Clock Reference Problem,-2,0.051059946111515694,0.051059946111515694
Cell Blocked,External Clock Reference Problem,-1,0.05310091579098751,0.05310091579098751
Cell Blocked,External Clock Reference Problem,0,0.0738868705821277,0.0738868705821277
Cell Blocked,External Clock Reference Problem,1,0.051238031667150144,0.051238031667150144
Cell Blocked,External Clock Reference Problem,2,0.04958798460001573,0.04958798460001573
Cell Blocked,External Clock Reference Problem,3,0.04938291181777073,0.04938291181777073
Cell Blocked,External Clock Reference Problem,4,0.0497954758615154,0.0497954758615154
Cell Blocked,External Clock Reference Problem,5,0.03668008064263002,0.03668008064263002
Cell Blocked,External Clock Reference Problem,6,0.03941144499730825,0.03941144499730825
Cell Blocked,External Clock Reference Problem,7,0.028724204892151075,0.028724204892151075
Cell Blocked,External Clock Reference Problem,8,0.012330667740468527,0.012330667740468527
Cell Blocked,External Clock Reference Problem,9,0.007577802865559547,0.007577802865559547
Cell Blocked,External Clock Reference Problem,10,0.0027641415734381935,0.0027641415734381935
Cell Blocked,External Clock Reference Problem,11,0.007108064658942147,0.007108064658942147
Cell Blocked,External Clock Reference Problem,12,-0.004331434524422242,0.004331434524422242
Cell Blocked,GSM Cell out of Service,-12,0.013839380906132685,0.013839380906132685
Cell Blocked,GSM Cell out of Service,-11,0.034156739391489006,0.034156739391489006
Cell Blocked,GSM Cell out of Service,-10,0.024324005862630404,0.024324005862630404
Cell Blocked,GSM Cell out of Service,-9,0.027568367011644973,0.027568367011644973
Cell Blocked,GSM Cell out of Service,-8,0.04508328009567848,0.04508328009567848
Cell Blocked,GSM Cell out of Service,-7,0.03052006265364588,0.03052006265364588
Cell Blocked,GSM Cell out of Service,-6,0.05201792850688819,0.05201792850688819
Cell Blocked,GSM Cell out of Service,-5,0.05379075488098449,0.05379075488098449
Cell Blocked,GSM Cell out of Service,-4,0.03163071253365586,0.03163071253365586
Cell Blocked,GSM Cell out of Service,-3,0.05200534109366226,0.05200534109366226
Cell Blocked,GSM Cell out of Service,-2,0.0679894486797293,0.0679894486797293
Cell Blocked,GSM Cell out of Service,-1,0.07009329207460738,0.07009329207460738
Cell Blocked,GSM Cell out of Service,0,0.09653990847215407,0.09653990847215407
Cell Blocked,GSM Cell out of Service,1,0.08870183435236101,0.08870183435236101
Cell Blocked,GSM Cell out of Service,2,0.0801022720838153,0.0801022720838153
Cell Blocked,GSM Cell out of Service,3,0.07406526071001188,0.07406526071001188
Cell Blocked,GSM Cell out of Service,4,0.07203444509755148,0.07203444509755148
Cell Blocked,GSM Cell out of Service,5,0.05449762468905369,0.05449762468905369
Cell Blocked,GSM Cell out of Service,6,0.04706993357321541,0.04706993357321541
Cell Blocked,GSM Cell out of Service,7,0.04183000073264578,0.04183000073264578
Cell Blocked,GSM Cell out of Service,8,0.038381729145829296,0.038381729145829296
Cell Blocked,GSM Cell out of Service,9,0.022944832332950936,0.022944832332950936
Cell Blocked,GSM Cell out of Service,10,0.023768607110220535,0.023768607110220535
Cell Blocked,GSM Cell out of Service,11,0.02557115319268685,0.02557115319268685
Cell Blocked,GSM Cell out of Service,12,0.018844713970971226,0.018844713970971226
Cell Blocked,GTPC Tunnel Path Broken,-12,0.015925947623630227,0.015925947623630227
Cell Blocked,GTPC Tunnel Path Broken,-11,0.012667900552219554,0.012667900552219554
Cell Blocked,GTPC Tunnel Path Broken,-10,0.023036563604211028,0.023036563604211028
Cell Blocked,GTPC Tunnel Path Broken,-9,0.04045340065672804,0.04045340065672804
Cell Blocked,GTPC Tunnel Path Broken,-8,0.04727522602130894,0.04727522602130894
Cell Blocked,GTPC Tunnel Path Broken,-7,0.05079098554072482,0.05079098554072482
Cell Blocked,GTPC Tunnel Path Broken,-6,0.0550829598869428,0.0550829598869428
Cell Blocked,GTPC Tunnel Path Broken,-5,0.07822976408321278,0.07822976408321278
Cell Blocked,GTPC Tunnel Path Broken,-4,0.0621300457615762,0.0621300457615762
Cell Blocked,GTPC Tunnel Path Broken,-3,0.08705896602315147,0.08705896602315147
Cell Blocked,GTPC Tunnel Path Broken,-2,0.07253706020061182,0.07253706020061182
Cell Blocked,GTPC Tunnel Path Broken,-1,0.08752952332247209,0.08752952332247209
Cell Blocked,GTPC Tunnel Path Broken,0,0.07251093849694859,0.07251093849694859
Cell Blocked,GTPC Tunnel Path Broken,1,0.05492254572027622,0.05492254572027622
Cell Blocked,GTPC Tunnel Path Broken,2,0.05906202105101087,0.05906202105101087
Cell Blocked,GTPC Tunnel Path Broken,3,0.042503326223541284,0.042503326223541284
Cell Blocked,GTPC Tunnel Path Broken,4,0.034900452516994945,0.034900452516994945
Cell Blocked,GTPC Tunnel Path Broken,5,0.0417463534649139,0.0417463534649139
Cell Blocked,GTPC Tunnel Path Broken,6,0.024348212877783038,0.024348212877783038
Cell Blocked,GTPC Tunnel Path Broken,7,0.012590695596121897,0.012590695596121897
Cell Blocked,GTPC Tunnel Path Broken,8,0.014023184154177033,0.014023184154177033
Cell Blocked,GTPC Tunnel Path Broken,9,-0.002483012461042511,0.002483012461042511
Cell Blocked,GTPC Tunnel Path Broken,10,0.008088701177491662,0.008088701177491662
Cell Blocked,GTPC Tunnel Path Broken,11,0.005487865786179005,0.005487865786179005
Cell Blocked,GTPC Tunnel Path Broken,12,0.010442120391576359,0.010442120391576359
Cell Blocked,High Temperature (35Â°),-12,0.015486083380415207,0.015486083380415207
Cell Blocked,High Temperature (35Â°),-11,0.0016285598393968516,0.0016285598393968516
Cell Blocked,High Temperature (35Â°),-10,0.0052714946711346425,0.0052714946711346425
Cell Blocked,High Temperature (35Â°),-9,0.0076933009520559256,0.0076933009520559256
Cell Blocked,High Temperature (35Â°),-8,0.014498558938488164,0.014498558938488164
Cell Blocked,High Temperature (35Â°),-7,0.03242487211123153,0.03242487211123153
Cell Blocked,High Temperature (35Â°),-6,0.043730671909479144,0.043730671909479144
Cell Blocked,High Temperature (35Â°),-5,0.08156908148300623,0.08156908148300623
Cell Blocked,High Temperature (35Â°),-4,0.08378244883171929,0.08378244883171929
Cell Blocked,High Temperature (35Â°),-3,0.11133948631329668,0.11133948631329668
Cell Blocked,High Temperature (35Â°),-2,0.14091808143823625,0.14091808143823625
Cell Blocked,High Temperature (35Â°),-1,0.1741726552557449,0.1741726552557449
Cell Blocked,High Temperature (35Â°),0,0.19935686959413934,0.19935686959413934
Cell Blocked,High Temperature (35Â°),1,0.20183887792488414,0.20183887792488414
Cell Blocked,High Temperature (35Â°),2,0.22958523050254762,0.22958523050254762
Cell Blocked,High Temperature (35Â°),3,0.20445421977867373,0.20445421977867373
Cell Blocked,High Temperature (35Â°),4,0.19848187462322048,0.19848187462322048
Cell Blocked,High Temperature (35Â°),5,0.18347901473905964,0.18347901473905964
Cell Blocked,High Temperature (35Â°),6,0.17179840160668092,0.17179840160668092
Cell Blocked,High Temperature (35Â°),7,0.132971153264277,0.132971153264277
Cell Blocked,High Temperature (35Â°),8,0.1008178689775628,0.1008178689775628
Cell Blocked,High Temperature (35Â°),9,0.07129985726165992,0.07129985726165992
Cell Blocked,High Temperature (35Â°),10,0.04350236622916691,0.04350236622916691
Cell Blocked,High Temperature (35Â°),11,0.027563463451992006,0.027563463451992006
Cell Blocked,High Temperature (35Â°),12,0.005220911159518153,0.005220911159518153
Cell Blocked,IP PM Activation Failure,-12,-0.011003265049962104,0.011003265049962104
Cell Blocked,IP PM Activation Failure,-11,-0.004866867221214288,0.004866867221214288
Cell Blocked,IP PM Activation Failure,-10,0.001581067946998135,0.001581067946998135
Cell Blocked,IP PM Activation Failure,-9,0.009736671879031503,0.009736671879031503
Cell Blocked,IP PM Activation Failure,-8,0.00919154411859887,0.00919154411859887
Cell Blocked,IP PM Activation Failure,-7,0.005899477654153572,0.005899477654153572
Cell Blocked,IP PM Activation Failure,-6,0.015561020504084457,0.015561020504084457
Cell Blocked,IP PM Activation Failure,-5,0.008133502413624443,0.008133502413624443
Cell Blocked,IP PM Activation Failure,-4,0.004767350810306129,0.004767350810306129
Cell Blocked,IP PM Activation Failure,-3,0.01732717701432041,0.01732717701432041
Cell Blocked,IP PM Activation Failure,-2,0.01880190406291988,0.01880190406291988
Cell Blocked,IP PM Activation Failure,-1,0.018633409112002133,0.018633409112002133
Cell Blocked,IP PM Activation Failure,0,0.031300385988373196,0.031300385988373196
Cell Blocked,IP PM Activation Failure,1,0.02858504384152248,0.02858504384152248
Cell Blocked,IP PM Activation Failure,2,0.03711136975989553,0.03711136975989553
Cell Blocked,IP PM Activation Failure,3,0.03242957242456643,0.03242957242456643
Cell Blocked,IP PM Activation Failure,4,0.02391915296563606,0.02391915296563606
Cell Blocked,IP PM Activation Failure,5,0.015492876040210162,0.015492876040210162
Cell Blocked,IP PM Activation Failure,6,0.0007368186243241071,0.0007368186243241071
Cell Blocked,IP PM Activation Failure,7,0.009006063206523762,0.009006063206523762
Cell Blocked,IP PM Activation Failure,8,-0.0042589289662498305,0.0042589289662498305
Cell Blocked,IP PM Activation Failure,9,0.0018718819422612113,0.0018718819422612113
Cell Blocked,IP PM Activation Failure,10,-0.004427922177951816,0.004427922177951816
Cell Blocked,IP PM Activation Failure,11,-0.0017443607910795917,0.0017443607910795917
Cell Blocked,IP PM Activation Failure,12,0.013109045904375893,0.013109045904375893
Cell Blocked,Local Cell Unusable,-12,-0.023261708259065702,0.023261708259065702
Cell Blocked,Local Cell Unusable,-11,-0.027272751203242195,0.027272751203242195
Cell Blocked,Local Cell Unusable,-10,-0.023553830319037575,0.023553830319037575
Cell Blocked,Local Cell Unusable,-9,-0.013058002718415507,0.013058002718415507
Cell Blocked,Local Cell Unusable,-8,-0.00021229715765141253,0.00021229715765141253
Cell Blocked,Local Cell Unusable,-7,0.02203741586136751,0.02203741586136751
Cell Blocked,Local Cell Unusable,-6,0.044224870434533735,0.044224870434533735
Cell Blocked,Local Cell Unusable,-5,0.08053762189069724,0.08053762189069724
Cell Blocked,Local Cell Unusable,-4,0.08231066712106672,0.08231066712106672
Cell Blocked,Local Cell Unusable,-3,0.10473642243327687,0.10473642243327687
Cell Blocked,Local Cell Unusable,-2,0.1294535794356387,0.1294535794356387
Cell Blocked,Local Cell Unusable,-1,0.17511193518702248,0.17511193518702248
Cell Blocked,Local Cell Unusable,0,0.21278693627598896,0.21278693627598896
Cell Blocked,Local Cell Unusable,1,0.16166325254584735,0.16166325254584735
Cell Blocked,Local Cell Unusable,2,0.16379957610144696,0.16379957610144696
Cell Blocked,Local Cell Unusable,3,0.15426038650918594,0.15426038650918594
Cell Blocked,Local Cell Unusable,4,0.1419280125116951,0.1419280125116951
Cell Blocked,Local Cell Unusable,5,0.10800956427905553,0.10800956427905553
Cell Blocked,Local Cell Unusable,6,0.06635674443684063,0.06635674443684063
Cell Blocked,Local Cell Unusable,7,0.044393461902123815,0.044393461902123815
Cell Blocked,Local Cell Unusable,8,0.013340797199273571,0.013340797199273571
Cell Blocked,Local Cell Unusable,9,-0.0016657973465428212,0.0016657973465428212
Cell Blocked,Local Cell Unusable,10,-0.01033607220831864,0.01033607220831864
Cell Blocked,Local Cell Unusable,11,0.00045771448549010175,0.00045771448549010175
Cell Blocked,Local Cell Unusable,12,-0.029132528690503517,0.029132528690503517
Cell Blocked,Parallel Alarm Exceeds the Limit,-12,0.004496820484661669,0.004496820484661669
Cell Blocked,Parallel Alarm Exceeds the Limit,-11,0.02546598286245216,0.02546598286245216
Cell Blocked,Parallel Alarm Exceeds the Limit,-10,0.021916671034420635,0.021916671034420635
Cell Blocked,Parallel Alarm Exceeds the Limit,-9,0.021834897949474116,0.021834897949474116
Cell Blocked,Parallel Alarm Exceeds the Limit,-8,0.02714440933034772,0.02714440933034772
Cell Blocked,Parallel Alarm Exceeds the Limit,-7,0.006464575449168626,0.006464575449168626
Cell Blocked,Parallel Alarm Exceeds the Limit,-6,0.019409146670510996,0.019409146670510996
Cell Blocked,Parallel Alarm Exceeds the Limit,-5,0.042622209722120434,0.042622209722120434
Cell Blocked,Parallel Alarm Exceeds the Limit,-4,0.00933039196436753,0.00933039196436753
Cell Blocked,Parallel Alarm Exceeds the Limit,-3,0.022034258360906483,0.022034258360906483
Cell Blocked,Parallel Alarm Exceeds the Limit,-2,0.034657448047307644,0.034657448047307644
Cell Blocked,Parallel Alarm Exceeds the Limit,-1,0.023133942878956783,0.023133942878956783
Cell Blocked,Parallel Alarm Exceeds the Limit,0,0.046059018517182894,0.046059018517182894
Cell Blocked,Parallel Alarm Exceeds the Limit,1,0.040203297174451515,0.040203297174451515
Cell Blocked,Parallel Alarm Exceeds the Limit,2,0.02717828766588397,0.02717828766588397
Cell Blocked,Parallel Alarm Exceeds the Limit,3,0.02071842063201869,0.02071842063201869
Cell Blocked,Parallel Alarm Exceeds the Limit,4,0.014672003253129222,0.014672003253129222
Cell Blocked,Parallel Alarm Exceeds the Limit,5,0.01325500208240331,0.01325500208240331
Cell Blocked,Parallel Alarm Exceeds the Limit,6,0.018456275204577956,0.018456275204577956
Cell Blocked,Parallel Alarm Exceeds the Limit,7,0.016167397419593662,0.016167397419593662
Cell Blocked,Parallel Alarm Exceeds the Limit,8,0.011434888193045447,0.011434888193045447
Cell Blocked,Parallel Alarm Exceeds the Limit,9,0.011936686718576835,0.011936686718576835
Cell Blocked,Parallel Alarm Exceeds the Limit,10,0.005099041266626126,0.005099041266626126
Cell Blocked,Parallel Alarm Exceeds the Limit,11,0.014440602324294127,0.014440602324294127
Cell Blocked,Parallel Alarm Exceeds the Limit,12,0.012837363231349817,0.012837363231349817
Cell Blocked,RF Unit RX Channel RTWP/RSSI Unbalanced,-12,0.06033622704142657,0.06033622704142657
Cell Blocked,RF Unit RX Channel RTWP/RSSI Unbalanced,-11,0.05050343436234942,0.05050343436234942
Cell Blocked,RF Unit RX Channel RTWP/RSSI Unbalanced,-10,0.06768787482200145,0.06768787482200145
Cell Blocked,RF Unit RX Channel RTWP/RSSI Unbalanced,-9,0.0734778098940409,0.0734778098940409
Cell Blocked,RF Unit RX Channel RTWP/RSSI Unbalanced,-8,0.08253803145121812,0.08253803145121812
Cell Blocked,RF Unit RX Channel RTWP/RSSI Unbalanced,-7,0.09216878184601979,0.09216878184601979
Cell Blocked,RF Unit RX Channel RTWP/RSSI Unbalanced,-6,0.0859849337846825,0.0859849337846825
Cell Blocked,RF Unit RX Channel RTWP/RSSI Unbalanced,-5,0.09803139217442351,0.09803139217442351
Cell Blocked,RF Unit RX Channel RTWP/RSSI Unbalanced,-4,0.11579692227426483,0.11579692227426483
Cell Blocked,RF Unit RX Channel RTWP/RSSI Unbalanced,-3,0.10997157940650114,0.10997157940650114
Cell Blocked,RF Unit RX Channel RTWP/RSSI Unbalanced,-2,0.13859305164899072,0.13859305164899072
Cell Blocked,RF Unit RX Channel RTWP/RSSI Unbalanced,-1,0.1492474651849806,0.1492474651849806
Cell Blocked,RF Unit RX Channel RTWP/RSSI Unbalanced,0,0.15117197006733835,0.15117197006733835
Cell Blocked,RF Unit RX Channel RTWP/RSSI Unbalanced,1,0.16602236136161888,0.16602236136161888
Cell Blocked,RF Unit RX Channel RTWP/RSSI Unbalanced,2,0.16273730941184125,0.16273730941184125
Cell Blocked,RF Unit RX Channel RTWP/RSSI Unbalanced,3,0.1532445476506102,0.1532445476506102
Cell Blocked,RF Unit RX Channel RTWP/RSSI Unbalanced,4,0.18032106422629848,0.18032106422629848
Cell Blocked,RF Unit RX Channel RTWP/RSSI Unbalanced,5,0.16307746030353681,0.16307746030353681
Cell Blocked,RF Unit RX Channel RTWP/RSSI Unbalanced,6,0.15983849971042316,0.15983849971042316
Cell Blocked,RF Unit RX Channel RTWP/RSSI Unbalanced,7,0.1456498874199298,0.1456498874199298
Cell Blocked,RF Unit RX Channel RTWP/RSSI Unbalanced,8,0.12883162066471668,0.12883162066471668
Cell Blocked,RF Unit RX Channel RTWP/RSSI Unbalanced,9,0.10964924409208551,0.10964924409208551
Cell Blocked,RF Unit RX Channel RTWP/RSSI Unbalanced,10,0.09167389282184212,0.09167389282184212
Cell Blocked,RF Unit RX Channel RTWP/RSSI Unbalanced,11,0.061583544081189,0.061583544081189
Cell Blocked,RF Unit RX Channel RTWP/RSSI Unbalanced,12,0.05305696711489079,0.05305696711489079
Cell Blocked,RF Unit VSWR Threshold Crossed,-12,0.00944636553189454,0.00944636553189454
Cell Blocked,RF Unit VSWR Threshold Crossed,-11,0.002800334299054736,0.002800334299054736
Cell Blocked,RF Unit VSWR Threshold Crossed,-10,0.022107468078368137,0.022107468078368137
Cell Blocked,RF Unit VSWR Threshold Crossed,-9,0.027385945497266792,0.027385945497266792
Cell Blocked,RF Unit VSWR Threshold Crossed,-8,0.03366176063019338,0.03366176063019338
Cell Blocked,RF Unit VSWR Threshold Crossed,-7,0.04645266773875861,0.04645266773875861
Cell Blocked,RF Unit VSWR Threshold Crossed,-6,0.037908625354029224,0.037908625354029224
Cell Blocked,RF Unit VSWR Threshold Crossed,-5,0.09292253409072655,0.09292253409072655
Cell Blocked,RF Unit VSWR Threshold Crossed,-4,0.06647780306204655,0.06647780306204655
Cell Blocked,RF Unit VSWR Threshold Crossed,-3,0.09489130178949888,0.09489130178949888
Cell Blocked,RF Unit VSWR Threshold Crossed,-2,0.09910185922358498,0.09910185922358498
Cell Blocked,RF Unit VSWR Threshold Crossed,-1,0.1258058418513359,0.1258058418513359
Cell Blocked,RF Unit VSWR Threshold Crossed,0,0.12867136595371836,0.12867136595371836
Cell Blocked,RF Unit VSWR Threshold Crossed,1,0.13132800433573386,0.13132800433573386
Cell Blocked,RF Unit VSWR Threshold Crossed,2,0.1389117138405926,0.1389117138405926
Cell Blocked,RF Unit VSWR Threshold Crossed,3,0.12879872434985898,0.12879872434985898
Cell Blocked,RF Unit VSWR Threshold Crossed,4,0.09793790394799766,0.09793790394799766
Cell Blocked,RF Unit VSWR Threshold Crossed,5,0.09331794829951878,0.09331794829951878
Cell Blocked,RF Unit VSWR Threshold Crossed,6,0.062442725221144316,0.062442725221144316
Cell Blocked,RF Unit VSWR Threshold Crossed,7,0.05588185379872002,0.05588185379872002
Cell Blocked,RF Unit VSWR Threshold Crossed,8,0.025792396219301517,0.025792396219301517
Cell Blocked,RF Unit VSWR Threshold Crossed,9,0.0230819562238663,0.0230819562238663
Cell Blocked,RF Unit VSWR Threshold Crossed,10,0.003548700953035213,0.003548700953035213
Cell Blocked,RF Unit VSWR Threshold Crossed,11,0.004067097023634336,0.004067097023634336
Cell Blocked,RF Unit VSWR Threshold Crossed,12,-0.0010543266492330883,0.0010543266492330883
Cell Blocked,S1ap Link Down,-12,0.007085666070721542,0.007085666070721542
Cell Blocked,S1ap Link Down,-11,0.015115852236854948,0.015115852236854948
Cell Blocked,S1ap Link Down,-10,0.02026368737628373,0.02026368737628373
Cell Blocked,S1ap Link Down,-9,0.019180538516080783,0.019180538516080783
Cell Blocked,S1ap Link Down,-8,0.030849958403670764,0.030849958403670764
Cell Blocked,S1ap Link Down,-7,0.011146941816246092,0.011146941816246092
Cell Blocked,S1ap Link Down,-6,0.030867192958359588,0.030867192958359588
Cell Blocked,S1ap Link Down,-5,0.02325449179962244,0.02325449179962244
Cell Blocked,S1ap Link Down,-4,0.017096620917308784,0.017096620917308784
Cell Blocked,S1ap Link Down,-3,0.02537061725498799,0.02537061725498799
Cell Blocked,S1ap Link Down,-2,0.03194633174132513,0.03194633174132513
Cell Blocked,S1ap Link Down,-1,0.042472535806798155,0.042472535806798155
Cell Blocked,S1ap Link Down,0,0.04597735247178813,0.04597735247178813
Cell Blocked,S1ap Link Down,1,0.06299759420961007,0.06299759420961007
Cell Blocked,S1ap Link Down,2,0.03585342345862252,0.03585342345862252
Cell Blocked,S1ap Link Down,3,0.03564079094490694,0.03564079094490694
Cell Blocked,S1ap Link Down,4,0.03628016267863687,0.03628016267863687
Cell Blocked,S1ap Link Down,5,0.02762339614929042,0.02762339614929042
Cell Blocked,S1ap Link Down,6,0.020380024307854707,0.020380024307854707
Cell Blocked,S1ap Link Down,7,0.020003698328518036,0.020003698328518036
Cell Blocked,S1ap Link Down,8,0.024021205115103694,0.024021205115103694
Cell Blocked,S1ap Link Down,9,0.021434297040448327,0.021434297040448327
Cell Blocked,S1ap Link Down,10,0.007311830146822497,0.007311830146822497
Cell Blocked,S1ap Link Down,11,0.014180569110464683,0.014180569110464683
Cell Blocked,S1ap Link Down,12,0.021280206144422376,0.021280206144422376
Cell Blocked,SCTP Link Fault,-12,0.0089679166160828,0.0089679166160828
Cell Blocked,SCTP Link Fault,-11,0.012018801757819995,0.012018801757819995
Cell Blocked,SCTP Link Fault,-10,0.015355036110289039,0.015355036110289039
Cell Blocked,SCTP Link Fault,-9,0.011763287044707483,0.011763287044707483
Cell Blocked,SCTP Link Fault,-8,0.015342868204759632,0.015342868204759632
Cell Blocked,SCTP Link Fault,-7,0.016386809036547413,0.016386809036547413
Cell Blocked,SCTP Link Fault,-6,0.026807845717839986,0.026807845717839986
Cell Blocked,SCTP Link Fault,-5,0.04137918435284557,0.04137918435284557
Cell Blocked,SCTP Link Fault,-4,0.0501527868343199,0.0501527868343199
Cell Blocked,SCTP Link Fault,-3,0.053614841909709984,0.053614841909709984
Cell Blocked,SCTP Link Fault,-2,0.06014635295052802,0.06014635295052802
Cell Blocked,SCTP Link Fault,-1,0.07100700156569349,0.07100700156569349
Cell Blocked,SCTP Link Fault,0,0.07539509212431837,0.07539509212431837
Cell Blocked,SCTP Link Fault,1,0.08701604637857968,0.08701604637857968
Cell Blocked,SCTP Link Fault,2,0.07201941419288359,0.07201941419288359
Cell Blocked,SCTP Link Fault,3,0.06474177782816251,0.06474177782816251
Cell Blocked,SCTP Link Fault,4,0.09170703765836306,0.09170703765836306
Cell Blocked,SCTP Link Fault,5,0.05111511125001851,0.05111511125001851
Cell Blocked,SCTP Link Fault,6,0.06197739833326474,0.06197739833326474
Cell Blocked,SCTP Link Fault,7,0.04394978842034422,0.04394978842034422
Cell Blocked,SCTP Link Fault,8,0.03300966572963374,0.03300966572963374
Cell Blocked,SCTP Link Fault,9,0.02372762804668676,0.02372762804668676
Cell Blocked,SCTP Link Fault,10,0.02469670960099194,0.02469670960099194
Cell Blocked,SCTP Link Fault,11,0.02242248384986738,0.02242248384986738
Cell Blocked,SCTP Link Fault,12,0.010156419016161485,0.010156419016161485
Cell Blocked,SDH/SONET Tributary Excessive Slip Frames,-12,0.08844533096897515,0.08844533096897515
Cell Blocked,SDH/SONET Tributary Excessive Slip Frames,-11,0.05869248011996197,0.05869248011996197
Cell Blocked,SDH/SONET Tributary Excessive Slip Frames,-10,0.07830509568155851,0.07830509568155851
Cell Blocked,SDH/SONET Tributary Excessive Slip Frames,-9,0.06340884047010942,0.06340884047010942
Cell Blocked,SDH/SONET Tributary Excessive Slip Frames,-8,0.05560119186093315,0.05560119186093315
Cell Blocked,SDH/SONET Tributary Excessive Slip Frames,-7,0.05752378296839991,0.05752378296839991
Cell Blocked,SDH/SONET Tributary Excessive Slip Frames,-6,0.049370820926407315,0.049370820926407315
Cell Blocked,SDH/SONET Tributary Excessive Slip Frames,-5,0.08673498688200636,0.08673498688200636
Cell Blocked,SDH/SONET Tributary Excessive Slip Frames,-4,0.03850989187273229,0.03850989187273229
Cell Blocked,SDH/SONET Tributary Excessive Slip Frames,-3,0.06297278249843181,0.06297278249843181
Cell Blocked,SDH/SONET Tributary Excessive Slip Frames,-2,0.05111346949560323,0.05111346949560323
Cell Blocked,SDH/SONET Tributary Excessive Slip Frames,-1,0.085424165641924,0.085424165641924
Cell Blocked,SDH/SONET Tributary Excessive Slip Frames,0,0.07414416614440567,0.07414416614440567
Cell Blocked,SDH/SONET Tributary Excessive Slip Frames,1,0.06690301612963957,0.06690301612963957
Cell Blocked,SDH/SONET Tributary Excessive Slip Frames,2,0.06912970533459134,0.06912970533459134
Cell Blocked,SDH/SONET Tributary Excessive Slip Frames,3,0.06724089269040874,0.06724089269040874
Cell Blocked,SDH/SONET Tributary Excessive Slip Frames,4,0.05607880071750362,0.05607880071750362
Cell Blocked,SDH/SONET Tributary Excessive Slip Frames,5,0.06648826770307603,0.06648826770307603
Cell Blocked,SDH/SONET Tributary Excessive Slip Frames,6,0.05283087330279353,0.05283087330279353
Cell Blocked,SDH/SONET Tributary Excessive Slip Frames,7,0.0707284702655383,0.0707284702655383
Cell Blocked,SDH/SONET Tributary Excessive Slip Frames,8,0.07071193002342324,0.07071193002342324
Cell Blocked,SDH/SONET Tributary Excessive Slip Frames,9,0.05760539410458831,0.05760539410458831
Cell Blocked,SDH/SONET Tributary Excessive Slip Frames,10,0.06178267584333669,0.06178267584333669
Cell Blocked,SDH/SONET Tributary Excessive Slip Frames,11,0.06096850711945014,0.06096850711945014
Cell Blocked,SDH/SONET Tributary Excessive Slip Frames,12,0.06077656218516965,0.06077656218516965
Cell Blocked,Statistical Alarm,-12,0.026348660669311894,0.026348660669311894
Cell Blocked,Statistical Alarm,-11,0.07585799936141993,0.07585799936141993
Cell Blocked,Statistical Alarm,-10,0.01696800342936724,0.01696800342936724
Cell Blocked,Statistical Alarm,-9,0.01704241682029158,0.01704241682029158
Cell Blocked,Statistical Alarm,-8,0.047193433667691534,0.047193433667691534
Cell Blocked,Statistical Alarm,-7,0.019080698863778226,0.019080698863778226
Cell Blocked,Statistical Alarm,-6,0.02336557130076421,0.02336557130076421
Cell Blocked,Statistical Alarm,-5,0.03307402448107907,0.03307402448107907
Cell Blocked,Statistical Alarm,-4,0.026204725880080767,0.026204725880080767
Cell Blocked,Statistical Alarm,-3,0.03659520018955137,0.03659520018955137
Cell Blocked,Statistical Alarm,-2,0.03884519353266309,0.03884519353266309
Cell Blocked,Statistical Alarm,-1,0.04736686391687439,0.04736686391687439
Cell Blocked,Statistical Alarm,0,0.057159213718778905,0.057159213718778905
Cell Blocked,Statistical Alarm,1,0.04022547153705364,0.04022547153705364
Cell Blocked,Statistical Alarm,2,0.038661152438558236,0.038661152438558236
Cell Blocked,Statistical Alarm,3,0.047757621506550066,0.047757621506550066
Cell Blocked,Statistical Alarm,4,0.06567793962338074,0.06567793962338074
Cell Blocked,Statistical Alarm,5,0.02362622570999701,0.02362622570999701
Cell Blocked,Statistical Alarm,6,0.02073756578135025,0.02073756578135025
Cell Blocked,Statistical Alarm,7,0.020491155497131677,0.020491155497131677
Cell Blocked,Statistical Alarm,8,0.024643317865248576,0.024643317865248576
Cell Blocked,Statistical Alarm,9,0.017898950051648033,0.017898950051648033
Cell Blocked,Statistical Alarm,10,0.017131383000248027,0.017131383000248027
Cell Blocked,Statistical Alarm,11,0.007035328801594479,0.007035328801594479
Cell Blocked,Statistical Alarm,12,0.022622452447393054,0.022622452447393054
Cell Blocked,UMTS Cell MC-HSDPA Function Fault,-12,0.13648665370735705,0.13648665370735705
Cell Blocked,UMTS Cell MC-HSDPA Function Fault,-11,0.1646128824478194,0.1646128824478194
Cell Blocked,UMTS Cell MC-HSDPA Function Fault,-10,0.19762031270071653,0.19762031270071653
Cell Blocked,UMTS Cell MC-HSDPA Function Fault,-9,0.1299868810783005,0.1299868810783005
Cell Blocked,UMTS Cell MC-HSDPA Function Fault,-8,0.09564516090118909,0.09564516090118909
Cell Blocked,UMTS Cell MC-HSDPA Function Fault,-7,0.06293506810613685,0.06293506810613685
Cell Blocked,UMTS Cell MC-HSDPA Function Fault,-6,0.016634547068289957,0.016634547068289957
Cell Blocked,UMTS Cell MC-HSDPA Function Fault,-5,0.003080151260169727,0.003080151260169727
Cell Blocked,UMTS Cell MC-HSDPA Function Fault,-4,-0.030246282665043017,0.030246282665043017
Cell Blocked,UMTS Cell MC-HSDPA Function Fault,-3,-0.04213320682797335,0.04213320682797335
Cell Blocked,UMTS Cell MC-HSDPA Function Fault,-2,-0.05445014348040988,0.05445014348040988
Cell Blocked,UMTS Cell MC-HSDPA Function Fault,-1,-0.05572462605049331,0.05572462605049331
Cell Blocked,UMTS Cell MC-HSDPA Function Fault,0,-0.057455376941249865,0.057455376941249865
Cell Blocked,UMTS Cell MC-HSDPA Function Fault,1,-0.06157783018384372,0.06157783018384372
Cell Blocked,UMTS Cell MC-HSDPA Function Fault,2,-0.06307031555956656,0.06307031555956656
Cell Blocked,UMTS Cell MC-HSDPA Function Fault,3,-0.05563015131288732,0.05563015131288732
Cell Blocked,UMTS Cell MC-HSDPA Function Fault,4,-0.04068468500123479,0.04068468500123479
Cell Blocked,UMTS Cell MC-HSDPA Function Fault,5,-0.019425451413624235,0.019425451413624235
Cell Blocked,UMTS Cell MC-HSDPA Function Fault,6,0.0005275853106116512,0.0005275853106116512
Cell Blocked,UMTS Cell MC-HSDPA Function Fault,7,0.03804272794460364,0.03804272794460364
Cell Blocked,UMTS Cell MC-HSDPA Function Fault,8,0.07932038642364517,0.07932038642364517
Cell Blocked,UMTS Cell MC-HSDPA Function Fault,9,0.10531345984543944,0.10531345984543944
Cell Blocked,UMTS Cell MC-HSDPA Function Fault,10,0.1444667731564281,0.1444667731564281
Cell Blocked,UMTS Cell MC-HSDPA Function Fault,11,0.13646107622703643,0.13646107622703643
Cell Blocked,UMTS Cell MC-HSDPA Function Fault,12,0.12908858230476408,0.12908858230476408
Cell Blocked,UMTS Cell Unavailable,-12,0.014566484518988189,0.014566484518988189
Cell Blocked,UMTS Cell Unavailable,-11,0.034190049442694326,0.034190049442694326
Cell Blocked,UMTS Cell Unavailable,-10,0.028187948985759163,0.028187948985759163
Cell Blocked,UMTS Cell Unavailable,-9,0.027254417537227415,0.027254417537227415
Cell Blocked,UMTS Cell Unavailable,-8,0.0466202408259546,0.0466202408259546
Cell Blocked,UMTS Cell Unavailable,-7,0.029360230378264466,0.029360230378264466
Cell Blocked,UMTS Cell Unavailable,-6,0.04913513012150025,0.04913513012150025
Cell Blocked,UMTS Cell Unavailable,-5,0.0538020131483466,0.0538020131483466
Cell Blocked,UMTS Cell Unavailable,-4,0.0463252113757661,0.0463252113757661
Cell Blocked,UMTS Cell Unavailable,-3,0.056407460438547954,0.056407460438547954
Cell Blocked,UMTS Cell Unavailable,-2,0.06666273433984242,0.06666273433984242
Cell Blocked,UMTS Cell Unavailable,-1,0.07228093796471331,0.07228093796471331
Cell Blocked,UMTS Cell Unavailable,0,0.09222317111914959,0.09222317111914959
Cell Blocked,UMTS Cell Unavailable,1,0.09332588628539285,0.09332588628539285
Cell Blocked,UMTS Cell Unavailable,2,0.0822954307656841,0.0822954307656841
Cell Blocked,UMTS Cell Unavailable,3,0.074721294014627,0.074721294014627
Cell Blocked,UMTS Cell Unavailable,4,0.08117297336409013,0.08117297336409013
Cell Blocked,UMTS Cell Unavailable,5,0.058359965441229934,0.058359965441229934
Cell Blocked,UMTS Cell Unavailable,6,0.05431242414842107,0.05431242414842107
Cell Blocked,UMTS Cell Unavailable,7,0.042503900767248255,0.042503900767248255
Cell Blocked,UMTS Cell Unavailable,8,0.04338176669837347,0.04338176669837347
Cell Blocked,UMTS Cell Unavailable,9,0.025588648423217928,0.025588648423217928
Cell Blocked,UMTS Cell Unavailable,10,0.029127379410209736,0.029127379410209736
Cell Blocked,UMTS Cell Unavailable,11,0.02236479451858199,0.02236479451858199
Cell Blocked,UMTS Cell Unavailable,12,0.020843047484231096,0.020843047484231096
Cell Blocked,User Plane Fault,-12,0.053995221696130774,0.053995221696130774
Cell Blocked,User Plane Fault,-11,0.053143864613613846,0.053143864613613846
Cell Blocked,User Plane Fault,-10,0.046284612345229376,0.046284612345229376
Cell Blocked,User Plane Fault,-9,0.051385371741492845,0.051385371741492845
Cell Blocked,User Plane Fault,-8,0.05182427497525664,0.05182427497525664
Cell Blocked,User Plane Fault,-7,0.03933031226437153,0.03933031226437153
Cell Blocked,User Plane Fault,-6,0.04972906077195053,0.04972906077195053
Cell Blocked,User Plane Fault,-5,0.09323440993617223,0.09323440993617223
Cell Blocked,User Plane Fault,-4,0.07632666119683594,0.07632666119683594
Cell Blocked,User Plane Fault,-3,0.09620575368939574,0.09620575368939574
Cell Blocked,User Plane Fault,-2,0.11643220811188627,0.11643220811188627
Cell Blocked,User Plane Fault,-1,0.12958309691315015,0.12958309691315015
Cell Blocked,User Plane Fault,0,0.15064443935746533,0.15064443935746533
Cell Blocked,User Plane Fault,1,0.15745320923590386,0.15745320923590386
Cell Blocked,User Plane Fault,2,0.14963499456678647,0.14963499456678647
Cell Blocked,User Plane Fault,3,0.1383263694822051,0.1383263694822051
Cell Blocked,User Plane Fault,4,0.1478022609194915,0.1478022609194915
Cell Blocked,User Plane Fault,5,0.12821249071825533,0.12821249071825533
Cell Blocked,User Plane Fault,6,0.10871884364422922,0.10871884364422922
Cell Blocked,User Plane Fault,7,0.08952612619268326,0.08952612619268326
Cell Blocked,User Plane Fault,8,0.06875020205551882,0.06875020205551882
Cell Blocked,User Plane Fault,9,0.0682537775640785,0.0682537775640785
Cell Blocked,User Plane Fault,10,0.051191595482610625,0.051191595482610625
Cell Blocked,User Plane Fault,11,0.05381770914538827,0.05381770914538827
Cell Blocked,User Plane Fault,12,0.032374517700671374,0.032374517700671374
Cell Blocked,X2 Interface Fault,-12,0.018152021399181355,0.018152021399181355
Cell Blocked,X2 Interface Fault,-11,0.025455799025745532,0.025455799025745532
Cell Blocked,X2 Interface Fault,-10,0.026338995109370215,0.026338995109370215
Cell Blocked,X2 Interface Fault,-9,0.033609815037771405,0.033609815037771405
Cell Blocked,X2 Interface Fault,-8,0.03625815889917262,0.03625815889917262
Cell Blocked,X2 Interface Fault,-7,0.03299290049510573,0.03299290049510573
Cell Blocked,X2 Interface Fault,-6,0.04232275471735955,0.04232275471735955
Cell Blocked,X2 Interface Fault,-5,0.08139324001263276,0.08139324001263276
Cell Blocked,X2 Interface Fault,-4,0.09407469742495933,0.09407469742495933
Cell Blocked,X2 Interface Fault,-3,0.11201996762144105,0.11201996762144105
Cell Blocked,X2 Interface Fault,-2,0.12319811499984952,0.12319811499984952
Cell Blocked,X2 Interface Fault,-1,0.15696020867885796,0.15696020867885796
Cell Blocked,X2 Interface Fault,0,0.17190511432326122,0.17190511432326122
Cell Blocked,X2 Interface Fault,1,0.17187335045667518,0.17187335045667518
Cell Blocked,X2 Interface Fault,2,0.17683184820313694,0.17683184820313694
Cell Blocked,X2 Interface Fault,3,0.1453717890669935,0.1453717890669935
Cell Blocked,X2 Interface Fault,4,0.1466182647483285,0.1466182647483285
Cell Blocked,X2 Interface Fault,5,0.13810295663439415,0.13810295663439415
Cell Blocked,X2 Interface Fault,6,0.10760665454177011,0.10760665454177011
Cell Blocked,X2 Interface Fault,7,0.09062947132536134,0.09062947132536134
Cell Blocked,X2 Interface Fault,8,0.06667279076067556,0.06667279076067556
Cell Blocked,X2 Interface Fault,9,0.05429298542054005,0.05429298542054005
Cell Blocked,X2 Interface Fault,10,0.032455241499025095,0.032455241499025095
Cell Blocked,X2 Interface Fault,11,0.03670071743242838,0.03670071743242838
Cell Blocked,X2 Interface Fault,12,0.015904940393372726,0.015904940393372726
Cell Outage,Cell RX Channel Interference Noise Power Unbalanced,-12,0.2109171582935803,0.2109171582935803
Cell Outage,Cell RX Channel Interference Noise Power Unbalanced,-11,0.2038709409731719,0.2038709409731719
Cell Outage,Cell RX Channel Interference Noise Power Unbalanced,-10,0.20534728013354253,0.20534728013354253
Cell Outage,Cell RX Channel Interference Noise Power Unbalanced,-9,0.1988084401200324,0.1988084401200324
Cell Outage,Cell RX Channel Interference Noise Power Unbalanced,-8,0.20692065415142027,0.20692065415142027
Cell Outage,Cell RX Channel Interference Noise Power Unbalanced,-7,0.20625922801105137,0.20625922801105137
Cell Outage,Cell RX Channel Interference Noise Power Unbalanced,-6,0.205143058903438,0.205143058903438
Cell Outage,Cell RX Channel Interference Noise Power Unbalanced,-5,0.23310935835560778,0.23310935835560778
Cell Outage,Cell RX Channel Interference Noise Power Unbalanced,-4,0.23909186204946214,0.23909186204946214
Cell Outage,Cell RX Channel Interference Noise Power Unbalanced,-3,0.26161361569843516,0.26161361569843516
Cell Outage,Cell RX Channel Interference Noise Power Unbalanced,-2,0.27299641018630083,0.27299641018630083
Cell Outage,Cell RX Channel Interference Noise Power Unbalanced,-1,0.27502775281768443,0.27502775281768443
Cell Outage,Cell RX Channel Interference Noise Power Unbalanced,0,0.3264372977802373,0.3264372977802373
Cell Outage,Cell RX Channel Interference Noise Power Unbalanced,1,0.2905350465122951,0.2905350465122951
Cell Outage,Cell RX Channel Interference Noise Power Unbalanced,2,0.2735748890125757,0.2735748890125757
Cell Outage,Cell RX Channel Interference Noise Power Unbalanced,3,0.25640310859137494,0.25640310859137494
Cell Outage,Cell RX Channel Interference Noise Power Unbalanced,4,0.22208375588059026,0.22208375588059026
Cell Outage,Cell RX Channel Interference Noise Power Unbalanced,5,0.21005893646782664,0.21005893646782664
Cell Outage,Cell RX Channel Interference Noise Power Unbalanced,6,0.20715163284704613,0.20715163284704613
Cell Outage,Cell RX Channel Interference Noise Power Unbalanced,7,0.21085091979544518,0.21085091979544518
Cell Outage,Cell RX Channel Interference Noise Power Unbalanced,8,0.21139126157582672,0.21139126157582672
Cell Outage,Cell RX Channel Interference Noise Power Unbalanced,9,0.20042416621706058,0.20042416621706058
Cell Outage,Cell RX Channel Interference Noise Power Unbalanced,10,0.20445728519123443,0.20445728519123443
Cell Outage,Cell RX Channel Interference Noise Power Unbalanced,11,0.20903681156066758,0.20903681156066758
Cell Outage,Cell RX Channel Interference Noise Power Unbalanced,12,0.21035961977485326,0.21035961977485326
Cell Outage,Cell Unavailable,-12,0.05636928394982087,0.05636928394982087
Cell Outage,Cell Unavailable,-11,0.0321570983245628,0.0321570983245628
Cell Outage,Cell Unavailable,-10,0.03340000513502889,0.03340000513502889
Cell Outage,Cell Unavailable,-9,0.023957694628967494,0.023957694628967494
Cell Outage,Cell Unavailable,-8,0.03163525233718129,0.03163525233718129
Cell Outage,Cell Unavailable,-7,0.03307875237127177,0.03307875237127177
Cell Outage,Cell Unavailable,-6,0.04711781945568397,0.04711781945568397
Cell Outage,Cell Unavailable,-5,0.060551765592766885,0.060551765592766885
Cell Outage,Cell Unavailable,-4,0.057895402395081244,0.057895402395081244
Cell Outage,Cell Unavailable,-3,0.09454837946899186,0.09454837946899186
Cell Outage,Cell Unavailable,-2,0.09094577069050093,0.09094577069050093
Cell Outage,Cell Unavailable,-1,0.09625077963030983,0.09625077963030983
Cell Outage,Cell Unavailable,0,0.25069818912894315,0.25069818912894315
Cell Outage,Cell Unavailable,1,0.0820591208491633,0.0820591208491633
Cell Outage,Cell Unavailable,2,0.07512337598205183,0.07512337598205183
Cell Outage,Cell Unavailable,3,0.07911861894090004,0.07911861894090004
Cell Outage,Cell Unavailable,4,0.054532452906096464,0.054532452906096464
Cell Outage,Cell Unavailable,5,0.06598699314460718,0.06598699314460718
Cell Outage,Cell Unavailable,6,0.06269793543216122,0.06269793543216122
Cell Outage,Cell Unavailable,7,0.056177068070905146,0.056177068070905146
Cell Outage,Cell Unavailable,8,0.07255947845533615,0.07255947845533615
Cell Outage,Cell Unavailable,9,0.06425589489902099,0.06425589489902099
Cell Outage,Cell Unavailable,10,0.061540205188000144,0.061540205188000144
Cell Outage,Cell Unavailable,11,0.05987571634494985,0.05987571634494985
Cell Outage,Cell Unavailable,12,0.06537752489215955,0.06537752489215955
Cell Outage,Commercial Power Down (Main Power Down),-12,0.13045012247639637,0.13045012247639637
Cell Outage,Commercial Power Down (Main Power Down),-11,0.14081145786867624,0.14081145786867624
Cell Outage,Commercial Power Down (Main Power Down),-10,0.158165870630717,0.158165870630717
Cell Outage,Commercial Power Down (Main Power Down),-9,0.1107634906944245,0.1107634906944245
Cell Outage,Commercial Power Down (Main Power Down),-8,0.09332225568761437,0.09332225568761437
Cell Outage,Commercial Power Down (Main Power Down),-7,0.12257358825255876,0.12257358825255876
Cell Outage,Commercial Power Down (Main Power Down),-6,0.0859243515557548,0.0859243515557548
Cell Outage,Commercial Power Down (Main Power Down),-5,0.10251271923406352,0.10251271923406352
Cell Outage,Commercial Power Down (Main Power Down),-4,0.09601704160422325,0.09601704160422325
Cell Outage,Commercial Power Down (Main Power Down),-3,0.11344967319867152,0.11344967319867152
Cell Outage,Commercial Power Down (Main Power Down),-2,0.1431076322988299,0.1431076322988299
Cell Outage,Commercial Power Down (Main Power Down),-1,0.16393973002196857,0.16393973002196857
Cell Outage,Commercial Power Down (Main Power Down),0,0.267542129386346,0.267542129386346
Cell Outage,Commercial Power Down (Main Power Down),1,0.19912158591078488,0.19912158591078488
Cell Outage,Commercial Power Down (Main Power Down),2,0.21215922519148342,0.21215922519148342
Cell Outage,Commercial Power Down (Main Power Down),3,0.21122630460065112,0.21122630460065112
Cell Outage,Commercial Power Down (Main Power Down),4,0.1896354000094451,0.1896354000094451
Cell Outage,Commercial Power Down (Main Power Down),5,0.20958613360498796,0.20958613360498796
Cell Outage,Commercial Power Down (Main Power Down),6,0.19115042995781334,0.19115042995781334
Cell Outage,Commercial Power Down (Main Power Down),7,0.17175897122848563,0.17175897122848563
Cell Outage,Commercial Power Down (Main Power Down),8,0.1722765948402427,0.1722765948402427
Cell Outage,Commercial Power Down (Main Power Down),9,0.16337018214290752,0.16337018214290752
Cell Outage,Commercial Power Down (Main Power Down),10,0.16174282560036943,0.16174282560036943
Cell Outage,Commercial Power Down (Main Power Down),11,0.13902724129790273,0.13902724129790273
Cell Outage,Commercial Power Down (Main Power Down),12,0.14162819180091474,0.14162819180091474
Cell Outage,Core CPU Overload,-12,0.06279228602708904,0.06279228602708904
Cell Outage,Core CPU Overload,-11,0.05311865723180307,0.05311865723180307
Cell Outage,Core CPU Overload,-10,0.05625506206174344,0.05625506206174344
Cell Outage,Core CPU Overload,-9,0.02698984971943417,0.02698984971943417
Cell Outage,Core CPU Overload,-8,0.040556724820971335,0.040556724820971335
Cell Outage,Core CPU Overload,-7,0.062424987882356536,0.062424987882356536
Cell Outage,Core CPU Overload,-6,0.06665892052070824,0.06665892052070824
Cell Outage,Core CPU Overload,-5,0.11559100053117496,0.11559100053117496
Cell Outage,Core CPU Overload,-4,0.1396528522183206,0.1396528522183206
Cell Outage,Core CPU Overload,-3,0.16555881229319627,0.16555881229319627
Cell Outage,Core CPU Overload,-2,0.1846311343888626,0.1846311343888626
Cell Outage,Core CPU Overload,-1,0.17539290054770043,0.17539290054770043
Cell Outage,Core CPU Overload,0,0.21726530760382334,0.21726530760382334
Cell Outage,Core CPU Overload,1,0.16223184327590756,0.16223184327590756
Cell Outage,Core CPU Overload,2,0.17347775484687059,0.17347775484687059
Cell Outage,Core CPU Overload,3,0.18516608274415297,0.18516608274415297
Cell Outage,Core CPU Overload,4,0.186298440004344,0.186298440004344
Cell Outage,Core CPU Overload,5,0.18429945348808696,0.18429945348808696
Cell Outage,Core CPU Overload,6,0.14790492528800775,0.14790492528800775
Cell Outage,Core CPU Overload,7,0.13529697199218654,0.13529697199218654
Cell Outage,Core CPU Overload,8,0.10657414634009944,0.10657414634009944
Cell Outage,Core CPU Overload,9,0.08109094461058569,0.08109094461058569
Cell Outage,Core CPU Overload,10,0.07433532654654734,0.07433532654654734
Cell Outage,Core CPU Overload,11,0.07238089879161858,0.07238089879161858
Cell Outage,Core CPU Overload,12,0.07575553209068828,0.07575553209068828
Cell Outage,E1/T1 Excessive Bit Error Rate,-12,0.11325823095844577,0.11325823095844577
Cell Outage,E1/T1 Excessive Bit Error Rate,-11,0.10364199598582315,0.10364199598582315
Cell Outage,E1/T1 Excessive Bit Error Rate,-10,0.12764053433247746,0.12764053433247746
Cell Outage,E1/T1 Excessive Bit Error Rate,-9,0.1131690153597071,0.1131690153597071
Cell Outage,E1/T1 Excessive Bit Error Rate,-8,0.11039647369173898,0.11039647369173898
Cell Outage,E1/T1 Excessive Bit Error Rate,-7,0.13229062880574607,0.13229062880574607
Cell Outage,E1/T1 Excessive Bit Error Rate,-6,0.13484433425536188,0.13484433425536188
Cell Outage,E1/T1 Excessive Bit Error Rate,-5,0.1433522775820576,0.1433522775820576
Cell Outage,E1/T1 Excessive Bit Error Rate,-4,0.13511534822630386,0.13511534822630386
Cell Outage,E1/T1 Excessive Bit Error Rate,-3,0.15163205185873688,0.15163205185873688
Cell Outage,E1/T1 Excessive Bit Error Rate,-2,0.14357835467463845,0.14357835467463845
Cell Outage,E1/T1 Excessive Bit Error Rate,-1,0.15204841452430187,0.15204841452430187
Cell Outage,E1/T1 Excessive Bit Error Rate,0,0.2533191977594443,0.2533191977594443
Cell Outage,E1/T1 Excessive Bit Error Rate,1,0.17541720108502895,0.17541720108502895
Cell Outage,E1/T1 Excessive Bit Error Rate,2,0.15090809313697773,0.15090809313697773
Cell Outage,E1/T1 Excessive Bit Error Rate,3,0.1531726092114134,0.1531726092114134
Cell Outage,E1/T1 Excessive Bit Error Rate,4,0.12666824395713325,0.12666824395713325
Cell Outage,E1/T1 Excessive Bit Error Rate,5,0.1400942182737702,0.1400942182737702
Cell Outage,E1/T1 Excessive Bit Error Rate,6,0.13559079063308124,0.13559079063308124
Cell Outage,E1/T1 Excessive Bit Error Rate,7,0.13646593064662346,0.13646593064662346
Cell Outage,E1/T1 Excessive Bit Error Rate,8,0.12998780195608156,0.12998780195608156
Cell Outage,E1/T1 Excessive Bit Error Rate,9,0.11730661655117879,0.11730661655117879
Cell Outage,E1/T1 Excessive Bit Error Rate,10,0.13762471264141954,0.13762471264141954
Cell Outage,E1/T1 Excessive Bit Error Rate,11,0.12649419105429807,0.12649419105429807
Cell Outage,E1/T1 Excessive Bit Error Rate,12,0.10705113286260752,0.10705113286260752
Cell Outage,External Clock Reference Problem,-12,0.09973164954136518,0.09973164954136518
Cell Outage,External Clock Reference Problem,-11,0.0755973773907874,0.0755973773907874
Cell Outage,External Clock Reference Problem,-10,0.06772695432292594,0.06772695432292594
Cell Outage,External Clock Reference Problem,-9,0.07296763875748649,0.07296763875748649
Cell Outage,External Clock Reference Problem,-8,0.0698634676053706,0.0698634676053706
Cell Outage,External Clock Reference Problem,-7,0.077749029104978,0.077749029104978
Cell Outage,External Clock Reference Problem,-6,0.07939094800305171,0.07939094800305171
Cell Outage,External Clock Reference Problem,-5,0.09448091462368999,0.09448091462368999
Cell Outage,External Clock Reference Problem,-4,0.11441463621440034,0.11441463621440034
Cell Outage,External Clock Reference Problem,-3,0.11714062643584296,0.11714062643584296
Cell Outage,External Clock Reference Problem,-2,0.12569403969288792,0.12569403969288792
Cell Outage,External Clock Reference Problem,-1,0.13177030577930884,0.13177030577930884
Cell Outage,External Clock Reference Problem,0,0.15508139115173603,0.15508139115173603
Cell Outage,External Clock Reference Problem,1,0.11631034052871328,0.11631034052871328
Cell Outage,External Clock Reference Problem,2,0.10999216466451464,0.10999216466451464
Cell Outage,External Clock Reference Problem,3,0.10375966379495835,0.10375966379495835
Cell Outage,External Clock Reference Problem,4,0.10279129585782587,0.10279129585782587
Cell Outage,External Clock Reference Problem,5,0.1056762917594059,0.1056762917594059
Cell Outage,External Clock Reference Problem,6,0.09731537491295,0.09731537491295
Cell Outage,External Clock Reference Problem,7,0.11382455681446263,0.11382455681446263
Cell Outage,External Clock Reference Problem,8,0.11511368102869586,0.11511368102869586
Cell Outage,External Clock Reference Problem,9,0.12009107677603806,0.12009107677603806
Cell Outage,External Clock Reference Problem,10,0.09995501084736703,0.09995501084736703
Cell Outage,External Clock Reference Problem,11,0.10300232299298359,0.10300232299298359
Cell Outage,External Clock Reference Problem,12,0.09020128394866267,0.09020128394866267
Cell Outage,GSM Cell out of Service,-12,0.0737830486606196,0.0737830486606196
Cell Outage,GSM Cell out of Service,-11,0.07016608358256597,0.07016608358256597
Cell Outage,GSM Cell out of Service,-10,0.06890899484556373,0.06890899484556373
Cell Outage,GSM Cell out of Service,-9,0.054852806828338894,0.054852806828338894
Cell Outage,GSM Cell out of Service,-8,0.04771224003393134,0.04771224003393134
Cell Outage,GSM Cell out of Service,-7,0.05517305214356557,0.05517305214356557
Cell Outage,GSM Cell out of Service,-6,0.05111966054311136,0.05111966054311136
Cell Outage,GSM Cell out of Service,-5,0.06766197090356574,0.06766197090356574
Cell Outage,GSM Cell out of Service,-4,0.0811129267893006,0.0811129267893006
Cell Outage,GSM Cell out of Service,-3,0.10832812894520424,0.10832812894520424
Cell Outage,GSM Cell out of Service,-2,0.1043757950669629,0.1043757950669629
Cell Outage,GSM Cell out of Service,-1,0.1232650822955745,0.1232650822955745
Cell Outage,GSM Cell out of Service,0,0.4821387760716767,0.4821387760716767
Cell Outage,GSM Cell out of Service,1,0.11558395045636227,0.11558395045636227
Cell Outage,GSM Cell out of Service,2,0.0992512446040872,0.0992512446040872
Cell Outage,GSM Cell out of Service,3,0.10302573842655058,0.10302573842655058
Cell Outage,GSM Cell out of Service,4,0.08053201480546926,0.08053201480546926
Cell Outage,GSM Cell out of Service,5,0.084289317531086,0.084289317531086
Cell Outage,GSM Cell out of Service,6,0.07518109142238492,0.07518109142238492
Cell Outage,GSM Cell out of Service,7,0.08126473200156654,0.08126473200156654
Cell Outage,GSM Cell out of Service,8,0.09410325289719243,0.09410325289719243
Cell Outage,GSM Cell out of Service,9,0.08913496004886368,0.08913496004886368
Cell Outage,GSM Cell out of Service,10,0.10147116843401911,0.10147116843401911
Cell Outage,GSM Cell out of Service,11,0.09386245078462142,0.09386245078462142
Cell Outage,GSM Cell out of Service,12,0.0804259887377028,0.0804259887377028
Cell Outage,GTPC Tunnel Path Broken,-12,0.05818161607718567,0.05818161607718567
Cell Outage,GTPC Tunnel Path Broken,-11,0.060756095984065964,0.060756095984065964
Cell Outage,GTPC Tunnel Path Broken,-10,0.06378265897820917,0.06378265897820917
Cell Outage,GTPC Tunnel Path Broken,-9,0.06876448319059687,0.06876448319059687
Cell Outage,GTPC Tunnel Path Broken,-8,0.06219529617347748,0.06219529617347748
Cell Outage,GTPC Tunnel Path Broken,-7,0.0821052413881674,0.0821052413881674
Cell Outage,GTPC Tunnel Path Broken,-6,0.09215503147634695,0.09215503147634695
Cell Outage,GTPC Tunnel Path Broken,-5,0.0980426468675168,0.0980426468675168
Cell Outage,GTPC Tunnel Path Broken,-4,0.07479836574543766,0.07479836574543766
Cell Outage,GTPC Tunnel Path Broken,-3,0.09322999671377086,0.09322999671377086
Cell Outage,GTPC Tunnel Path Broken,-2,0.10826532344049242,0.10826532344049242
Cell Outage,GTPC Tunnel Path Broken,-1,0.11232314742887381,0.11232314742887381
Cell Outage,GTPC Tunnel Path Broken,0,0.12354107944174629,0.12354107944174629
Cell Outage,GTPC Tunnel Path Broken,1,0.1089774196609066,0.1089774196609066
Cell Outage,GTPC Tunnel Path Broken,2,0.11180839291167806,0.11180839291167806
Cell Outage,GTPC Tunnel Path Broken,3,0.10263631624344902,0.10263631624344902
Cell Outage,GTPC Tunnel Path Broken,4,0.09758721346195871,0.09758721346195871
Cell Outage,GTPC Tunnel Path Broken,5,0.09831064283628316,0.09831064283628316
Cell Outage,GTPC Tunnel Path Broken,6,0.07621753025786121,0.07621753025786121
Cell Outage,GTPC Tunnel Path Broken,7,0.07076800109129892,0.07076800109129892
Cell Outage,GTPC Tunnel Path Broken,8,0.06446998412894016,0.06446998412894016
Cell Outage,GTPC Tunnel Path Broken,9,0.07287715409638991,0.07287715409638991
Cell Outage,GTPC Tunnel Path Broken,10,0.05997198057950134,0.05997198057950134
Cell Outage,GTPC Tunnel Path Broken,11,0.06136482340545151,0.06136482340545151
Cell Outage,GTPC Tunnel Path Broken,12,0.0652447455330154,0.0652447455330154
Cell Outage,High Temperature (35Â°),-12,0.13136325070143515,0.13136325070143515
Cell Outage,High Temperature (35Â°),-11,0.11181001837648154,0.11181001837648154
Cell Outage,High Temperature (35Â°),-10,0.11245240189022819,0.11245240189022819
Cell Outage,High Temperature (35Â°),-9,0.08908725959229936,0.08908725959229936
Cell Outage,High Temperature (35Â°),-8,0.09707345195674341,0.09707345195674341
Cell Outage,High Temperature (35Â°),-7,0.09205430304045874,0.09205430304045874
Cell Outage,High Temperature (35Â°),-6,0.09587132348055101,0.09587132348055101
Cell Outage,High Temperature (35Â°),-5,0.13039030096221732,0.13039030096221732
Cell Outage,High Temperature (35Â°),-4,0.13326756261383832,0.13326756261383832
Cell Outage,High Temperature (35Â°),-3,0.1708124822571314,0.1708124822571314
Cell Outage,High Temperature (35Â°),-2,0.17608478461758625,0.17608478461758625
Cell Outage,High Temperature (35Â°),-1,0.19390629568363857,0.19390629568363857
Cell Outage,High Temperature (35Â°),0,0.2808093583871235,0.2808093583871235
Cell Outage,High Temperature (35Â°),1,0.20598697256049098,0.20598697256049098
Cell Outage,High Temperature (35Â°),2,0.21094405562191387,0.21094405562191387
Cell Outage,High Temperature (35Â°),3,0.20879652277997393,0.20879652277997393
Cell Outage,High Temperature (35Â°),4,0.18532867483401264,0.18532867483401264
Cell Outage,High Temperature (35Â°),5,0.19980178470473364,0.19980178470473364
Cell Outage,High Temperature (35Â°),6,0.1772882238082167,0.1772882238082167
Cell Outage,High Temperature (35Â°),7,0.18686486322618462,0.18686486322618462
Cell Outage,High Temperature (35Â°),8,0.17879996575853774,0.17879996575853774
Cell Outage,High Temperature (35Â°),9,0.1661449429714063,0.1661449429714063
Cell Outage,High Temperature (35Â°),10,0.15831777350377055,0.15831777350377055
Cell Outage,High Temperature (35Â°),11,0.14483546722388124,0.14483546722388124
Cell Outage,High Temperature (35Â°),12,0.1276980434028193,0.1276980434028193
Cell Outage,IP PM Activation Failure,-12,0.004276978978035956,0.004276978978035956
Cell Outage,IP PM Activation Failure,-11,0.001113120193478073,0.001113120193478073
Cell Outage,IP PM Activation Failure,-10,-0.0009090601706153251,0.0009090601706153251
Cell Outage,IP PM Activation Failure,-9,-0.004398629837548526,0.004398629837548526
Cell Outage,IP PM Activation Failure,-8,0.00023845053218053648,0.00023845053218053648
Cell Outage,IP PM Activation Failure,-7,-0.0033434643173135097,0.0033434643173135097
Cell Outage,IP PM Activation Failure,-6,0.010898558328844246,0.010898558328844246
Cell Outage,IP PM Activation Failure,-5,0.02846092819944147,0.02846092819944147
Cell Outage,IP PM Activation Failure,-4,0.024881439517574346,0.024881439517574346
Cell Outage,IP PM Activation Failure,-3,0.024490537185365088,0.024490537185365088
Cell Outage,IP PM Activation Failure,-2,0.037877673396156684,0.037877673396156684
Cell Outage,IP PM Activation Failure,-1,0.0598017054210768,0.0598017054210768
Cell Outage,IP PM Activation Failure,0,0.043831425203615534,0.043831425203615534
Cell Outage,IP PM Activation Failure,1,0.009796549017748252,0.009796549017748252
Cell Outage,IP PM Activation Failure,2,0.018275552669346145,0.018275552669346145
Cell Outage,IP PM Activation Failure,3,0.008262052092331676,0.008262052092331676
Cell Outage,IP PM Activation Failure,4,0.017430167468860884,0.017430167468860884
Cell Outage,IP PM Activation Failure,5,0.015050010254525422,0.015050010254525422
Cell Outage,IP PM Activation Failure,6,0.0035599909158481524,0.0035599909158481524
Cell Outage,IP PM Activation Failure,7,0.007883051156830214,0.007883051156830214
Cell Outage,IP PM Activation Failure,8,0.02563737787385982,0.02563737787385982
Cell Outage,IP PM Activation Failure,9,0.01591458594716416,0.01591458594716416
Cell Outage,IP PM Activation Failure,10,0.011523125789251234,0.011523125789251234
Cell Outage,IP PM Activation Failure,11,0.0054657107040530445,0.0054657107040530445
Cell Outage,IP PM Activation Failure,12,-0.0003285025532071192,0.0003285025532071192
Cell Outage,Local Cell Unusable,-12,0.06616138655829433,0.06616138655829433
Cell Outage,Local Cell Unusable,-11,0.02439667163933111,0.02439667163933111
Cell Outage,Local Cell Unusable,-10,0.02772382204133536,0.02772382204133536
Cell Outage,Local Cell Unusable,-9,0.017779226279137736,0.017779226279137736
Cell Outage,Local Cell Unusable,-8,0.028484319733676777,0.028484319733676777
Cell Outage,Local Cell Unusable,-7,0.04441476648004185,0.04441476648004185
Cell Outage,Local Cell Unusable,-6,0.05883214048357295,0.05883214048357295
Cell Outage,Local Cell Unusable,-5,0.07477029500080457,0.07477029500080457
Cell Outage,Local Cell Unusable,-4,0.09597022465657852,0.09597022465657852
Cell Outage,Local Cell Unusable,-3,0.13503236257003756,0.13503236257003756
Cell Outage,Local Cell Unusable,-2,0.14760424317860124,0.14760424317860124
Cell Outage,Local Cell Unusable,-1,0.13982443883496498,0.13982443883496498
Cell Outage,Local Cell Unusable,0,0.19631788613915271,0.19631788613915271
Cell Outage,Local Cell Unusable,1,0.13599277146405497,0.13599277146405497
Cell Outage,Local Cell Unusable,2,0.1437186500212847,0.1437186500212847
Cell Outage,Local Cell Unusable,3,0.12060562925988164,0.12060562925988164
Cell Outage,Local Cell Unusable,4,0.10814314601954705,0.10814314601954705
Cell Outage,Local Cell Unusable,5,0.12147739423024197,0.12147739423024197
Cell Outage,Local Cell Unusable,6,0.10854962518223142,0.10854962518223142
Cell Outage,Local Cell Unusable,7,0.11007591785580038,0.11007591785580038
Cell Outage,Local Cell Unusable,8,0.1137297063602982,0.1137297063602982
Cell Outage,Local Cell Unusable,9,0.08722380347396426,0.08722380347396426
Cell Outage,Local Cell Unusable,10,0.08156028528439185,0.08156028528439185
Cell Outage,Local Cell Unusable,11,0.07017553114571527,0.07017553114571527
Cell Outage,Local Cell Unusable,12,0.047851114778880134,0.047851114778880134
Cell Outage,Parallel Alarm Exceeds the Limit,-12,0.018742399873802964,0.018742399873802964
Cell Outage,Parallel Alarm Exceeds the Limit,-11,0.013074944470287184,0.013074944470287184
Cell Outage,Parallel Alarm Exceeds the Limit,-10,0.030173061798770946,0.030173061798770946
Cell Outage,Parallel Alarm Exceeds the Limit,-9,0.01899781227234279,0.01899781227234279
Cell Outage,Parallel Alarm Exceeds the Limit,-8,0.027500664779488065,0.027500664779488065
Cell Outage,Parallel Alarm Exceeds the Limit,-7,0.033291994431775405,0.033291994431775405
Cell Outage,Parallel Alarm Exceeds the Limit,-6,0.023494072334467257,0.023494072334467257
Cell Outage,Parallel Alarm Exceeds the Limit,-5,0.041557691512953264,0.041557691512953264
Cell Outage,Parallel Alarm Exceeds the Limit,-4,0.04549670530243379,0.04549670530243379
Cell Outage,Parallel Alarm Exceeds the Limit,-3,0.05460208245218994,0.05460208245218994
Cell Outage,Parallel Alarm Exceeds the Limit,-2,0.05483548835768775,0.05483548835768775
Cell Outage,Parallel Alarm Exceeds the Limit,-1,0.06769830671250408,0.06769830671250408
Cell Outage,Parallel Alarm Exceeds the Limit,0,0.26024452220080924,0.26024452220080924
Cell Outage,Parallel Alarm Exceeds the Limit,1,0.04446501714417931,0.04446501714417931
Cell Outage,Parallel Alarm Exceeds the Limit,2,0.026312600398358806,0.026312600398358806
Cell Outage,Parallel Alarm Exceeds the Limit,3,0.03820804337196674,0.03820804337196674
Cell Outage,Parallel Alarm Exceeds the Limit,4,0.024209044882429462,0.024209044882429462
Cell Outage,Parallel Alarm Exceeds the Limit,5,0.04355842972241148,0.04355842972241148
Cell Outage,Parallel Alarm Exceeds the Limit,6,0.04845051388010762,0.04845051388010762
Cell Outage,Parallel Alarm Exceeds the Limit,7,0.048543729820193456,0.048543729820193456
Cell Outage,Parallel Alarm Exceeds the Limit,8,0.04964069426857124,0.04964069426857124
Cell Outage,Parallel Alarm Exceeds the Limit,9,0.04291780040009064,0.04291780040009064
Cell Outage,Parallel Alarm Exceeds the Limit,10,0.047247861026651905,0.047247861026651905
Cell Outage,Parallel Alarm Exceeds the Limit,11,0.031038374016602605,0.031038374016602605
Cell Outage,Parallel Alarm Exceeds the Limit,12,0.024268059562924847,0.024268059562924847
Cell Outage,RF Unit RX Channel RTWP/RSSI Unbalanced,-12,0.22637082559854083,0.22637082559854083
Cell Outage,RF Unit RX Channel RTWP/RSSI Unbalanced,-11,0.2401438798827331,0.2401438798827331
Cell Outage,RF Unit RX Channel RTWP/RSSI Unbalanced,-10,0.24364027586782028,0.24364027586782028
Cell Outage,RF Unit RX Channel RTWP/RSSI Unbalanced,-9,0.1964967305590046,0.1964967305590046
Cell Outage,RF Unit RX Channel RTWP/RSSI Unbalanced,-8,0.1758801445600362,0.1758801445600362
Cell Outage,RF Unit RX Channel RTWP/RSSI Unbalanced,-7,0.17556366127571868,0.17556366127571868
Cell Outage,RF Unit RX Channel RTWP/RSSI Unbalanced,-6,0.1756952409150581,0.1756952409150581
Cell Outage,RF Unit RX Channel RTWP/RSSI Unbalanced,-5,0.1865215319371635,0.1865215319371635
Cell Outage,RF Unit RX Channel RTWP/RSSI Unbalanced,-4,0.19508271730798907,0.19508271730798907
Cell Outage,RF Unit RX Channel RTWP/RSSI Unbalanced,-3,0.22616597351648302,0.22616597351648302
Cell Outage,RF Unit RX Channel RTWP/RSSI Unbalanced,-2,0.2537307777179399,0.2537307777179399
Cell Outage,RF Unit RX Channel RTWP/RSSI Unbalanced,-1,0.27413052576984587,0.27413052576984587
Cell Outage,RF Unit RX Channel RTWP/RSSI Unbalanced,0,0.3045245602820407,0.3045245602820407
Cell Outage,RF Unit RX Channel RTWP/RSSI Unbalanced,1,0.2781935691084473,0.2781935691084473
Cell Outage,RF Unit RX Channel RTWP/RSSI Unbalanced,2,0.26710261870844243,0.26710261870844243
Cell Outage,RF Unit RX Channel RTWP/RSSI Unbalanced,3,0.273278719276963,0.273278719276963
Cell Outage,RF Unit RX Channel RTWP/RSSI Unbalanced,4,0.25799074900340085,0.25799074900340085
Cell Outage,RF Unit RX Channel RTWP/RSSI Unbalanced,5,0.2536099240812919,0.2536099240812919
Cell Outage,RF Unit RX Channel RTWP/RSSI Unbalanced,6,0.2336668090758418,0.2336668090758418
Cell Outage,RF Unit RX Channel RTWP/RSSI Unbalanced,7,0.2275086347816996,0.2275086347816996
Cell Outage,RF Unit RX Channel RTWP/RSSI Unbalanced,8,0.22887260825137334,0.22887260825137334
Cell Outage,RF Unit RX Channel RTWP/RSSI Unbalanced,9,0.20358027636769377,0.20358027636769377
Cell Outage,RF Unit RX Channel RTWP/RSSI Unbalanced,10,0.21215877638439165,0.21215877638439165
Cell Outage,RF Unit RX Channel RTWP/RSSI Unbalanced,11,0.22208721857665759,0.22208721857665759
Cell Outage,RF Unit RX Channel RTWP/RSSI Unbalanced,12,0.22950852165439148,0.22950852165439148
Cell Outage,RF Unit VSWR Threshold Crossed,-12,0.16070943135775675,0.16070943135775675
Cell Outage,RF Unit VSWR Threshold Crossed,-11,0.14938349136789408,0.14938349136789408
Cell Outage,RF Unit VSWR Threshold Crossed,-10,0.1645400476176189,0.1645400476176189
Cell Outage,RF Unit VSWR Threshold Crossed,-9,0.14243272230064255,0.14243272230064255
Cell Outage,RF Unit VSWR Threshold Crossed,-8,0.14692020483795123,0.14692020483795123
Cell Outage,RF Unit VSWR Threshold Crossed,-7,0.17359140726665728,0.17359140726665728
Cell Outage,RF Unit VSWR Threshold Crossed,-6,0.16251523321913472,0.16251523321913472
Cell Outage,RF Unit VSWR Threshold Crossed,-5,0.19885547346253019,0.19885547346253019
Cell Outage,RF Unit VSWR Threshold Crossed,-4,0.19332430762023095,0.19332430762023095
Cell Outage,RF Unit VSWR Threshold Crossed,-3,0.22475613114783694,0.22475613114783694
Cell Outage,RF Unit VSWR Threshold Crossed,-2,0.24157825475488082,0.24157825475488082
Cell Outage,RF Unit VSWR Threshold Crossed,-1,0.24260506675575724,0.24260506675575724
Cell Outage,RF Unit VSWR Threshold Crossed,0,0.32976680284570337,0.32976680284570337
Cell Outage,RF Unit VSWR Threshold Crossed,1,0.23232572876603083,0.23232572876603083
Cell Outage,RF Unit VSWR Threshold Crossed,2,0.22643561086563796,0.22643561086563796
Cell Outage,RF Unit VSWR Threshold Crossed,3,0.21716726538789097,0.21716726538789097
Cell Outage,RF Unit VSWR Threshold Crossed,4,0.19092542054011682,0.19092542054011682
Cell Outage,RF Unit VSWR Threshold Crossed,5,0.2037810720351087,0.2037810720351087
Cell Outage,RF Unit VSWR Threshold Crossed,6,0.18964916091699344,0.18964916091699344
Cell Outage,RF Unit VSWR Threshold Crossed,7,0.20115786772112068,0.20115786772112068
Cell Outage,RF Unit VSWR Threshold Crossed,8,0.20849486237748524,0.20849486237748524
Cell Outage,RF Unit VSWR Threshold Crossed,9,0.17571300471718865,0.17571300471718865
Cell Outage,RF Unit VSWR Threshold Crossed,10,0.178730356667957,0.178730356667957
Cell Outage,RF Unit VSWR Threshold Crossed,11,0.16715557892262975,0.16715557892262975
Cell Outage,RF Unit VSWR Threshold Crossed,12,0.1593721100805736,0.1593721100805736
Cell Outage,S1ap Link Down,-12,0.02800932621875409,0.02800932621875409
Cell Outage,S1ap Link Down,-11,0.024873276025437877,0.024873276025437877
Cell Outage,S1ap Link Down,-10,0.03191050150492135,0.03191050150492135
Cell Outage,S1ap Link Down,-9,0.01535607642146403,0.01535607642146403
Cell Outage,S1ap Link Down,-8,0.019332179456399975,0.019332179456399975
Cell Outage,S1ap Link Down,-7,0.019233758693540978,0.019233758693540978
Cell Outage,S1ap Link Down,-6,0.019216969115758212,0.019216969115758212
Cell Outage,S1ap Link Down,-5,0.038367632569269144,0.038367632569269144
Cell Outage,S1ap Link Down,-4,0.03217731350576369,0.03217731350576369
Cell Outage,S1ap Link Down,-3,0.046578357650036116,0.046578357650036116
Cell Outage,S1ap Link Down,-2,0.05378846629034421,0.05378846629034421
Cell Outage,S1ap Link Down,-1,0.05735015728953852,0.05735015728953852
Cell Outage,S1ap Link Down,0,0.20468165217546283,0.20468165217546283
Cell Outage,S1ap Link Down,1,0.04976438730429666,0.04976438730429666
Cell Outage,S1ap Link Down,2,0.04114078644092968,0.04114078644092968
Cell Outage,S1ap Link Down,3,0.03649315489004962,0.03649315489004962
Cell Outage,S1ap Link Down,4,0.04123169004048202,0.04123169004048202
Cell Outage,S1ap Link Down,5,0.03127931689441599,0.03127931689441599
Cell Outage,S1ap Link Down,6,0.035584787023934694,0.035584787023934694
Cell Outage,S1ap Link Down,7,0.0336009929897559,0.0336009929897559
Cell Outage,S1ap Link Down,8,0.0446397017125577,0.0446397017125577
Cell Outage,S1ap Link Down,9,0.04200191813874444,0.04200191813874444
Cell Outage,S1ap Link Down,10,0.04421257290760345,0.04421257290760345
Cell Outage,S1ap Link Down,11,0.03841985748068481,0.03841985748068481
Cell Outage,S1ap Link Down,12,0.03614035396589233,0.03614035396589233
Cell Outage,SCTP Link Fault,-12,0.051372169273631564,0.051372169273631564
Cell Outage,SCTP Link Fault,-11,0.04095713597317598,0.04095713597317598
Cell Outage,SCTP Link Fault,-10,0.04246637867584053,0.04246637867584053
Cell Outage,SCTP Link Fault,-9,0.05274370240463245,0.05274370240463245
Cell Outage,SCTP Link Fault,-8,0.027759638288198194,0.027759638288198194
Cell Outage,SCTP Link Fault,-7,0.0329400480641812,0.0329400480641812
Cell Outage,SCTP Link Fault,-6,0.03433360450752768,0.03433360450752768
Cell Outage,SCTP Link Fault,-5,0.052516955005313226,0.052516955005313226
Cell Outage,SCTP Link Fault,-4,0.050291916194527025,0.050291916194527025
Cell Outage,SCTP Link Fault,-3,0.07969293832410988,0.07969293832410988
Cell Outage,SCTP Link Fault,-2,0.07163694650971765,0.07163694650971765
Cell Outage,SCTP Link Fault,-1,0.08571054418830466,0.08571054418830466
Cell Outage,SCTP Link Fault,0,0.18319178810954692,0.18319178810954692
Cell Outage,SCTP Link Fault,1,0.06931580133475651,0.06931580133475651
Cell Outage,SCTP Link Fault,2,0.08012675526090278,0.08012675526090278
Cell Outage,SCTP Link Fault,3,0.08905543846824493,0.08905543846824493
Cell Outage,SCTP Link Fault,4,0.0591954434061755,0.0591954434061755
Cell Outage,SCTP Link Fault,5,0.07843486474340354,0.07843486474340354
Cell Outage,SCTP Link Fault,6,0.07041127450479999,0.07041127450479999
Cell Outage,SCTP Link Fault,7,0.07121935733812802,0.07121935733812802
Cell Outage,SCTP Link Fault,8,0.06456176169892806,0.06456176169892806
Cell Outage,SCTP Link Fault,9,0.08213322262240355,0.08213322262240355
Cell Outage,SCTP Link Fault,10,0.07624037186126681,0.07624037186126681
Cell Outage,SCTP Link Fault,11,0.0766585801185425,0.0766585801185425
Cell Outage,SCTP Link Fault,12,0.05480490141314229,0.05480490141314229
Cell Outage,SDH/SONET Tributary Excessive Slip Frames,-12,0.16687135986514567,0.16687135986514567
Cell Outage,SDH/SONET Tributary Excessive Slip Frames,-11,0.16283329099182411,0.16283329099182411
Cell Outage,SDH/SONET Tributary Excessive Slip Frames,-10,0.183574587515259,0.183574587515259
Cell Outage,SDH/SONET Tributary Excessive Slip Frames,-9,0.16422131875678372,0.16422131875678372
Cell Outage,SDH/SONET Tributary Excessive Slip Frames,-8,0.18219318511558796,0.18219318511558796
Cell Outage,SDH/SONET Tributary Excessive Slip Frames,-7,0.19302939396263408,0.19302939396263408
Cell Outage,SDH/SONET Tributary Excessive Slip Frames,-6,0.17134073142740486,0.17134073142740486
Cell Outage,SDH/SONET Tributary Excessive Slip Frames,-5,0.20952245505901543,0.20952245505901543
Cell Outage,SDH/SONET Tributary Excessive Slip Frames,-4,0.1777066904797569,0.1777066904797569
Cell Outage,SDH/SONET Tributary Excessive Slip Frames,-3,0.2105791789687347,0.2105791789687347
Cell Outage,SDH/SONET Tributary Excessive Slip Frames,-2,0.19400521564575854,0.19400521564575854
Cell Outage,SDH/SONET Tributary Excessive Slip Frames,-1,0.1969959499330031,0.1969959499330031
Cell Outage,SDH/SONET Tributary Excessive Slip Frames,0,0.31463527956575604,0.31463527956575604
Cell Outage,SDH/SONET Tributary Excessive Slip Frames,1,0.18110491420372116,0.18110491420372116
Cell Outage,SDH/SONET Tributary Excessive Slip Frames,2,0.1892427442999987,0.1892427442999987
Cell Outage,SDH/SONET Tributary Excessive Slip Frames,3,0.1922097163170588,0.1922097163170588
Cell Outage,SDH/SONET Tributary Excessive Slip Frames,4,0.1699052484138243,0.1699052484138243
Cell Outage,SDH/SONET Tributary Excessive Slip Frames,5,0.19458830963615864,0.19458830963615864
Cell Outage,SDH/SONET Tributary Excessive Slip Frames,6,0.16656086496197336,0.16656086496197336
Cell Outage,SDH/SONET Tributary Excessive Slip Frames,7,0.19547880042532942,0.19547880042532942
Cell Outage,SDH/SONET Tributary Excessive Slip Frames,8,0.17732386090441485,0.17732386090441485
Cell Outage,SDH/SONET Tributary Excessive Slip Frames,9,0.16885162999086842,0.16885162999086842
Cell Outage,SDH/SONET Tributary Excessive Slip Frames,10,0.19216097830403056,0.19216097830403056
Cell Outage,SDH/SONET Tributary Excessive Slip Frames,11,0.17219073682239958,0.17219073682239958
Cell Outage,SDH/SONET Tributary Excessive Slip Frames,12,0.17202689979702188,0.17202689979702188
Cell Outage,Statistical Alarm,-12,0.05141735435712958,0.05141735435712958
Cell Outage,Statistical Alarm,-11,0.046614725876318305,0.046614725876318305
Cell Outage,Statistical Alarm,-10,0.05096584069033368,0.05096584069033368
Cell Outage,Statistical Alarm,-9,0.041090536681023915,0.041090536681023915
Cell Outage,Statistical Alarm,-8,0.046091997563851315,0.046091997563851315
Cell Outage,Statistical Alarm,-7,0.04708597046772721,0.04708597046772721
Cell Outage,Statistical Alarm,-6,0.05657450429288567,0.05657450429288567
Cell Outage,Statistical Alarm,-5,0.06634312392778195,0.06634312392778195
Cell Outage,Statistical Alarm,-4,0.08358696241439242,0.08358696241439242
Cell Outage,Statistical Alarm,-3,0.07819325061778717,0.07819325061778717
Cell Outage,Statistical Alarm,-2,0.07290528033881497,0.07290528033881497
Cell Outage,Statistical Alarm,-1,0.08178329482450476,0.08178329482450476
Cell Outage,Statistical Alarm,0,0.19426864816993128,0.19426864816993128
Cell Outage,Statistical Alarm,1,0.09404594702480817,0.09404594702480817
Cell Outage,Statistical Alarm,2,0.06930098661528929,0.06930098661528929
Cell Outage,Statistical Alarm,3,0.060376107175215736,0.060376107175215736
Cell Outage,Statistical Alarm,4,0.051050743047114044,0.051050743047114044
Cell Outage,Statistical Alarm,5,0.07147371316988697,0.07147371316988697
Cell Outage,Statistical Alarm,6,0.06765332042854616,0.06765332042854616
Cell Outage,Statistical Alarm,7,0.06690105786931327,0.06690105786931327
Cell Outage,Statistical Alarm,8,0.06561004994863336,0.06561004994863336
Cell Outage,Statistical Alarm,9,0.059103378753094335,0.059103378753094335
Cell Outage,Statistical Alarm,10,0.06373063165355095,0.06373063165355095
Cell Outage,Statistical Alarm,11,0.04091523206319852,0.04091523206319852
Cell Outage,Statistical Alarm,12,0.0423319080451992,0.0423319080451992
Cell Outage,UMTS Cell MC-HSDPA Function Fault,-12,0.11450193063907844,0.11450193063907844
Cell Outage,UMTS Cell MC-HSDPA Function Fault,-11,0.11745717964849464,0.11745717964849464
Cell Outage,UMTS Cell MC-HSDPA Function Fault,-10,0.1193371498583249,0.1193371498583249
Cell Outage,UMTS Cell MC-HSDPA Function Fault,-9,0.093672388398536,0.093672388398536
Cell Outage,UMTS Cell MC-HSDPA Function Fault,-8,0.08906993371543612,0.08906993371543612
Cell Outage,UMTS Cell MC-HSDPA Function Fault,-7,0.09367937770405481,0.09367937770405481
Cell Outage,UMTS Cell MC-HSDPA Function Fault,-6,0.10259675410702505,0.10259675410702505
Cell Outage,UMTS Cell MC-HSDPA Function Fault,-5,0.1344672639051224,0.1344672639051224
Cell Outage,UMTS Cell MC-HSDPA Function Fault,-4,0.1439017041885015,0.1439017041885015
Cell Outage,UMTS Cell MC-HSDPA Function Fault,-3,0.13425235134089541,0.13425235134089541
Cell Outage,UMTS Cell MC-HSDPA Function Fault,-2,0.11192604756919479,0.11192604756919479
Cell Outage,UMTS Cell MC-HSDPA Function Fault,-1,0.08679162577808591,0.08679162577808591
Cell Outage,UMTS Cell MC-HSDPA Function Fault,0,0.0003655224239545483,0.0003655224239545483
Cell Outage,UMTS Cell MC-HSDPA Function Fault,1,-0.04631772458700566,0.04631772458700566
Cell Outage,UMTS Cell MC-HSDPA Function Fault,2,-0.05338849675142411,0.05338849675142411
Cell Outage,UMTS Cell MC-HSDPA Function Fault,3,-0.04001692420088461,0.04001692420088461
Cell Outage,UMTS Cell MC-HSDPA Function Fault,4,-0.010801890691031702,0.010801890691031702
Cell Outage,UMTS Cell MC-HSDPA Function Fault,5,0.018314209853169155,0.018314209853169155
Cell Outage,UMTS Cell MC-HSDPA Function Fault,6,0.05303508062113457,0.05303508062113457
Cell Outage,UMTS Cell MC-HSDPA Function Fault,7,0.08232578750148463,0.08232578750148463
Cell Outage,UMTS Cell MC-HSDPA Function Fault,8,0.18004283935888882,0.18004283935888882
Cell Outage,UMTS Cell MC-HSDPA Function Fault,9,0.08666963635327199,0.08666963635327199
Cell Outage,UMTS Cell MC-HSDPA Function Fault,10,0.11984573525040396,0.11984573525040396
Cell Outage,UMTS Cell MC-HSDPA Function Fault,11,0.1186417252557423,0.1186417252557423
Cell Outage,UMTS Cell MC-HSDPA Function Fault,12,0.11353341508206563,0.11353341508206563
Cell Outage,UMTS Cell Unavailable,-12,0.07343868075384188,0.07343868075384188
Cell Outage,UMTS Cell Unavailable,-11,0.0672146242244051,0.0672146242244051
Cell Outage,UMTS Cell Unavailable,-10,0.06588205659845843,0.06588205659845843
Cell Outage,UMTS Cell Unavailable,-9,0.0544230303006364,0.0544230303006364
Cell Outage,UMTS Cell Unavailable,-8,0.044464369264667604,0.044464369264667604
Cell Outage,UMTS Cell Unavailable,-7,0.05434066082829103,0.05434066082829103
Cell Outage,UMTS Cell Unavailable,-6,0.06149244589613713,0.06149244589613713
Cell Outage,UMTS Cell Unavailable,-5,0.06695229808329556,0.06695229808329556
Cell Outage,UMTS Cell Unavailable,-4,0.07405379773148958,0.07405379773148958
Cell Outage,UMTS Cell Unavailable,-3,0.11359359127507081,0.11359359127507081
Cell Outage,UMTS Cell Unavailable,-2,0.1004617900701036,0.1004617900701036
Cell Outage,UMTS Cell Unavailable,-1,0.11640201113752786,0.11640201113752786
Cell Outage,UMTS Cell Unavailable,0,0.4445361518390112,0.4445361518390112
Cell Outage,UMTS Cell Unavailable,1,0.1252778655502745,0.1252778655502745
Cell Outage,UMTS Cell Unavailable,2,0.10817065815433462,0.10817065815433462
Cell Outage,UMTS Cell Unavailable,3,0.10521791988308524,0.10521791988308524
Cell Outage,UMTS Cell Unavailable,4,0.08466842308037373,0.08466842308037373
Cell Outage,UMTS Cell Unavailable,5,0.08232884459341588,0.08232884459341588
Cell Outage,UMTS Cell Unavailable,6,0.07526779348910657,0.07526779348910657
Cell Outage,UMTS Cell Unavailable,7,0.08587410041519651,0.08587410041519651
Cell Outage,UMTS Cell Unavailable,8,0.0947889765596576,0.0947889765596576
Cell Outage,UMTS Cell Unavailable,9,0.08694327989394275,0.08694327989394275
Cell Outage,UMTS Cell Unavailable,10,0.1064002195568182,0.1064002195568182
Cell Outage,UMTS Cell Unavailable,11,0.0871196745735416,0.0871196745735416
Cell Outage,UMTS Cell Unavailable,12,0.0770752893936752,0.0770752893936752
Cell Outage,User Plane Fault,-12,0.1427489387507138,0.1427489387507138
Cell Outage,User Plane Fault,-11,0.13939563123912174,0.13939563123912174
Cell Outage,User Plane Fault,-10,0.14097546394195246,0.14097546394195246
Cell Outage,User Plane Fault,-9,0.11028224232136863,0.11028224232136863
Cell Outage,User Plane Fault,-8,0.10890197784913719,0.10890197784913719
Cell Outage,User Plane Fault,-7,0.11468175648265266,0.11468175648265266
Cell Outage,User Plane Fault,-6,0.12109660048621858,0.12109660048621858
Cell Outage,User Plane Fault,-5,0.151448607656662,0.151448607656662
Cell Outage,User Plane Fault,-4,0.15616928764347102,0.15616928764347102
Cell Outage,User Plane Fault,-3,0.18944393471898532,0.18944393471898532
Cell Outage,User Plane Fault,-2,0.2047292828062303,0.2047292828062303
Cell Outage,User Plane Fault,-1,0.211079624127866,0.211079624127866
Cell Outage,User Plane Fault,0,0.42838125201340876,0.42838125201340876
Cell Outage,User Plane Fault,1,0.21685359375201893,0.21685359375201893
Cell Outage,User Plane Fault,2,0.19888259314985174,0.19888259314985174
Cell Outage,User Plane Fault,3,0.1958522309168951,0.1958522309168951
Cell Outage,User Plane Fault,4,0.17833516585357134,0.17833516585357134
Cell Outage,User Plane Fault,5,0.1895753238440625,0.1895753238440625
Cell Outage,User Plane Fault,6,0.174585113444102,0.174585113444102
Cell Outage,User Plane Fault,7,0.17538643076252983,0.17538643076252983
Cell Outage,User Plane Fault,8,0.18057663238051644,0.18057663238051644
Cell Outage,User Plane Fault,9,0.17022063631146875,0.17022063631146875
Cell Outage,User Plane Fault,10,0.1923449127254164,0.1923449127254164
Cell Outage,User Plane Fault,11,0.15934252191977927,0.15934252191977927
Cell Outage,User Plane Fault,12,0.1454741374244639,0.1454741374244639
Cell Outage,X2 Interface Fault,-12,0.13768917748055984,0.13768917748055984
Cell Outage,X2 Interface Fault,-11,0.12521827884347225,0.12521827884347225
Cell Outage,X2 Interface Fault,-10,0.11632169596305698,0.11632169596305698
Cell Outage,X2 Interface Fault,-9,0.09104154028181106,0.09104154028181106
Cell Outage,X2 Interface Fault,-8,0.0923103509997458,0.0923103509997458
Cell Outage,X2 Interface Fault,-7,0.09246765270885945,0.09246765270885945
Cell Outage,X2 Interface Fault,-6,0.10041947896843702,0.10041947896843702
Cell Outage,X2 Interface Fault,-5,0.12647904657870898,0.12647904657870898
Cell Outage,X2 Interface Fault,-4,0.1440037771065284,0.1440037771065284
Cell Outage,X2 Interface Fault,-3,0.1812983370124061,0.1812983370124061
Cell Outage,X2 Interface Fault,-2,0.19773368872128597,0.19773368872128597
Cell Outage,X2 Interface Fault,-1,0.22042687399498365,0.22042687399498365
Cell Outage,X2 Interface Fault,0,0.37186171585340305,0.37186171585340305
Cell Outage,X2 Interface Fault,1,0.22438053286442838,0.22438053286442838
Cell Outage,X2 Interface Fault,2,0.2080533508101215,0.2080533508101215
Cell Outage,X2 Interface Fault,3,0.20439718004274132,0.20439718004274132
Cell Outage,X2 Interface Fault,4,0.18083282902226797,0.18083282902226797
Cell Outage,X2 Interface Fault,5,0.18723862049508036,0.18723862049508036
Cell Outage,X2 Interface Fault,6,0.1766234690932227,0.1766234690932227
Cell Outage,X2 Interface Fault,7,0.17114325222743865,0.17114325222743865
Cell Outage,X2 Interface Fault,8,0.18691956291819434,0.18691956291819434
Cell Outage,X2 Interface Fault,9,0.1752982935053823,0.1752982935053823
Cell Outage,X2 Interface Fault,10,0.17752509425450605,0.17752509425450605
Cell Outage,X2 Interface Fault,11,0.1493985670960742,0.1493985670960742
Cell Outage,X2 Interface Fault,12,0.1394305415774472,0.1394305415774472
Cell RX Channel Interference Noise Power Unbalanced,Cell Unavailable,-12,0.12565658012638456,0.12565658012638456
Cell RX Channel Interference Noise Power Unbalanced,Cell Unavailable,-11,0.11710874977634417,0.11710874977634417
Cell RX Channel Interference Noise Power Unbalanced,Cell Unavailable,-10,0.11488738084299775,0.11488738084299775
Cell RX Channel Interference Noise Power Unbalanced,Cell Unavailable,-9,0.09251675456486391,0.09251675456486391
Cell RX Channel Interference Noise Power Unbalanced,Cell Unavailable,-8,0.11293194516272854,0.11293194516272854
Cell RX Channel Interference Noise Power Unbalanced,Cell Unavailable,-7,0.1045493153062118,0.1045493153062118
Cell RX Channel Interference Noise Power Unbalanced,Cell Unavailable,-6,0.11036288841508317,0.11036288841508317
Cell RX Channel Interference Noise Power Unbalanced,Cell Unavailable,-5,0.12106987178204222,0.12106987178204222
Cell RX Channel Interference Noise Power Unbalanced,Cell Unavailable,-4,0.13668581864293922,0.13668581864293922
Cell RX Channel Interference Noise Power Unbalanced,Cell Unavailable,-3,0.16403184962043071,0.16403184962043071
Cell RX Channel Interference Noise Power Unbalanced,Cell Unavailable,-2,0.14882956934844754,0.14882956934844754
Cell RX Channel Interference Noise Power Unbalanced,Cell Unavailable,-1,0.16535984252745778,0.16535984252745778
Cell RX Channel Interference Noise Power Unbalanced,Cell Unavailable,0,0.1902786935661566,0.1902786935661566
Cell RX Channel Interference Noise Power Unbalanced,Cell Unavailable,1,0.13884380043979794,0.13884380043979794
Cell RX Channel Interference Noise Power Unbalanced,Cell Unavailable,2,0.15470450611089476,0.15470450611089476
Cell RX Channel Interference Noise Power Unbalanced,Cell Unavailable,3,0.16079385842164598,0.16079385842164598
Cell RX Channel Interference Noise Power Unbalanced,Cell Unavailable,4,0.12847443310120193,0.12847443310120193
Cell RX Channel Interference Noise Power Unbalanced,Cell Unavailable,5,0.14167418807048873,0.14167418807048873
Cell RX Channel Interference Noise Power Unbalanced,Cell Unavailable,6,0.13166808260244128,0.13166808260244128
Cell RX Channel Interference Noise Power Unbalanced,Cell Unavailable,7,0.142244402207266,0.142244402207266
Cell RX Channel Interference Noise Power Unbalanced,Cell Unavailable,8,0.1360398385508937,0.1360398385508937
Cell RX Channel Interference Noise Power Unbalanced,Cell Unavailable,9,0.13027157474580486,0.13027157474580486
Cell RX Channel Interference Noise Power Unbalanced,Cell Unavailable,10,0.1412199464234619,0.1412199464234619
Cell RX Channel Interference Noise Power Unbalanced,Cell Unavailable,11,0.11672758948198057,0.11672758948198057
Cell RX Channel Interference Noise Power Unbalanced,Cell Unavailable,12,0.12524223788175462,0.12524223788175462
Cell RX Channel Interference Noise Power Unbalanced,Commercial Power Down (Main Power Down),-12,0.3309599357776933,0.3309599357776933
Cell RX Channel Interference Noise Power Unbalanced,Commercial Power Down (Main Power Down),-11,0.3039637867094273,0.3039637867094273
Cell RX Channel Interference Noise Power Unbalanced,Commercial Power Down (Main Power Down),-10,0.3049509163233016,0.3049509163233016
Cell RX Channel Interference Noise Power Unbalanced,Commercial Power Down (Main Power Down),-9,0.2828851566208166,0.2828851566208166
Cell RX Channel Interference Noise Power Unbalanced,Commercial Power Down (Main Power Down),-8,0.3085254836848118,0.3085254836848118
Cell RX Channel Interference Noise Power Unbalanced,Commercial Power Down (Main Power Down),-7,0.2765690724814836,0.2765690724814836
Cell RX Channel Interference Noise Power Unbalanced,Commercial Power Down (Main Power Down),-6,0.2678326814208431,0.2678326814208431
Cell RX Channel Interference Noise Power Unbalanced,Commercial Power Down (Main Power Down),-5,0.2930441427482824,0.2930441427482824
Cell RX Channel Interference Noise Power Unbalanced,Commercial Power Down (Main Power Down),-4,0.27564276521332837,0.27564276521332837
Cell RX Channel Interference Noise Power Unbalanced,Commercial Power Down (Main Power Down),-3,0.31336371253084166,0.31336371253084166
Cell RX Channel Interference Noise Power Unbalanced,Commercial Power Down (Main Power Down),-2,0.3290283938838236,0.3290283938838236
Cell RX Channel Interference Noise Power Unbalanced,Commercial Power Down (Main Power Down),-1,0.3717068480477937,0.3717068480477937
Cell RX Channel Interference Noise Power Unbalanced,Commercial Power Down (Main Power Down),0,0.43254165809450806,0.43254165809450806
Cell RX Channel Interference Noise Power Unbalanced,Commercial Power Down (Main Power Down),1,0.36946337279155533,0.36946337279155533
Cell RX Channel Interference Noise Power Unbalanced,Commercial Power Down (Main Power Down),2,0.4026532124997915,0.4026532124997915
Cell RX Channel Interference Noise Power Unbalanced,Commercial Power Down (Main Power Down),3,0.40468367737713895,0.40468367737713895
Cell RX Channel Interference Noise Power Unbalanced,Commercial Power Down (Main Power Down),4,0.4034021631244787,0.4034021631244787
Cell RX Channel Interference Noise Power Unbalanced,Commercial Power Down (Main Power Down),5,0.4097649067105307,0.4097649067105307
Cell RX Channel Interference Noise Power Unbalanced,Commercial Power Down (Main Power Down),6,0.38996203144444025,0.38996203144444025
Cell RX Channel Interference Noise Power Unbalanced,Commercial Power Down (Main Power Down),7,0.39999595771556956,0.39999595771556956
Cell RX Channel Interference Noise Power Unbalanced,Commercial Power Down (Main Power Down),8,0.3877870567738499,0.3877870567738499
Cell RX Channel Interference Noise Power Unbalanced,Commercial Power Down (Main Power Down),9,0.36241029786377565,0.36241029786377565
Cell RX Channel Interference Noise Power Unbalanced,Commercial Power Down (Main Power Down),10,0.36738506961832845,0.36738506961832845
Cell RX Channel Interference Noise Power Unbalanced,Commercial Power Down (Main Power Down),11,0.345556533423931,0.345556533423931
Cell RX Channel Interference Noise Power Unbalanced,Commercial Power Down (Main Power Down),12,0.32370195137310515,0.32370195137310515
Cell RX Channel Interference Noise Power Unbalanced,Core CPU Overload,-12,0.14772676502800008,0.14772676502800008
Cell RX Channel Interference Noise Power Unbalanced,Core CPU Overload,-11,0.14326767249169986,0.14326767249169986
Cell RX Channel Interference Noise Power Unbalanced,Core CPU Overload,-10,0.17521892836964562,0.17521892836964562
Cell RX Channel Interference Noise Power Unbalanced,Core CPU Overload,-9,0.1725176006463258,0.1725176006463258
Cell RX Channel Interference Noise Power Unbalanced,Core CPU Overload,-8,0.19816938550511334,0.19816938550511334
Cell RX Channel Interference Noise Power Unbalanced,Core CPU Overload,-7,0.20180479818733638,0.20180479818733638
Cell RX Channel Interference Noise Power Unbalanced,Core CPU Overload,-6,0.2071983716352404,0.2071983716352404
Cell RX Channel Interference Noise Power Unbalanced,Core CPU Overload,-5,0.24720944828589922,0.24720944828589922
Cell RX Channel Interference Noise Power Unbalanced,Core CPU Overload,-4,0.2661557287410271,0.2661557287410271
Cell RX Channel Interference Noise Power Unbalanced,Core CPU Overload,-3,0.3113721702768457,0.3113721702768457
Cell RX Channel Interference Noise Power Unbalanced,Core CPU Overload,-2,0.3159605475353484,0.3159605475353484
Cell RX Channel Interference Noise Power Unbalanced,Core CPU Overload,-1,0.3496109416034335,0.3496109416034335
Cell RX Channel Interference Noise Power Unbalanced,Core CPU Overload,0,0.4143013037505314,0.4143013037505314
Cell RX Channel Interference Noise Power Unbalanced,Core CPU Overload,1,0.3529713213945651,0.3529713213945651
Cell RX Channel Interference Noise Power Unbalanced,Core CPU Overload,2,0.376521450431956,0.376521450431956
Cell RX Channel Interference Noise Power Unbalanced,Core CPU Overload,3,0.36199534748131784,0.36199534748131784
Cell RX Channel Interference Noise Power Unbalanced,Core CPU Overload,4,0.3487016040167531,0.3487016040167531
Cell RX Channel Interference Noise Power Unbalanced,Core CPU Overload,5,0.33577708783085897,0.33577708783085897
Cell RX Channel Interference Noise Power Unbalanced,Core CPU Overload,6,0.30688720124057267,0.30688720124057267
Cell RX Channel Interference Noise Power Unbalanced,Core CPU Overload,7,0.30978237590346386,0.30978237590346386
Cell RX Channel Interference Noise Power Unbalanced,Core CPU Overload,8,0.27804067239533553,0.27804067239533553
Cell RX Channel Interference Noise Power Unbalanced,Core CPU Overload,9,0.24005788869325034,0.24005788869325034
Cell RX Channel Interference Noise Power Unbalanced,Core CPU Overload,10,0.21139118876882582,0.21139118876882582
Cell RX Channel Interference Noise Power Unbalanced,Core CPU Overload,11,0.16068053004887564,0.16068053004887564
Cell RX Channel Interference Noise Power Unbalanced,Core CPU Overload,12,0.14840358726413838,0.14840358726413838
Cell RX Channel Interference Noise Power Unbalanced,E1/T1 Excessive Bit Error Rate,-12,0.3004149029326459,0.3004149029326459
Cell RX Channel Interference Noise Power Unbalanced,E1/T1 Excessive Bit Error Rate,-11,0.2980742228795478,0.2980742228795478
Cell RX Channel Interference Noise Power Unbalanced,E1/T1 Excessive Bit Error Rate,-10,0.29891699580251774,0.29891699580251774
Cell RX Channel Interference Noise Power Unbalanced,E1/T1 Excessive Bit Error Rate,-9,0.2926848125129285,0.2926848125129285
Cell RX Channel Interference Noise Power Unbalanced,E1/T1 Excessive Bit Error Rate,-8,0.32626389181149734,0.32626389181149734
Cell RX Channel Interference Noise Power Unbalanced,E1/T1 Excessive Bit Error Rate,-7,0.3249853738711397,0.3249853738711397
Cell RX Channel Interference Noise Power Unbalanced,E1/T1 Excessive Bit Error Rate,-6,0.3294088228222248,0.3294088228222248
Cell RX Channel Interference Noise Power Unbalanced,E1/T1 Excessive Bit Error Rate,-5,0.3355540135471694,0.3355540135471694
Cell RX Channel Interference Noise Power Unbalanced,E1/T1 Excessive Bit Error Rate,-4,0.3392365794750683,0.3392365794750683
Cell RX Channel Interference Noise Power Unbalanced,E1/T1 Excessive Bit Error Rate,-3,0.3731456394478427,0.3731456394478427
Cell RX Channel Interference Noise Power Unbalanced,E1/T1 Excessive Bit Error Rate,-2,0.3844967151357009,0.3844967151357009
Cell RX Channel Interference Noise Power Unbalanced,E1/T1 Excessive Bit Error Rate,-1,0.4152920459887144,0.4152920459887144
Cell RX Channel Interference Noise Power Unbalanced,E1/T1 Excessive Bit Error Rate,0,0.47395790885437666,0.47395790885437666
Cell RX Channel Interference Noise Power Unbalanced,E1/T1 Excessive Bit Error Rate,1,0.3800920832506037,0.3800920832506037
Cell RX Channel Interference Noise Power Unbalanced,E1/T1 Excessive Bit Error Rate,2,0.3858174454457854,0.3858174454457854
Cell RX Channel Interference Noise Power Unbalanced,E1/T1 Excessive Bit Error Rate,3,0.3567180517079432,0.3567180517079432
Cell RX Channel Interference Noise Power Unbalanced,E1/T1 Excessive Bit Error Rate,4,0.3625794606192311,0.3625794606192311
Cell RX Channel Interference Noise Power Unbalanced,E1/T1 Excessive Bit Error Rate,5,0.3492917357004781,0.3492917357004781
Cell RX Channel Interference Noise Power Unbalanced,E1/T1 Excessive Bit Error Rate,6,0.34144519078133395,0.34144519078133395
Cell RX Channel Interference Noise Power Unbalanced,E1/T1 Excessive Bit Error Rate,7,0.3342856796115188,0.3342856796115188
Cell RX Channel Interference Noise Power Unbalanced,E1/T1 Excessive Bit Error Rate,8,0.34248241997972856,0.34248241997972856
Cell RX Channel Interference Noise Power Unbalanced,E1/T1 Excessive Bit Error Rate,9,0.3062600928942858,0.3062600928942858
Cell RX Channel Interference Noise Power Unbalanced,E1/T1 Excessive Bit Error Rate,10,0.3302485660247974,0.3302485660247974
Cell RX Channel Interference Noise Power Unbalanced,E1/T1 Excessive Bit Error Rate,11,0.29941104823199394,0.29941104823199394
Cell RX Channel Interference Noise Power Unbalanced,E1/T1 Excessive Bit Error Rate,12,0.29311222345461885,0.29311222345461885
Cell RX Channel Interference Noise Power Unbalanced,External Clock Reference Problem,-12,0.2661792717876484,0.2661792717876484
Cell RX Channel Interference Noise Power Unbalanced,External Clock Reference Problem,-11,0.2521584579198628,0.2521584579198628
Cell RX Channel Interference Noise Power Unbalanced,External Clock Reference Problem,-10,0.25510447406371795,0.25510447406371795
Cell RX Channel Interference Noise Power Unbalanced,External Clock Reference Problem,-9,0.23316953604742424,0.23316953604742424
Cell RX Channel Interference Noise Power Unbalanced,External Clock Reference Problem,-8,0.25666322733900904,0.25666322733900904
Cell RX Channel Interference Noise Power Unbalanced,External Clock Reference Problem,-7,0.2541743043407686,0.2541743043407686
Cell RX Channel Interference Noise Power Unbalanced,External Clock Reference Problem,-6,0.25593616286888743,0.25593616286888743
Cell RX Channel Interference Noise Power Unbalanced,External Clock Reference Problem,-5,0.27194254168025495,0.27194254168025495
Cell RX Channel Interference Noise Power Unbalanced,External Clock Reference Problem,-4,0.28275669778470736,0.28275669778470736
Cell RX Channel Interference Noise Power Unbalanced,External Clock Reference Problem,-3,0.29450660891129277,0.29450660891129277
Cell RX Channel Interference Noise Power Unbalanced,External Clock Reference Problem,-2,0.3068410895252932,0.3068410895252932
Cell RX Channel Interference Noise Power Unbalanced,External Clock Reference Problem,-1,0.2989411114939564,0.2989411114939564
Cell RX Channel Interference Noise Power Unbalanced,External Clock Reference Problem,0,0.33986510936749137,0.33986510936749137
Cell RX Channel Interference Noise Power Unbalanced,External Clock Reference Problem,1,0.31179067558146856,0.31179067558146856
Cell RX Channel Interference Noise Power Unbalanced,External Clock Reference Problem,2,0.31852592447320266,0.31852592447320266
Cell RX Channel Interference Noise Power Unbalanced,External Clock Reference Problem,3,0.29414162810627886,0.29414162810627886
Cell RX Channel Interference Noise Power Unbalanced,External Clock Reference Problem,4,0.2852332365356605,0.2852332365356605
Cell RX Channel Interference Noise Power Unbalanced,External Clock Reference Problem,5,0.29662607797493196,0.29662607797493196
Cell RX Channel Interference Noise Power Unbalanced,External Clock Reference Problem,6,0.29177627977829745,0.29177627977829745
Cell RX Channel Interference Noise Power Unbalanced,External Clock Reference Problem,7,0.3017947133070004,0.3017947133070004
Cell RX Channel Interference Noise Power Unbalanced,External Clock Reference Problem,8,0.281322184123651,0.281322184123651
Cell RX Channel Interference Noise Power Unbalanced,External Clock Reference Problem,9,0.2855972460876117,0.2855972460876117
Cell RX Channel Interference Noise Power Unbalanced,External Clock Reference Problem,10,0.27539980412540066,0.27539980412540066
Cell RX Channel Interference Noise Power Unbalanced,External Clock Reference Problem,11,0.2695735796353095,0.2695735796353095
Cell RX Channel Interference Noise Power Unbalanced,External Clock Reference Problem,12,0.2636135551858911,0.2636135551858911
Cell RX Channel Interference Noise Power Unbalanced,GSM Cell out of Service,-12,0.16927938257145544,0.16927938257145544
Cell RX Channel Interference Noise Power Unbalanced,GSM Cell out of Service,-11,0.1540621558262869,0.1540621558262869
Cell RX Channel Interference Noise Power Unbalanced,GSM Cell out of Service,-10,0.15467898097599964,0.15467898097599964
Cell RX Channel Interference Noise Power Unbalanced,GSM Cell out of Service,-9,0.14485126388204506,0.14485126388204506
Cell RX Channel Interference Noise Power Unbalanced,GSM Cell out of Service,-8,0.1530604846051372,0.1530604846051372
Cell RX Channel Interference Noise Power Unbalanced,GSM Cell out of Service,-7,0.15981426806734628,0.15981426806734628
Cell RX Channel Interference Noise Power Unbalanced,GSM Cell out of Service,-6,0.15910824954686928,0.15910824954686928
Cell RX Channel Interference Noise Power Unbalanced,GSM Cell out of Service,-5,0.16432941151898978,0.16432941151898978
Cell RX Channel Interference Noise Power Unbalanced,GSM Cell out of Service,-4,0.1782816519378833,0.1782816519378833
Cell RX Channel Interference Noise Power Unbalanced,GSM Cell out of Service,-3,0.21307792445656396,0.21307792445656396
Cell RX Channel Interference Noise Power Unbalanced,GSM Cell out of Service,-2,0.20902468208763977,0.20902468208763977
Cell RX Channel Interference Noise Power Unbalanced,GSM Cell out of Service,-1,0.2367721545198332,0.2367721545198332
Cell RX Channel Interference Noise Power Unbalanced,GSM Cell out of Service,0,0.28245998863245797,0.28245998863245797
Cell RX Channel Interference Noise Power Unbalanced,GSM Cell out of Service,1,0.20099240637032606,0.20099240637032606
Cell RX Channel Interference Noise Power Unbalanced,GSM Cell out of Service,2,0.2187142188169577,0.2187142188169577
Cell RX Channel Interference Noise Power Unbalanced,GSM Cell out of Service,3,0.2050337823700313,0.2050337823700313
Cell RX Channel Interference Noise Power Unbalanced,GSM Cell out of Service,4,0.19125694795775328,0.19125694795775328
Cell RX Channel Interference Noise Power Unbalanced,GSM Cell out of Service,5,0.1917106729282365,0.1917106729282365
Cell RX Channel Interference Noise Power Unbalanced,GSM Cell out of Service,6,0.18172686191572474,0.18172686191572474
Cell RX Channel Interference Noise Power Unbalanced,GSM Cell out of Service,7,0.20575669638860067,0.20575669638860067
Cell RX Channel Interference Noise Power Unbalanced,GSM Cell out of Service,8,0.21162401979573242,0.21162401979573242
Cell RX Channel Interference Noise Power Unbalanced,GSM Cell out of Service,9,0.1808377244190992,0.1808377244190992
Cell RX Channel Interference Noise Power Unbalanced,GSM Cell out of Service,10,0.1867948080723142,0.1867948080723142
Cell RX Channel Interference Noise Power Unbalanced,GSM Cell out of Service,11,0.17123651872832266,0.17123651872832266
Cell RX Channel Interference Noise Power Unbalanced,GSM Cell out of Service,12,0.175084159568899,0.175084159568899
Cell RX Channel Interference Noise Power Unbalanced,GTPC Tunnel Path Broken,-12,0.1532964529777519,0.1532964529777519
Cell RX Channel Interference Noise Power Unbalanced,GTPC Tunnel Path Broken,-11,0.17362319149921693,0.17362319149921693
Cell RX Channel Interference Noise Power Unbalanced,GTPC Tunnel Path Broken,-10,0.16282918148579925,0.16282918148579925
Cell RX Channel Interference Noise Power Unbalanced,GTPC Tunnel Path Broken,-9,0.18016816019111734,0.18016816019111734
Cell RX Channel Interference Noise Power Unbalanced,GTPC Tunnel Path Broken,-8,0.19616833866565073,0.19616833866565073
Cell RX Channel Interference Noise Power Unbalanced,GTPC Tunnel Path Broken,-7,0.183938749798152,0.183938749798152
Cell RX Channel Interference Noise Power Unbalanced,GTPC Tunnel Path Broken,-6,0.19272403506218289,0.19272403506218289
Cell RX Channel Interference Noise Power Unbalanced,GTPC Tunnel Path Broken,-5,0.19144083092423572,0.19144083092423572
Cell RX Channel Interference Noise Power Unbalanced,GTPC Tunnel Path Broken,-4,0.217361508544438,0.217361508544438
Cell RX Channel Interference Noise Power Unbalanced,GTPC Tunnel Path Broken,-3,0.22446903058146578,0.22446903058146578
Cell RX Channel Interference Noise Power Unbalanced,GTPC Tunnel Path Broken,-2,0.23308937156289194,0.23308937156289194
Cell RX Channel Interference Noise Power Unbalanced,GTPC Tunnel Path Broken,-1,0.25502167622869154,0.25502167622869154
Cell RX Channel Interference Noise Power Unbalanced,GTPC Tunnel Path Broken,0,0.26486725470043576,0.26486725470043576
Cell RX Channel Interference Noise Power Unbalanced,GTPC Tunnel Path Broken,1,0.24202922342019736,0.24202922342019736
Cell RX Channel Interference Noise Power Unbalanced,GTPC Tunnel Path Broken,2,0.23943495748524574,0.23943495748524574
Cell RX Channel Interference Noise Power Unbalanced,GTPC Tunnel Path Broken,3,0.23029033837291277,0.23029033837291277
Cell RX Channel Interference Noise Power Unbalanced,GTPC Tunnel Path Broken,4,0.23790675130236272,0.23790675130236272
Cell RX Channel Interference Noise Power Unbalanced,GTPC Tunnel Path Broken,5,0.2086231805886836,0.2086231805886836
Cell RX Channel Interference Noise Power Unbalanced,GTPC Tunnel Path Broken,6,0.202931899199845,0.202931899199845
Cell RX Channel Interference Noise Power Unbalanced,GTPC Tunnel Path Broken,7,0.17768768221933745,0.17768768221933745
Cell RX Channel Interference Noise Power Unbalanced,GTPC Tunnel Path Broken,8,0.17894730762626013,0.17894730762626013
Cell RX Channel Interference Noise Power Unbalanced,GTPC Tunnel Path Broken,9,0.17405544271458315,0.17405544271458315
Cell RX Channel Interference Noise Power Unbalanced,GTPC Tunnel Path Broken,10,0.1777772835560231,0.1777772835560231
Cell RX Channel Interference Noise Power Unbalanced,GTPC Tunnel Path Broken,11,0.1681689822977869,0.1681689822977869
Cell RX Channel Interference Noise Power Unbalanced,GTPC Tunnel Path Broken,12,0.15813869062987607,0.15813869062987607
Cell RX Channel Interference Noise Power Unbalanced,High Temperature (35Â°),-12,0.2767838670776621,0.2767838670776621
Cell RX Channel Interference Noise Power Unbalanced,High Temperature (35Â°),-11,0.25845811194402163,0.25845811194402163
Cell RX Channel Interference Noise Power Unbalanced,High Temperature (35Â°),-10,0.26231765228900755,0.26231765228900755
Cell RX Channel Interference Noise Power Unbalanced,High Temperature (35Â°),-9,0.23022692108708642,0.23022692108708642
Cell RX Channel Interference Noise Power Unbalanced,High Temperature (35Â°),-8,0.2582630333195283,0.2582630333195283
Cell RX Channel Interference Noise Power Unbalanced,High Temperature (35Â°),-7,0.23946167142010266,0.23946167142010266
Cell RX Channel Interference Noise Power Unbalanced,High Temperature (35Â°),-6,0.254785129801456,0.254785129801456
Cell RX Channel Interference Noise Power Unbalanced,High Temperature (35Â°),-5,0.27227086282840446,0.27227086282840446
Cell RX Channel Interference Noise Power Unbalanced,High Temperature (35Â°),-4,0.2827728766172211,0.2827728766172211
Cell RX Channel Interference Noise Power Unbalanced,High Temperature (35Â°),-3,0.32586057843593474,0.32586057843593474
Cell RX Channel Interference Noise Power Unbalanced,High Temperature (35Â°),-2,0.3566758282936734,0.3566758282936734
Cell RX Channel Interference Noise Power Unbalanced,High Temperature (35Â°),-1,0.3905676607092505,0.3905676607092505
Cell RX Channel Interference Noise Power Unbalanced,High Temperature (35Â°),0,0.49027277656249335,0.49027277656249335
Cell RX Channel Interference Noise Power Unbalanced,High Temperature (35Â°),1,0.35958314781601125,0.35958314781601125
Cell RX Channel Interference Noise Power Unbalanced,High Temperature (35Â°),2,0.3958923607751148,0.3958923607751148
Cell RX Channel Interference Noise Power Unbalanced,High Temperature (35Â°),3,0.36785860507999446,0.36785860507999446
Cell RX Channel Interference Noise Power Unbalanced,High Temperature (35Â°),4,0.3522303576808168,0.3522303576808168
Cell RX Channel Interference Noise Power Unbalanced,High Temperature (35Â°),5,0.3572998967154718,0.3572998967154718
Cell RX Channel Interference Noise Power Unbalanced,High Temperature (35Â°),6,0.3408607131960984,0.3408607131960984
Cell RX Channel Interference Noise Power Unbalanced,High Temperature (35Â°),7,0.34397119452212843,0.34397119452212843
Cell RX Channel Interference Noise Power Unbalanced,High Temperature (35Â°),8,0.3301559756864791,0.3301559756864791
Cell RX Channel Interference Noise Power Unbalanced,High Temperature (35Â°),9,0.31128726573950516,0.31128726573950516
Cell RX Channel Interference Noise Power Unbalanced,High Temperature (35Â°),10,0.32005145015577646,0.32005145015577646
Cell RX Channel Interference Noise Power Unbalanced,High Temperature (35Â°),11,0.286774889398888,0.286774889398888
Cell RX Channel Interference Noise Power Unbalanced,High Temperature (35Â°),12,0.27594146796607855,0.27594146796607855
Cell RX Channel Interference Noise Power Unbalanced,IP PM Activation Failure,-12,0.02576644641028286,0.02576644641028286
Cell RX Channel Interference Noise Power Unbalanced,IP PM Activation Failure,-11,0.008069019451216028,0.008069019451216028
Cell RX Channel Interference Noise Power Unbalanced,IP PM Activation Failure,-10,0.00962240681656327,0.00962240681656327
Cell RX Channel Interference Noise Power Unbalanced,IP PM Activation Failure,-9,0.004100072832238734,0.004100072832238734
Cell RX Channel Interference Noise Power Unbalanced,IP PM Activation Failure,-8,0.013691973839509777,0.013691973839509777
Cell RX Channel Interference Noise Power Unbalanced,IP PM Activation Failure,-7,0.012125029611004878,0.012125029611004878
Cell RX Channel Interference Noise Power Unbalanced,IP PM Activation Failure,-6,0.014764703332865493,0.014764703332865493
Cell RX Channel Interference Noise Power Unbalanced,IP PM Activation Failure,-5,0.013491675816012159,0.013491675816012159
Cell RX Channel Interference Noise Power Unbalanced,IP PM Activation Failure,-4,0.023387099538489498,0.023387099538489498
Cell RX Channel Interference Noise Power Unbalanced,IP PM Activation Failure,-3,0.02858674785044638,0.02858674785044638
Cell RX Channel Interference Noise Power Unbalanced,IP PM Activation Failure,-2,0.03496731319274277,0.03496731319274277
Cell RX Channel Interference Noise Power Unbalanced,IP PM Activation Failure,-1,0.03503290193773194,0.03503290193773194
Cell RX Channel Interference Noise Power Unbalanced,IP PM Activation Failure,0,0.04241476762212412,0.04241476762212412
Cell RX Channel Interference Noise Power Unbalanced,IP PM Activation Failure,1,0.030428663105208895,0.030428663105208895
Cell RX Channel Interference Noise Power Unbalanced,IP PM Activation Failure,2,0.037707509727738286,0.037707509727738286
Cell RX Channel Interference Noise Power Unbalanced,IP PM Activation Failure,3,0.01155017861059998,0.01155017861059998
Cell RX Channel Interference Noise Power Unbalanced,IP PM Activation Failure,4,0.016240843941866402,0.016240843941866402
Cell RX Channel Interference Noise Power Unbalanced,IP PM Activation Failure,5,0.0261995776039763,0.0261995776039763
Cell RX Channel Interference Noise Power Unbalanced,IP PM Activation Failure,6,0.030856833270059003,0.030856833270059003
Cell RX Channel Interference Noise Power Unbalanced,IP PM Activation Failure,7,0.030587131359791866,0.030587131359791866
Cell RX Channel Interference Noise Power Unbalanced,IP PM Activation Failure,8,0.024040393225353222,0.024040393225353222
Cell RX Channel Interference Noise Power Unbalanced,IP PM Activation Failure,9,0.01815104708686911,0.01815104708686911
Cell RX Channel Interference Noise Power Unbalanced,IP PM Activation Failure,10,0.028108076154019456,0.028108076154019456
Cell RX Channel Interference Noise Power Unbalanced,IP PM Activation Failure,11,0.01371543039111001,0.01371543039111001
Cell RX Channel Interference Noise Power Unbalanced,IP PM Activation Failure,12,0.01930309548720591,0.01930309548720591
Cell RX Channel Interference Noise Power Unbalanced,Local Cell Unusable,-12,0.14291670448714563,0.14291670448714563
Cell RX Channel Interference Noise Power Unbalanced,Local Cell Unusable,-11,0.11688744169866304,0.11688744169866304
Cell RX Channel Interference Noise Power Unbalanced,Local Cell Unusable,-10,0.1286449100111528,0.1286449100111528
Cell RX Channel Interference Noise Power Unbalanced,Local Cell Unusable,-9,0.11380388404441784,0.11380388404441784
Cell RX Channel Interference Noise Power Unbalanced,Local Cell Unusable,-8,0.12107548780177205,0.12107548780177205
Cell RX Channel Interference Noise Power Unbalanced,Local Cell Unusable,-7,0.12645640037834802,0.12645640037834802
Cell RX Channel Interference Noise Power Unbalanced,Local Cell Unusable,-6,0.1404677023333644,0.1404677023333644
Cell RX Channel Interference Noise Power Unbalanced,Local Cell Unusable,-5,0.1712524495720958,0.1712524495720958
Cell RX Channel Interference Noise Power Unbalanced,Local Cell Unusable,-4,0.1860700665652411,0.1860700665652411
Cell RX Channel Interference Noise Power Unbalanced,Local Cell Unusable,-3,0.2112444105180993,0.2112444105180993
Cell RX Channel Interference Noise Power Unbalanced,Local Cell Unusable,-2,0.22724131698841657,0.22724131698841657
Cell RX Channel Interference Noise Power Unbalanced,Local Cell Unusable,-1,0.25074724521712377,0.25074724521712377
Cell RX Channel Interference Noise Power Unbalanced,Local Cell Unusable,0,0.2900476320719472,0.2900476320719472
Cell RX Channel Interference Noise Power Unbalanced,Local Cell Unusable,1,0.23569897978178142,0.23569897978178142
Cell RX Channel Interference Noise Power Unbalanced,Local Cell Unusable,2,0.2517814561787581,0.2517814561787581
Cell RX Channel Interference Noise Power Unbalanced,Local Cell Unusable,3,0.2272043342572982,0.2272043342572982
Cell RX Channel Interference Noise Power Unbalanced,Local Cell Unusable,4,0.21894809522044484,0.21894809522044484
Cell RX Channel Interference Noise Power Unbalanced,Local Cell Unusable,5,0.23180849744387827,0.23180849744387827
Cell RX Channel Interference Noise Power Unbalanced,Local Cell Unusable,6,0.21640164239257018,0.21640164239257018
Cell RX Channel Interference Noise Power Unbalanced,Local Cell Unusable,7,0.21939526160928768,0.21939526160928768
Cell RX Channel Interference Noise Power Unbalanced,Local Cell Unusable,8,0.21323729337633213,0.21323729337633213
Cell RX Channel Interference Noise Power Unbalanced,Local Cell Unusable,9,0.1811982077811652,0.1811982077811652
Cell RX Channel Interference Noise Power Unbalanced,Local Cell Unusable,10,0.18313674247950684,0.18313674247950684
Cell RX Channel Interference Noise Power Unbalanced,Local Cell Unusable,11,0.14786336701352773,0.14786336701352773
Cell RX Channel Interference Noise Power Unbalanced,Local Cell Unusable,12,0.14240310441091267,0.14240310441091267
Cell RX Channel Interference Noise Power Unbalanced,Parallel Alarm Exceeds the Limit,-12,0.07356654808324548,0.07356654808324548
Cell RX Channel Interference Noise Power Unbalanced,Parallel Alarm Exceeds the Limit,-11,0.05443267155175762,0.05443267155175762
Cell RX Channel Interference Noise Power Unbalanced,Parallel Alarm Exceeds the Limit,-10,0.05837083295611954,0.05837083295611954
Cell RX Channel Interference Noise Power Unbalanced,Parallel Alarm Exceeds the Limit,-9,0.04806116622810604,0.04806116622810604
Cell RX Channel Interference Noise Power Unbalanced,Parallel Alarm Exceeds the Limit,-8,0.06802147949516482,0.06802147949516482
Cell RX Channel Interference Noise Power Unbalanced,Parallel Alarm Exceeds the Limit,-7,0.10044473135066109,0.10044473135066109
Cell RX Channel Interference Noise Power Unbalanced,Parallel Alarm Exceeds the Limit,-6,0.067069514451161,0.067069514451161
Cell RX Channel Interference Noise Power Unbalanced,Parallel Alarm Exceeds the Limit,-5,0.09616332568625283,0.09616332568625283
Cell RX Channel Interference Noise Power Unbalanced,Parallel Alarm Exceeds the Limit,-4,0.08394343673906245,0.08394343673906245
Cell RX Channel Interference Noise Power Unbalanced,Parallel Alarm Exceeds the Limit,-3,0.08291786283886134,0.08291786283886134
Cell RX Channel Interference Noise Power Unbalanced,Parallel Alarm Exceeds the Limit,-2,0.10410556950900884,0.10410556950900884
Cell RX Channel Interference Noise Power Unbalanced,Parallel Alarm Exceeds the Limit,-1,0.1276462750648304,0.1276462750648304
Cell RX Channel Interference Noise Power Unbalanced,Parallel Alarm Exceeds the Limit,0,0.12642736579422087,0.12642736579422087
Cell RX Channel Interference Noise Power Unbalanced,Parallel Alarm Exceeds the Limit,1,0.09036473329646583,0.09036473329646583
Cell RX Channel Interference Noise Power Unbalanced,Parallel Alarm Exceeds the Limit,2,0.08968877423293081,0.08968877423293081
Cell RX Channel Interference Noise Power Unbalanced,Parallel Alarm Exceeds the Limit,3,0.09354910700099693,0.09354910700099693
Cell RX Channel Interference Noise Power Unbalanced,Parallel Alarm Exceeds the Limit,4,0.0855355189976559,0.0855355189976559
Cell RX Channel Interference Noise Power Unbalanced,Parallel Alarm Exceeds the Limit,5,0.09342263539055815,0.09342263539055815
Cell RX Channel Interference Noise Power Unbalanced,Parallel Alarm Exceeds the Limit,6,0.0761603749837409,0.0761603749837409
Cell RX Channel Interference Noise Power Unbalanced,Parallel Alarm Exceeds the Limit,7,0.10675544400439346,0.10675544400439346
Cell RX Channel Interference Noise Power Unbalanced,Parallel Alarm Exceeds the Limit,8,0.11124613422642754,0.11124613422642754
Cell RX Channel Interference Noise Power Unbalanced,Parallel Alarm Exceeds the Limit,9,0.08093439235242875,0.08093439235242875
Cell RX Channel Interference Noise Power Unbalanced,Parallel Alarm Exceeds the Limit,10,0.08653177455428784,0.08653177455428784
Cell RX Channel Interference Noise Power Unbalanced,Parallel Alarm Exceeds the Limit,11,0.07501634684218304,0.07501634684218304
Cell RX Channel Interference Noise Power Unbalanced,Parallel Alarm Exceeds the Limit,12,0.07237891211989565,0.07237891211989565
Cell RX Channel Interference Noise Power Unbalanced,RF Unit RX Channel RTWP/RSSI Unbalanced,-12,0.5062980839955451,0.5062980839955451
Cell RX Channel Interference Noise Power Unbalanced,RF Unit RX Channel RTWP/RSSI Unbalanced,-11,0.5004724551910046,0.5004724551910046
Cell RX Channel Interference Noise Power Unbalanced,RF Unit RX Channel RTWP/RSSI Unbalanced,-10,0.4969734467089105,0.4969734467089105
Cell RX Channel Interference Noise Power Unbalanced,RF Unit RX Channel RTWP/RSSI Unbalanced,-9,0.494518695192063,0.494518695192063
Cell RX Channel Interference Noise Power Unbalanced,RF Unit RX Channel RTWP/RSSI Unbalanced,-8,0.49794325825568597,0.49794325825568597
Cell RX Channel Interference Noise Power Unbalanced,RF Unit RX Channel RTWP/RSSI Unbalanced,-7,0.474959985455026,0.474959985455026
Cell RX Channel Interference Noise Power Unbalanced,RF Unit RX Channel RTWP/RSSI Unbalanced,-6,0.4765181386702124,0.4765181386702124
Cell RX Channel Interference Noise Power Unbalanced,RF Unit RX Channel RTWP/RSSI Unbalanced,-5,0.4721640255490372,0.4721640255490372
Cell RX Channel Interference Noise Power Unbalanced,RF Unit RX Channel RTWP/RSSI Unbalanced,-4,0.48866973110721085,0.48866973110721085
Cell RX Channel Interference Noise Power Unbalanced,RF Unit RX Channel RTWP/RSSI Unbalanced,-3,0.5213315071340753,0.5213315071340753
Cell RX Channel Interference Noise Power Unbalanced,RF Unit RX Channel RTWP/RSSI Unbalanced,-2,0.5627195454701865,0.5627195454701865
Cell RX Channel Interference Noise Power Unbalanced,RF Unit RX Channel RTWP/RSSI Unbalanced,-1,0.613337645872756,0.613337645872756
Cell RX Channel Interference Noise Power Unbalanced,RF Unit RX Channel RTWP/RSSI Unbalanced,0,0.6756720636664778,0.6756720636664778
Cell RX Channel Interference Noise Power Unbalanced,RF Unit RX Channel RTWP/RSSI Unbalanced,1,0.6380732228600954,0.6380732228600954
Cell RX Channel Interference Noise Power Unbalanced,RF Unit RX Channel RTWP/RSSI Unbalanced,2,0.619486222527334,0.619486222527334
Cell RX Channel Interference Noise Power Unbalanced,RF Unit RX Channel RTWP/RSSI Unbalanced,3,0.6036079112465558,0.6036079112465558
Cell RX Channel Interference Noise Power Unbalanced,RF Unit RX Channel RTWP/RSSI Unbalanced,4,0.5686987845769058,0.5686987845769058
Cell RX Channel Interference Noise Power Unbalanced,RF Unit RX Channel RTWP/RSSI Unbalanced,5,0.5570329098275075,0.5570329098275075
Cell RX Channel Interference Noise Power Unbalanced,RF Unit RX Channel RTWP/RSSI Unbalanced,6,0.5419187802570088,0.5419187802570088
Cell RX Channel Interference Noise Power Unbalanced,RF Unit RX Channel RTWP/RSSI Unbalanced,7,0.5354562120273745,0.5354562120273745
Cell RX Channel Interference Noise Power Unbalanced,RF Unit RX Channel RTWP/RSSI Unbalanced,8,0.5388273439049729,0.5388273439049729
Cell RX Channel Interference Noise Power Unbalanced,RF Unit RX Channel RTWP/RSSI Unbalanced,9,0.514585602812492,0.514585602812492
Cell RX Channel Interference Noise Power Unbalanced,RF Unit RX Channel RTWP/RSSI Unbalanced,10,0.5240794897242707,0.5240794897242707
Cell RX Channel Interference Noise Power Unbalanced,RF Unit RX Channel RTWP/RSSI Unbalanced,11,0.5244568687648528,0.5244568687648528
Cell RX Channel Interference Noise Power Unbalanced,RF Unit RX Channel RTWP/RSSI Unbalanced,12,0.5094689788668819,0.5094689788668819
Cell RX Channel Interference Noise Power Unbalanced,RF Unit VSWR Threshold Crossed,-12,0.44398221050754205,0.44398221050754205
Cell RX Channel Interference Noise Power Unbalanced,RF Unit VSWR Threshold Crossed,-11,0.4469061192112228,0.4469061192112228
Cell RX Channel Interference Noise Power Unbalanced,RF Unit VSWR Threshold Crossed,-10,0.4505877687418153,0.4505877687418153
Cell RX Channel Interference Noise Power Unbalanced,RF Unit VSWR Threshold Crossed,-9,0.43882984966034794,0.43882984966034794
Cell RX Channel Interference Noise Power Unbalanced,RF Unit VSWR Threshold Crossed,-8,0.4642312179081959,0.4642312179081959
Cell RX Channel Interference Noise Power Unbalanced,RF Unit VSWR Threshold Crossed,-7,0.4679487401845305,0.4679487401845305
Cell RX Channel Interference Noise Power Unbalanced,RF Unit VSWR Threshold Crossed,-6,0.4761710233059847,0.4761710233059847
Cell RX Channel Interference Noise Power Unbalanced,RF Unit VSWR Threshold Crossed,-5,0.5000215862759987,0.5000215862759987
Cell RX Channel Interference Noise Power Unbalanced,RF Unit VSWR Threshold Crossed,-4,0.5009736469671547,0.5009736469671547
Cell RX Channel Interference Noise Power Unbalanced,RF Unit VSWR Threshold Crossed,-3,0.5493178052628589,0.5493178052628589
Cell RX Channel Interference Noise Power Unbalanced,RF Unit VSWR Threshold Crossed,-2,0.5528861372764478,0.5528861372764478
Cell RX Channel Interference Noise Power Unbalanced,RF Unit VSWR Threshold Crossed,-1,0.6107787754875192,0.6107787754875192
Cell RX Channel Interference Noise Power Unbalanced,RF Unit VSWR Threshold Crossed,0,0.6565804376437804,0.6565804376437804
Cell RX Channel Interference Noise Power Unbalanced,RF Unit VSWR Threshold Crossed,1,0.5346019819137274,0.5346019819137274
Cell RX Channel Interference Noise Power Unbalanced,RF Unit VSWR Threshold Crossed,2,0.5509519478664987,0.5509519478664987
Cell RX Channel Interference Noise Power Unbalanced,RF Unit VSWR Threshold Crossed,3,0.5425905394740648,0.5425905394740648
Cell RX Channel Interference Noise Power Unbalanced,RF Unit VSWR Threshold Crossed,4,0.513906231213425,0.513906231213425
Cell RX Channel Interference Noise Power Unbalanced,RF Unit VSWR Threshold Crossed,5,0.5272959750885585,0.5272959750885585
Cell RX Channel Interference Noise Power Unbalanced,RF Unit VSWR Threshold Crossed,6,0.5081512837987625,0.5081512837987625
Cell RX Channel Interference Noise Power Unbalanced,RF Unit VSWR Threshold Crossed,7,0.5196285680450029,0.5196285680450029
Cell RX Channel Interference Noise Power Unbalanced,RF Unit VSWR Threshold Crossed,8,0.48982265566599276,0.48982265566599276
Cell RX Channel Interference Noise Power Unbalanced,RF Unit VSWR Threshold Crossed,9,0.4849677484940805,0.4849677484940805
Cell RX Channel Interference Noise Power Unbalanced,RF Unit VSWR Threshold Crossed,10,0.48230809935252617,0.48230809935252617
Cell RX Channel Interference Noise Power Unbalanced,RF Unit VSWR Threshold Crossed,11,0.4545975685472861,0.4545975685472861
Cell RX Channel Interference Noise Power Unbalanced,RF Unit VSWR Threshold Crossed,12,0.4466882732817725,0.4466882732817725
Cell RX Channel Interference Noise Power Unbalanced,S1ap Link Down,-12,0.06311015903061253,0.06311015903061253
Cell RX Channel Interference Noise Power Unbalanced,S1ap Link Down,-11,0.05963777352218907,0.05963777352218907
Cell RX Channel Interference Noise Power Unbalanced,S1ap Link Down,-10,0.06447169631564849,0.06447169631564849
Cell RX Channel Interference Noise Power Unbalanced,S1ap Link Down,-9,0.05564276630826743,0.05564276630826743
Cell RX Channel Interference Noise Power Unbalanced,S1ap Link Down,-8,0.059868734947779535,0.059868734947779535
Cell RX Channel Interference Noise Power Unbalanced,S1ap Link Down,-7,0.07877963407387399,0.07877963407387399
Cell RX Channel Interference Noise Power Unbalanced,S1ap Link Down,-6,0.065095363447286,0.065095363447286
Cell RX Channel Interference Noise Power Unbalanced,S1ap Link Down,-5,0.08359288491194583,0.08359288491194583
Cell RX Channel Interference Noise Power Unbalanced,S1ap Link Down,-4,0.07468883856477482,0.07468883856477482
Cell RX Channel Interference Noise Power Unbalanced,S1ap Link Down,-3,0.07978830989901724,0.07978830989901724
Cell RX Channel Interference Noise Power Unbalanced,S1ap Link Down,-2,0.08774839853087443,0.08774839853087443
Cell RX Channel Interference Noise Power Unbalanced,S1ap Link Down,-1,0.10583010860941434,0.10583010860941434
Cell RX Channel Interference Noise Power Unbalanced,S1ap Link Down,0,0.11114647985805631,0.11114647985805631
Cell RX Channel Interference Noise Power Unbalanced,S1ap Link Down,1,0.09291966572887073,0.09291966572887073
Cell RX Channel Interference Noise Power Unbalanced,S1ap Link Down,2,0.08961807222723121,0.08961807222723121
Cell RX Channel Interference Noise Power Unbalanced,S1ap Link Down,3,0.08071835764644932,0.08071835764644932
Cell RX Channel Interference Noise Power Unbalanced,S1ap Link Down,4,0.0753531483291669,0.0753531483291669
Cell RX Channel Interference Noise Power Unbalanced,S1ap Link Down,5,0.08067962310628383,0.08067962310628383
Cell RX Channel Interference Noise Power Unbalanced,S1ap Link Down,6,0.07938557531352473,0.07938557531352473
Cell RX Channel Interference Noise Power Unbalanced,S1ap Link Down,7,0.08966585103853861,0.08966585103853861
Cell RX Channel Interference Noise Power Unbalanced,S1ap Link Down,8,0.09364630330479785,0.09364630330479785
Cell RX Channel Interference Noise Power Unbalanced,S1ap Link Down,9,0.0829811923815195,0.0829811923815195
Cell RX Channel Interference Noise Power Unbalanced,S1ap Link Down,10,0.07940842480991515,0.07940842480991515
Cell RX Channel Interference Noise Power Unbalanced,S1ap Link Down,11,0.062423394692985155,0.062423394692985155
Cell RX Channel Interference Noise Power Unbalanced,S1ap Link Down,12,0.06700156330300609,0.06700156330300609
Cell RX Channel Interference Noise Power Unbalanced,SCTP Link Fault,-12,0.1225033377574351,0.1225033377574351
Cell RX Channel Interference Noise Power Unbalanced,SCTP Link Fault,-11,0.09583770616241946,0.09583770616241946
Cell RX Channel Interference Noise Power Unbalanced,SCTP Link Fault,-10,0.09848240165051404,0.09848240165051404
Cell RX Channel Interference Noise Power Unbalanced,SCTP Link Fault,-9,0.07366996390653832,0.07366996390653832
Cell RX Channel Interference Noise Power Unbalanced,SCTP Link Fault,-8,0.08913088909846459,0.08913088909846459
Cell RX Channel Interference Noise Power Unbalanced,SCTP Link Fault,-7,0.08942754762882141,0.08942754762882141
Cell RX Channel Interference Noise Power Unbalanced,SCTP Link Fault,-6,0.10411352938877137,0.10411352938877137
Cell RX Channel Interference Noise Power Unbalanced,SCTP Link Fault,-5,0.10600640172523924,0.10600640172523924
Cell RX Channel Interference Noise Power Unbalanced,SCTP Link Fault,-4,0.1246005110522376,0.1246005110522376
Cell RX Channel Interference Noise Power Unbalanced,SCTP Link Fault,-3,0.12834728947619892,0.12834728947619892
Cell RX Channel Interference Noise Power Unbalanced,SCTP Link Fault,-2,0.14568621845451662,0.14568621845451662
Cell RX Channel Interference Noise Power Unbalanced,SCTP Link Fault,-1,0.13965534783007488,0.13965534783007488
Cell RX Channel Interference Noise Power Unbalanced,SCTP Link Fault,0,0.1741505121737618,0.1741505121737618
Cell RX Channel Interference Noise Power Unbalanced,SCTP Link Fault,1,0.14684415464755204,0.14684415464755204
Cell RX Channel Interference Noise Power Unbalanced,SCTP Link Fault,2,0.14621172220934042,0.14621172220934042
Cell RX Channel Interference Noise Power Unbalanced,SCTP Link Fault,3,0.14713210086218617,0.14713210086218617
Cell RX Channel Interference Noise Power Unbalanced,SCTP Link Fault,4,0.15130047818406314,0.15130047818406314
Cell RX Channel Interference Noise Power Unbalanced,SCTP Link Fault,5,0.14558593898990166,0.14558593898990166
Cell RX Channel Interference Noise Power Unbalanced,SCTP Link Fault,6,0.1515839733788236,0.1515839733788236
Cell RX Channel Interference Noise Power Unbalanced,SCTP Link Fault,7,0.14506544683173905,0.14506544683173905
Cell RX Channel Interference Noise Power Unbalanced,SCTP Link Fault,8,0.13853549480517371,0.13853549480517371
Cell RX Channel Interference Noise Power Unbalanced,SCTP Link Fault,9,0.13408865578728982,0.13408865578728982
Cell RX Channel Interference Noise Power Unbalanced,SCTP Link Fault,10,0.13227795164205947,0.13227795164205947
Cell RX Channel Interference Noise Power Unbalanced,SCTP Link Fault,11,0.11647373677788084,0.11647373677788084
Cell RX Channel Interference Noise Power Unbalanced,SCTP Link Fault,12,0.11293869460314677,0.11293869460314677
Cell RX Channel Interference Noise Power Unbalanced,SDH/SONET Tributary Excessive Slip Frames,-12,0.4321713122313826,0.4321713122313826
Cell RX Channel Interference Noise Power Unbalanced,SDH/SONET Tributary Excessive Slip Frames,-11,0.43506095486948426,0.43506095486948426
Cell RX Channel Interference Noise Power Unbalanced,SDH/SONET Tributary Excessive Slip Frames,-10,0.4518721394491756,0.4518721394491756
Cell RX Channel Interference Noise Power Unbalanced,SDH/SONET Tributary Excessive Slip Frames,-9,0.4363706535140678,0.4363706535140678
Cell RX Channel Interference Noise Power Unbalanced,SDH/SONET Tributary Excessive Slip Frames,-8,0.4825947375220376,0.4825947375220376
Cell RX Channel Interference Noise Power Unbalanced,SDH/SONET Tributary Excessive Slip Frames,-7,0.46838784442105447,0.46838784442105447
Cell RX Channel Interference Noise Power Unbalanced,SDH/SONET Tributary Excessive Slip Frames,-6,0.47321155143316673,0.47321155143316673
Cell RX Channel Interference Noise Power Unbalanced,SDH/SONET Tributary Excessive Slip Frames,-5,0.4873706391555926,0.4873706391555926
Cell RX Channel Interference Noise Power Unbalanced,SDH/SONET Tributary Excessive Slip Frames,-4,0.4767207699877014,0.4767207699877014
Cell RX Channel Interference Noise Power Unbalanced,SDH/SONET Tributary Excessive Slip Frames,-3,0.5179560529584311,0.5179560529584311
Cell RX Channel Interference Noise Power Unbalanced,SDH/SONET Tributary Excessive Slip Frames,-2,0.4945605660533347,0.4945605660533347
Cell RX Channel Interference Noise Power Unbalanced,SDH/SONET Tributary Excessive Slip Frames,-1,0.5511740173945967,0.5511740173945967
Cell RX Channel Interference Noise Power Unbalanced,SDH/SONET Tributary Excessive Slip Frames,0,0.6141756693307565,0.6141756693307565
Cell RX Channel Interference Noise Power Unbalanced,SDH/SONET Tributary Excessive Slip Frames,1,0.44755032162907427,0.44755032162907427
Cell RX Channel Interference Noise Power Unbalanced,SDH/SONET Tributary Excessive Slip Frames,2,0.4857911434362134,0.4857911434362134
Cell RX Channel Interference Noise Power Unbalanced,SDH/SONET Tributary Excessive Slip Frames,3,0.48693135334581034,0.48693135334581034
Cell RX Channel Interference Noise Power Unbalanced,SDH/SONET Tributary Excessive Slip Frames,4,0.46854259236948104,0.46854259236948104
Cell RX Channel Interference Noise Power Unbalanced,SDH/SONET Tributary Excessive Slip Frames,5,0.49184155327522333,0.49184155327522333
Cell RX Channel Interference Noise Power Unbalanced,SDH/SONET Tributary Excessive Slip Frames,6,0.4721622445209408,0.4721622445209408
Cell RX Channel Interference Noise Power Unbalanced,SDH/SONET Tributary Excessive Slip Frames,7,0.4850811923083451,0.4850811923083451
Cell RX Channel Interference Noise Power Unbalanced,SDH/SONET Tributary Excessive Slip Frames,8,0.45567037178106745,0.45567037178106745
Cell RX Channel Interference Noise Power Unbalanced,SDH/SONET Tributary Excessive Slip Frames,9,0.4558022180124016,0.4558022180124016
Cell RX Channel Interference Noise Power Unbalanced,SDH/SONET Tributary Excessive Slip Frames,10,0.4627982324181576,0.4627982324181576
Cell RX Channel Interference Noise Power Unbalanced,SDH/SONET Tributary Excessive Slip Frames,11,0.432002467874596,0.432002467874596
Cell RX Channel Interference Noise Power Unbalanced,SDH/SONET Tributary Excessive Slip Frames,12,0.4443462696188744,0.4443462696188744
Cell RX Channel Interference Noise Power Unbalanced,Statistical Alarm,-12,0.13398260345863588,0.13398260345863588
Cell RX Channel Interference Noise Power Unbalanced,Statistical Alarm,-11,0.124242803957552,0.124242803957552
Cell RX Channel Interference Noise Power Unbalanced,Statistical Alarm,-10,0.10624848948643996,0.10624848948643996
Cell RX Channel Interference Noise Power Unbalanced,Statistical Alarm,-9,0.11943773808133146,0.11943773808133146
Cell RX Channel Interference Noise Power Unbalanced,Statistical Alarm,-8,0.11534418535932839,0.11534418535932839
Cell RX Channel Interference Noise Power Unbalanced,Statistical Alarm,-7,0.12086385107851486,0.12086385107851486
Cell RX Channel Interference Noise Power Unbalanced,Statistical Alarm,-6,0.13666061868938284,0.13666061868938284
Cell RX Channel Interference Noise Power Unbalanced,Statistical Alarm,-5,0.12472663006171007,0.12472663006171007
Cell RX Channel Interference Noise Power Unbalanced,Statistical Alarm,-4,0.1342343021949153,0.1342343021949153
Cell RX Channel Interference Noise Power Unbalanced,Statistical Alarm,-3,0.14650420528190913,0.14650420528190913
Cell RX Channel Interference Noise Power Unbalanced,Statistical Alarm,-2,0.15364263725381627,0.15364263725381627
Cell RX Channel Interference Noise Power Unbalanced,Statistical Alarm,-1,0.16050415056461947,0.16050415056461947
Cell RX Channel Interference Noise Power Unbalanced,Statistical Alarm,0,0.18136384907120973,0.18136384907120973
Cell RX Channel Interference Noise Power Unbalanced,Statistical Alarm,1,0.14435491969441597,0.14435491969441597
Cell RX Channel Interference Noise Power Unbalanced,Statistical Alarm,2,0.14669968851412193,0.14669968851412193
Cell RX Channel Interference Noise Power Unbalanced,Statistical Alarm,3,0.1438066168644955,0.1438066168644955
Cell RX Channel Interference Noise Power Unbalanced,Statistical Alarm,4,0.14312588185109085,0.14312588185109085
Cell RX Channel Interference Noise Power Unbalanced,Statistical Alarm,5,0.13441039476932712,0.13441039476932712
Cell RX Channel Interference Noise Power Unbalanced,Statistical Alarm,6,0.1434350062624199,0.1434350062624199
Cell RX Channel Interference Noise Power Unbalanced,Statistical Alarm,7,0.1435844411272414,0.1435844411272414
Cell RX Channel Interference Noise Power Unbalanced,Statistical Alarm,8,0.13873109628085606,0.13873109628085606
Cell RX Channel Interference Noise Power Unbalanced,Statistical Alarm,9,0.13292668126451748,0.13292668126451748
Cell RX Channel Interference Noise Power Unbalanced,Statistical Alarm,10,0.1351722757903253,0.1351722757903253
Cell RX Channel Interference Noise Power Unbalanced,Statistical Alarm,11,0.12446973657044925,0.12446973657044925
Cell RX Channel Interference Noise Power Unbalanced,Statistical Alarm,12,0.11459653438202366,0.11459653438202366
Cell RX Channel Interference Noise Power Unbalanced,UMTS Cell MC-HSDPA Function Fault,-12,0.21991202493766177,0.21991202493766177
Cell RX Channel Interference Noise Power Unbalanced,UMTS Cell MC-HSDPA Function Fault,-11,0.23281807008556077,0.23281807008556077
Cell RX Channel Interference Noise Power Unbalanced,UMTS Cell MC-HSDPA Function Fault,-10,0.18693891546824226,0.18693891546824226
Cell RX Channel Interference Noise Power Unbalanced,UMTS Cell MC-HSDPA Function Fault,-9,0.19394493710092583,0.19394493710092583
Cell RX Channel Interference Noise Power Unbalanced,UMTS Cell MC-HSDPA Function Fault,-8,0.23753696467840016,0.23753696467840016
Cell RX Channel Interference Noise Power Unbalanced,UMTS Cell MC-HSDPA Function Fault,-7,0.2519515117543455,0.2519515117543455
Cell RX Channel Interference Noise Power Unbalanced,UMTS Cell MC-HSDPA Function Fault,-6,0.2487361034304586,0.2487361034304586
Cell RX Channel Interference Noise Power Unbalanced,UMTS Cell MC-HSDPA Function Fault,-5,0.2509106244363009,0.2509106244363009
Cell RX Channel Interference Noise Power Unbalanced,UMTS Cell MC-HSDPA Function Fault,-4,0.2530940215251732,0.2530940215251732
Cell RX Channel Interference Noise Power Unbalanced,UMTS Cell MC-HSDPA Function Fault,-3,0.2463149482167011,0.2463149482167011
Cell RX Channel Interference Noise Power Unbalanced,UMTS Cell MC-HSDPA Function Fault,-2,0.18952709214854838,0.18952709214854838
Cell RX Channel Interference Noise Power Unbalanced,UMTS Cell MC-HSDPA Function Fault,-1,0.1736929067811835,0.1736929067811835
Cell RX Channel Interference Noise Power Unbalanced,UMTS Cell MC-HSDPA Function Fault,0,0.18643625850286724,0.18643625850286724
Cell RX Channel Interference Noise Power Unbalanced,UMTS Cell MC-HSDPA Function Fault,1,0.11816268534481993,0.11816268534481993
Cell RX Channel Interference Noise Power Unbalanced,UMTS Cell MC-HSDPA Function Fault,2,0.06884052285660464,0.06884052285660464
Cell RX Channel Interference Noise Power Unbalanced,UMTS Cell MC-HSDPA Function Fault,3,0.04412105585640158,0.04412105585640158
Cell RX Channel Interference Noise Power Unbalanced,UMTS Cell MC-HSDPA Function Fault,4,0.040409722441060336,0.040409722441060336
Cell RX Channel Interference Noise Power Unbalanced,UMTS Cell MC-HSDPA Function Fault,5,0.08189898100888422,0.08189898100888422
Cell RX Channel Interference Noise Power Unbalanced,UMTS Cell MC-HSDPA Function Fault,6,0.128354237269695,0.128354237269695
Cell RX Channel Interference Noise Power Unbalanced,UMTS Cell MC-HSDPA Function Fault,7,0.17790862138941851,0.17790862138941851
Cell RX Channel Interference Noise Power Unbalanced,UMTS Cell MC-HSDPA Function Fault,8,0.21937033491775995,0.21937033491775995
Cell RX Channel Interference Noise Power Unbalanced,UMTS Cell MC-HSDPA Function Fault,9,0.219035706965434,0.219035706965434
Cell RX Channel Interference Noise Power Unbalanced,UMTS Cell MC-HSDPA Function Fault,10,0.2392663831482074,0.2392663831482074
Cell RX Channel Interference Noise Power Unbalanced,UMTS Cell MC-HSDPA Function Fault,11,0.23031129802134095,0.23031129802134095
Cell RX Channel Interference Noise Power Unbalanced,UMTS Cell MC-HSDPA Function Fault,12,0.22945816970506347,0.22945816970506347
Cell RX Channel Interference Noise Power Unbalanced,UMTS Cell Unavailable,-12,0.1717383037665308,0.1717383037665308
Cell RX Channel Interference Noise Power Unbalanced,UMTS Cell Unavailable,-11,0.15418337696372494,0.15418337696372494
Cell RX Channel Interference Noise Power Unbalanced,UMTS Cell Unavailable,-10,0.15535322728981463,0.15535322728981463
Cell RX Channel Interference Noise Power Unbalanced,UMTS Cell Unavailable,-9,0.14340622935038352,0.14340622935038352
Cell RX Channel Interference Noise Power Unbalanced,UMTS Cell Unavailable,-8,0.15509557078155556,0.15509557078155556
Cell RX Channel Interference Noise Power Unbalanced,UMTS Cell Unavailable,-7,0.15642365403262115,0.15642365403262115
Cell RX Channel Interference Noise Power Unbalanced,UMTS Cell Unavailable,-6,0.15501004601663443,0.15501004601663443
Cell RX Channel Interference Noise Power Unbalanced,UMTS Cell Unavailable,-5,0.16793522382624812,0.16793522382624812
Cell RX Channel Interference Noise Power Unbalanced,UMTS Cell Unavailable,-4,0.18370683662224158,0.18370683662224158
Cell RX Channel Interference Noise Power Unbalanced,UMTS Cell Unavailable,-3,0.21480695943728598,0.21480695943728598
Cell RX Channel Interference Noise Power Unbalanced,UMTS Cell Unavailable,-2,0.21061446702846112,0.21061446702846112
Cell RX Channel Interference Noise Power Unbalanced,UMTS Cell Unavailable,-1,0.22923362176198603,0.22923362176198603
Cell RX Channel Interference Noise Power Unbalanced,UMTS Cell Unavailable,0,0.276009368941422,0.276009368941422
Cell RX Channel Interference Noise Power Unbalanced,UMTS Cell Unavailable,1,0.19749337063971276,0.19749337063971276
Cell RX Channel Interference Noise Power Unbalanced,UMTS Cell Unavailable,2,0.21210415408972041,0.21210415408972041
Cell RX Channel Interference Noise Power Unbalanced,UMTS Cell Unavailable,3,0.2026038329224667,0.2026038329224667
Cell RX Channel Interference Noise Power Unbalanced,UMTS Cell Unavailable,4,0.18633561493149475,0.18633561493149475
Cell RX Channel Interference Noise Power Unbalanced,UMTS Cell Unavailable,5,0.19464589228206083,0.19464589228206083
Cell RX Channel Interference Noise Power Unbalanced,UMTS Cell Unavailable,6,0.1795237180883635,0.1795237180883635
Cell RX Channel Interference Noise Power Unbalanced,UMTS Cell Unavailable,7,0.2029605615339781,0.2029605615339781
Cell RX Channel Interference Noise Power Unbalanced,UMTS Cell Unavailable,8,0.21071252695308784,0.21071252695308784
Cell RX Channel Interference Noise Power Unbalanced,UMTS Cell Unavailable,9,0.18264601204452788,0.18264601204452788
Cell RX Channel Interference Noise Power Unbalanced,UMTS Cell Unavailable,10,0.19201911172365896,0.19201911172365896
Cell RX Channel Interference Noise Power Unbalanced,UMTS Cell Unavailable,11,0.16353908284648377,0.16353908284648377
Cell RX Channel Interference Noise Power Unbalanced,UMTS Cell Unavailable,12,0.17164197210254115,0.17164197210254115
Cell RX Channel Interference Noise Power Unbalanced,User Plane Fault,-12,0.32313666654782297,0.32313666654782297
Cell RX Channel Interference Noise Power Unbalanced,User Plane Fault,-11,0.30852312851081287,0.30852312851081287
Cell RX Channel Interference Noise Power Unbalanced,User Plane Fault,-10,0.31679824151483676,0.31679824151483676
Cell RX Channel Interference Noise Power Unbalanced,User Plane Fault,-9,0.2860271683925037,0.2860271683925037
Cell RX Channel Interference Noise Power Unbalanced,User Plane Fault,-8,0.31178576140682196,0.31178576140682196
Cell RX Channel Interference Noise Power Unbalanced,User Plane Fault,-7,0.30384005575598894,0.30384005575598894
Cell RX Channel Interference Noise Power Unbalanced,User Plane Fault,-6,0.3096396008143795,0.3096396008143795
Cell RX Channel Interference Noise Power Unbalanced,User Plane Fault,-5,0.3304417616626647,0.3304417616626647
Cell RX Channel Interference Noise Power Unbalanced,User Plane Fault,-4,0.35269474801029577,0.35269474801029577
Cell RX Channel Interference Noise Power Unbalanced,User Plane Fault,-3,0.38520617669128615,0.38520617669128615
Cell RX Channel Interference Noise Power Unbalanced,User Plane Fault,-2,0.4030652291948582,0.4030652291948582
Cell RX Channel Interference Noise Power Unbalanced,User Plane Fault,-1,0.4400708623621137,0.4400708623621137
Cell RX Channel Interference Noise Power Unbalanced,User Plane Fault,0,0.5124689303945572,0.5124689303945572
Cell RX Channel Interference Noise Power Unbalanced,User Plane Fault,1,0.4143915211810512,0.4143915211810512
Cell RX Channel Interference Noise Power Unbalanced,User Plane Fault,2,0.4257706996957914,0.4257706996957914
Cell RX Channel Interference Noise Power Unbalanced,User Plane Fault,3,0.3988636884614586,0.3988636884614586
Cell RX Channel Interference Noise Power Unbalanced,User Plane Fault,4,0.39116792626758745,0.39116792626758745
Cell RX Channel Interference Noise Power Unbalanced,User Plane Fault,5,0.39531430241002025,0.39531430241002025
Cell RX Channel Interference Noise Power Unbalanced,User Plane Fault,6,0.3785164184998912,0.3785164184998912
Cell RX Channel Interference Noise Power Unbalanced,User Plane Fault,7,0.39975372814308435,0.39975372814308435
Cell RX Channel Interference Noise Power Unbalanced,User Plane Fault,8,0.387992674870526,0.387992674870526
Cell RX Channel Interference Noise Power Unbalanced,User Plane Fault,9,0.3576718029607456,0.3576718029607456
Cell RX Channel Interference Noise Power Unbalanced,User Plane Fault,10,0.3652381459399428,0.3652381459399428
Cell RX Channel Interference Noise Power Unbalanced,User Plane Fault,11,0.3295857273579869,0.3295857273579869
Cell RX Channel Interference Noise Power Unbalanced,User Plane Fault,12,0.31299787837949744,0.31299787837949744
Cell RX Channel Interference Noise Power Unbalanced,X2 Interface Fault,-12,0.32480513634320146,0.32480513634320146
Cell RX Channel Interference Noise Power Unbalanced,X2 Interface Fault,-11,0.2960955019031086,0.2960955019031086
Cell RX Channel Interference Noise Power Unbalanced,X2 Interface Fault,-10,0.29403083350187814,0.29403083350187814
Cell RX Channel Interference Noise Power Unbalanced,X2 Interface Fault,-9,0.2697208783831355,0.2697208783831355
Cell RX Channel Interference Noise Power Unbalanced,X2 Interface Fault,-8,0.28168540874999753,0.28168540874999753
Cell RX Channel Interference Noise Power Unbalanced,X2 Interface Fault,-7,0.276888639898705,0.276888639898705
Cell RX Channel Interference Noise Power Unbalanced,X2 Interface Fault,-6,0.2765638043924366,0.2765638043924366
Cell RX Channel Interference Noise Power Unbalanced,X2 Interface Fault,-5,0.3043535765413379,0.3043535765413379
Cell RX Channel Interference Noise Power Unbalanced,X2 Interface Fault,-4,0.32992144917704547,0.32992144917704547
Cell RX Channel Interference Noise Power Unbalanced,X2 Interface Fault,-3,0.36835234198087413,0.36835234198087413
Cell RX Channel Interference Noise Power Unbalanced,X2 Interface Fault,-2,0.3904222810795376,0.3904222810795376
Cell RX Channel Interference Noise Power Unbalanced,X2 Interface Fault,-1,0.4160320919535773,0.4160320919535773
Cell RX Channel Interference Noise Power Unbalanced,X2 Interface Fault,0,0.4836979110509974,0.4836979110509974
Cell RX Channel Interference Noise Power Unbalanced,X2 Interface Fault,1,0.42662151694253053,0.42662151694253053
Cell RX Channel Interference Noise Power Unbalanced,X2 Interface Fault,2,0.42209939767928945,0.42209939767928945
Cell RX Channel Interference Noise Power Unbalanced,X2 Interface Fault,3,0.4050374630484832,0.4050374630484832
Cell RX Channel Interference Noise Power Unbalanced,X2 Interface Fault,4,0.40511629187023274,0.40511629187023274
Cell RX Channel Interference Noise Power Unbalanced,X2 Interface Fault,5,0.4026897458861122,0.4026897458861122
Cell RX Channel Interference Noise Power Unbalanced,X2 Interface Fault,6,0.38139440824731985,0.38139440824731985
Cell RX Channel Interference Noise Power Unbalanced,X2 Interface Fault,7,0.3976718590963953,0.3976718590963953
Cell RX Channel Interference Noise Power Unbalanced,X2 Interface Fault,8,0.39469304419924545,0.39469304419924545
Cell RX Channel Interference Noise Power Unbalanced,X2 Interface Fault,9,0.3635030140762298,0.3635030140762298
Cell RX Channel Interference Noise Power Unbalanced,X2 Interface Fault,10,0.36472171278731486,0.36472171278731486
Cell RX Channel Interference Noise Power Unbalanced,X2 Interface Fault,11,0.33935229684096074,0.33935229684096074
Cell RX Channel Interference Noise Power Unbalanced,X2 Interface Fault,12,0.3030725004151351,0.3030725004151351
Cell Unavailable,Commercial Power Down (Main Power Down),-12,0.057480996345314346,0.057480996345314346
Cell Unavailable,Commercial Power Down (Main Power Down),-11,0.047869255608924854,0.047869255608924854
Cell Unavailable,Commercial Power Down (Main Power Down),-10,0.0768677580421164,0.0768677580421164
Cell Unavailable,Commercial Power Down (Main Power Down),-9,0.04988966559445114,0.04988966559445114
Cell Unavailable,Commercial Power Down (Main Power Down),-8,0.0516504758932204,0.0516504758932204
Cell Unavailable,Commercial Power Down (Main Power Down),-7,0.05678726717724764,0.05678726717724764
Cell Unavailable,Commercial Power Down (Main Power Down),-6,0.06636357194252002,0.06636357194252002
Cell Unavailable,Commercial Power Down (Main Power Down),-5,0.10030648289103941,0.10030648289103941
Cell Unavailable,Commercial Power Down (Main Power Down),-4,0.0776922202031258,0.0776922202031258
Cell Unavailable,Commercial Power Down (Main Power Down),-3,0.10128965536740703,0.10128965536740703
Cell Unavailable,Commercial Power Down (Main Power Down),-2,0.10351916572964535,0.10351916572964535
Cell Unavailable,Commercial Power Down (Main Power Down),-1,0.10696832178825975,0.10696832178825975
Cell Unavailable,Commercial Power Down (Main Power Down),0,0.19800794194941046,0.19800794194941046
Cell Unavailable,Commercial Power Down (Main Power Down),1,0.1308822337648097,0.1308822337648097
Cell Unavailable,Commercial Power Down (Main Power Down),2,0.14830380349873323,0.14830380349873323
Cell Unavailable,Commercial Power Down (Main Power Down),3,0.1474135622391577,0.1474135622391577
Cell Unavailable,Commercial Power Down (Main Power Down),4,0.13660937056220157,0.13660937056220157
Cell Unavailable,Commercial Power Down (Main Power Down),5,0.13725828477617547,0.13725828477617547
Cell Unavailable,Commercial Power Down (Main Power Down),6,0.11661812932047674,0.11661812932047674
Cell Unavailable,Commercial Power Down (Main Power Down),7,0.08854321482994859,0.08854321482994859
Cell Unavailable,Commercial Power Down (Main Power Down),8,0.10123200660302183,0.10123200660302183
Cell Unavailable,Commercial Power Down (Main Power Down),9,0.0749116678043509,0.0749116678043509
Cell Unavailable,Commercial Power Down (Main Power Down),10,0.06176263477062915,0.06176263477062915
Cell Unavailable,Commercial Power Down (Main Power Down),11,0.050806481454003724,0.050806481454003724
Cell Unavailable,Commercial Power Down (Main Power Down),12,0.04619655145058972,0.04619655145058972
Cell Unavailable,Core CPU Overload,-12,0.019921971048369794,0.019921971048369794
Cell Unavailable,Core CPU Overload,-11,-0.009212079240923389,0.009212079240923389
Cell Unavailable,Core CPU Overload,-10,0.022225349498828043,0.022225349498828043
Cell Unavailable,Core CPU Overload,-9,0.016836956698078873,0.016836956698078873
Cell Unavailable,Core CPU Overload,-8,0.03600145351219283,0.03600145351219283
Cell Unavailable,Core CPU Overload,-7,0.06291636001963676,0.06291636001963676
Cell Unavailable,Core CPU Overload,-6,0.08318052958927288,0.08318052958927288
Cell Unavailable,Core CPU Overload,-5,0.11790517000525755,0.11790517000525755
Cell Unavailable,Core CPU Overload,-4,0.11636392309681601,0.11636392309681601
Cell Unavailable,Core CPU Overload,-3,0.13241344852142553,0.13241344852142553
Cell Unavailable,Core CPU Overload,-2,0.13811242442398713,0.13811242442398713
Cell Unavailable,Core CPU Overload,-1,0.13916213887891635,0.13916213887891635
Cell Unavailable,Core CPU Overload,0,0.20402778042512887,0.20402778042512887
Cell Unavailable,Core CPU Overload,1,0.13362524982232463,0.13362524982232463
Cell Unavailable,Core CPU Overload,2,0.13569821767432963,0.13569821767432963
Cell Unavailable,Core CPU Overload,3,0.11977506227010486,0.11977506227010486
Cell Unavailable,Core CPU Overload,4,0.08284753046281419,0.08284753046281419
Cell Unavailable,Core CPU Overload,5,0.09799350108064102,0.09799350108064102
Cell Unavailable,Core CPU Overload,6,0.05224225813485909,0.05224225813485909
Cell Unavailable,Core CPU Overload,7,0.05084175688812099,0.05084175688812099
Cell Unavailable,Core CPU Overload,8,0.030602091854086973,0.030602091854086973
Cell Unavailable,Core CPU Overload,9,-0.0028346940190555,0.0028346940190555
Cell Unavailable,Core CPU Overload,10,-0.0016945323873579945,0.0016945323873579945
Cell Unavailable,Core CPU Overload,11,-0.0064615773612960396,0.0064615773612960396
Cell Unavailable,Core CPU Overload,12,-0.013575333885533747,0.013575333885533747
Cell Unavailable,E1/T1 Excessive Bit Error Rate,-12,0.06616341253892565,0.06616341253892565
Cell Unavailable,E1/T1 Excessive Bit Error Rate,-11,0.05505195868037482,0.05505195868037482
Cell Unavailable,E1/T1 Excessive Bit Error Rate,-10,0.0684781255867779,0.0684781255867779
Cell Unavailable,E1/T1 Excessive Bit Error Rate,-9,0.05586155803728053,0.05586155803728053
Cell Unavailable,E1/T1 Excessive Bit Error Rate,-8,0.06203723145496599,0.06203723145496599
Cell Unavailable,E1/T1 Excessive Bit Error Rate,-7,0.05970721583301591,0.05970721583301591
Cell Unavailable,E1/T1 Excessive Bit Error Rate,-6,0.0637982379820788,0.0637982379820788
Cell Unavailable,E1/T1 Excessive Bit Error Rate,-5,0.07884616454684498,0.07884616454684498
Cell Unavailable,E1/T1 Excessive Bit Error Rate,-4,0.07141095810064683,0.07141095810064683
Cell Unavailable,E1/T1 Excessive Bit Error Rate,-3,0.08990289838066731,0.08990289838066731
Cell Unavailable,E1/T1 Excessive Bit Error Rate,-2,0.08926605155722449,0.08926605155722449
Cell Unavailable,E1/T1 Excessive Bit Error Rate,-1,0.0733354708738888,0.0733354708738888
Cell Unavailable,E1/T1 Excessive Bit Error Rate,0,0.1375441336593562,0.1375441336593562
Cell Unavailable,E1/T1 Excessive Bit Error Rate,1,0.08694765257712948,0.08694765257712948
Cell Unavailable,E1/T1 Excessive Bit Error Rate,2,0.0805211689583037,0.0805211689583037
Cell Unavailable,E1/T1 Excessive Bit Error Rate,3,0.0805571391597081,0.0805571391597081
Cell Unavailable,E1/T1 Excessive Bit Error Rate,4,0.06338153298706985,0.06338153298706985
Cell Unavailable,E1/T1 Excessive Bit Error Rate,5,0.07601445516845363,0.07601445516845363
Cell Unavailable,E1/T1 Excessive Bit Error Rate,6,0.0736307193713645,0.0736307193713645
Cell Unavailable,E1/T1 Excessive Bit Error Rate,7,0.08447711360841488,0.08447711360841488
Cell Unavailable,E1/T1 Excessive Bit Error Rate,8,0.10551828219545212,0.10551828219545212
Cell Unavailable,E1/T1 Excessive Bit Error Rate,9,0.058206498296496725,0.058206498296496725
Cell Unavailable,E1/T1 Excessive Bit Error Rate,10,0.0757933545057722,0.0757933545057722
Cell Unavailable,E1/T1 Excessive Bit Error Rate,11,0.06402622532179889,0.06402622532179889
Cell Unavailable,E1/T1 Excessive Bit Error Rate,12,0.058251721161831894,0.058251721161831894
Cell Unavailable,External Clock Reference Problem,-12,0.04742934475425729,0.04742934475425729
Cell Unavailable,External Clock Reference Problem,-11,0.03077358885389395,0.03077358885389395
Cell Unavailable,External Clock Reference Problem,-10,0.04014069195455368,0.04014069195455368
Cell Unavailable,External Clock Reference Problem,-9,0.0366833390116148,0.0366833390116148
Cell Unavailable,External Clock Reference Problem,-8,0.03986076132831532,0.03986076132831532
Cell Unavailable,External Clock Reference Problem,-7,0.05260076887034151,0.05260076887034151
Cell Unavailable,External Clock Reference Problem,-6,0.04158247823187582,0.04158247823187582
Cell Unavailable,External Clock Reference Problem,-5,0.05257037700248666,0.05257037700248666
Cell Unavailable,External Clock Reference Problem,-4,0.04790443999844821,0.04790443999844821
Cell Unavailable,External Clock Reference Problem,-3,0.058593942950889495,0.058593942950889495
Cell Unavailable,External Clock Reference Problem,-2,0.06353764290243412,0.06353764290243412
Cell Unavailable,External Clock Reference Problem,-1,0.08063135979692172,0.08063135979692172
Cell Unavailable,External Clock Reference Problem,0,0.09880173227592212,0.09880173227592212
Cell Unavailable,External Clock Reference Problem,1,0.06309437446577049,0.06309437446577049
Cell Unavailable,External Clock Reference Problem,2,0.07503752447578536,0.07503752447578536
Cell Unavailable,External Clock Reference Problem,3,0.05601954479469321,0.05601954479469321
Cell Unavailable,External Clock Reference Problem,4,0.05263877567007486,0.05263877567007486
Cell Unavailable,External Clock Reference Problem,5,0.05176206477964821,0.05176206477964821
Cell Unavailable,External Clock Reference Problem,6,0.0455015682836013,0.0455015682836013
Cell Unavailable,External Clock Reference Problem,7,0.05429417304492972,0.05429417304492972
Cell Unavailable,External Clock Reference Problem,8,0.04701773505154364,0.04701773505154364
Cell Unavailable,External Clock Reference Problem,9,0.050835813866699726,0.050835813866699726
Cell Unavailable,External Clock Reference Problem,10,0.05196985520509825,0.05196985520509825
Cell Unavailable,External Clock Reference Problem,11,0.0446757031384792,0.0446757031384792
Cell Unavailable,External Clock Reference Problem,12,0.050045529882393774,0.050045529882393774
Cell Unavailable,GSM Cell out of Service,-12,0.041407784505216205,0.041407784505216205
Cell Unavailable,GSM Cell out of Service,-11,0.045142162664593075,0.045142162664593075
Cell Unavailable,GSM Cell out of Service,-10,0.03687576538490864,0.03687576538490864
Cell Unavailable,GSM Cell out of Service,-9,0.03385716385747023,0.03385716385747023
Cell Unavailable,GSM Cell out of Service,-8,0.03643948280559575,0.03643948280559575
Cell Unavailable,GSM Cell out of Service,-7,0.031135687787208828,0.031135687787208828
Cell Unavailable,GSM Cell out of Service,-6,0.03833688976694762,0.03833688976694762
Cell Unavailable,GSM Cell out of Service,-5,0.05226885642818268,0.05226885642818268
Cell Unavailable,GSM Cell out of Service,-4,0.043962221714176304,0.043962221714176304
Cell Unavailable,GSM Cell out of Service,-3,0.0703890956130668,0.0703890956130668
Cell Unavailable,GSM Cell out of Service,-2,0.061891429172347426,0.061891429172347426
Cell Unavailable,GSM Cell out of Service,-1,0.0719648509113377,0.0719648509113377
Cell Unavailable,GSM Cell out of Service,0,0.18026068353957286,0.18026068353957286
Cell Unavailable,GSM Cell out of Service,1,0.06891775870204894,0.06891775870204894
Cell Unavailable,GSM Cell out of Service,2,0.0743516349308564,0.0743516349308564
Cell Unavailable,GSM Cell out of Service,3,0.07707538688146469,0.07707538688146469
Cell Unavailable,GSM Cell out of Service,4,0.05348575539871878,0.05348575539871878
Cell Unavailable,GSM Cell out of Service,5,0.056029702735283855,0.056029702735283855
Cell Unavailable,GSM Cell out of Service,6,0.045972672480006305,0.045972672480006305
Cell Unavailable,GSM Cell out of Service,7,0.03547054832406537,0.03547054832406537
Cell Unavailable,GSM Cell out of Service,8,0.042650135131750505,0.042650135131750505
Cell Unavailable,GSM Cell out of Service,9,0.035112234626038914,0.035112234626038914
Cell Unavailable,GSM Cell out of Service,10,0.04897716025722327,0.04897716025722327
Cell Unavailable,GSM Cell out of Service,11,0.05478732756992246,0.05478732756992246
Cell Unavailable,GSM Cell out of Service,12,0.0429157682237564,0.0429157682237564
Cell Unavailable,GTPC Tunnel Path Broken,-12,0.034991487236165894,0.034991487236165894
Cell Unavailable,GTPC Tunnel Path Broken,-11,0.04535819611607562,0.04535819611607562
Cell Unavailable,GTPC Tunnel Path Broken,-10,0.04134531564536273,0.04134531564536273
Cell Unavailable,GTPC Tunnel Path Broken,-9,0.06607409072561445,0.06607409072561445
Cell Unavailable,GTPC Tunnel Path Broken,-8,0.05858454284853492,0.05858454284853492
Cell Unavailable,GTPC Tunnel Path Broken,-7,0.05843042931686513,0.05843042931686513
Cell Unavailable,GTPC Tunnel Path Broken,-6,0.06895251961744292,0.06895251961744292
Cell Unavailable,GTPC Tunnel Path Broken,-5,0.06231704452302238,0.06231704452302238
Cell Unavailable,GTPC Tunnel Path Broken,-4,0.0647979105918063,0.0647979105918063
Cell Unavailable,GTPC Tunnel Path Broken,-3,0.06252450271082016,0.06252450271082016
Cell Unavailable,GTPC Tunnel Path Broken,-2,0.07015495749940008,0.07015495749940008
Cell Unavailable,GTPC Tunnel Path Broken,-1,0.05790981797623245,0.05790981797623245
Cell Unavailable,GTPC Tunnel Path Broken,0,0.07292946579846389,0.07292946579846389
Cell Unavailable,GTPC Tunnel Path Broken,1,0.05508683348383126,0.05508683348383126
Cell Unavailable,GTPC Tunnel Path Broken,2,0.07013176000908368,0.07013176000908368
Cell Unavailable,GTPC Tunnel Path Broken,3,0.054368576638719766,0.054368576638719766
Cell Unavailable,GTPC Tunnel Path Broken,4,0.040925005248099694,0.040925005248099694
Cell Unavailable,GTPC Tunnel Path Broken,5,0.053033103437207775,0.053033103437207775
Cell Unavailable,GTPC Tunnel Path Broken,6,0.036377969909178055,0.036377969909178055
Cell Unavailable,GTPC Tunnel Path Broken,7,0.047584486184337284,0.047584486184337284
Cell Unavailable,GTPC Tunnel Path Broken,8,0.045277814606936626,0.045277814606936626
Cell Unavailable,GTPC Tunnel Path Broken,9,0.04053571348001548,0.04053571348001548
Cell Unavailable,GTPC Tunnel Path Broken,10,0.028440778240592178,0.028440778240592178
Cell Unavailable,GTPC Tunnel Path Broken,11,0.030937329285210317,0.030937329285210317
Cell Unavailable,GTPC Tunnel Path Broken,12,0.03520100406434688,0.03520100406434688
Cell Unavailable,High Temperature (35Â°),-12,0.056075458696055056,0.056075458696055056
Cell Unavailable,High Temperature (35Â°),-11,0.042043743094256465,0.042043743094256465
Cell Unavailable,High Temperature (35Â°),-10,0.07564157932397408,0.07564157932397408
Cell Unavailable,High Temperature (35Â°),-9,0.058774617880760105,0.058774617880760105
Cell Unavailable,High Temperature (35Â°),-8,0.06543749812767471,0.06543749812767471
Cell Unavailable,High Temperature (35Â°),-7,0.067537710968252,0.067537710968252
Cell Unavailable,High Temperature (35Â°),-6,0.05847001681334247,0.05847001681334247
Cell Unavailable,High Temperature (35Â°),-5,0.09225106072744656,0.09225106072744656
Cell Unavailable,High Temperature (35Â°),-4,0.08881424180579095,0.08881424180579095
Cell Unavailable,High Temperature (35Â°),-3,0.12182871154785771,0.12182871154785771
Cell Unavailable,High Temperature (35Â°),-2,0.1291449764534316,0.1291449764534316
Cell Unavailable,High Temperature (35Â°),-1,0.12574900904802402,0.12574900904802402
Cell Unavailable,High Temperature (35Â°),0,0.2295839806137002,0.2295839806137002
Cell Unavailable,High Temperature (35Â°),1,0.1471306190167676,0.1471306190167676
Cell Unavailable,High Temperature (35Â°),2,0.17088933890346503,0.17088933890346503
Cell Unavailable,High Temperature (35Â°),3,0.15254589749860573,0.15254589749860573
Cell Unavailable,High Temperature (35Â°),4,0.1341541944251142,0.1341541944251142
Cell Unavailable,High Temperature (35Â°),5,0.1313579436532103,0.1313579436532103
Cell Unavailable,High Temperature (35Â°),6,0.09442711009770718,0.09442711009770718
Cell Unavailable,High Temperature (35Â°),7,0.08464954236659217,0.08464954236659217
Cell Unavailable,High Temperature (35Â°),8,0.0846326526359407,0.0846326526359407
Cell Unavailable,High Temperature (35Â°),9,0.06304955413756619,0.06304955413756619
Cell Unavailable,High Temperature (35Â°),10,0.07504252045682099,0.07504252045682099
Cell Unavailable,High Temperature (35Â°),11,0.043919557587775555,0.043919557587775555
Cell Unavailable,High Temperature (35Â°),12,0.05099951132980285,0.05099951132980285
Cell Unavailable,IP PM Activation Failure,-12,0.004691045317189155,0.004691045317189155
Cell Unavailable,IP PM Activation Failure,-11,0.005328169686484634,0.005328169686484634
Cell Unavailable,IP PM Activation Failure,-10,0.0018501248906931413,0.0018501248906931413
Cell Unavailable,IP PM Activation Failure,-9,0.0007440387835108805,0.0007440387835108805
Cell Unavailable,IP PM Activation Failure,-8,-0.002385577334150475,0.002385577334150475
Cell Unavailable,IP PM Activation Failure,-7,-0.0024623973495646666,0.0024623973495646666
Cell Unavailable,IP PM Activation Failure,-6,0.016122624345870265,0.016122624345870265
Cell Unavailable,IP PM Activation Failure,-5,0.005621792114060443,0.005621792114060443
Cell Unavailable,IP PM Activation Failure,-4,0.016423003869670102,0.016423003869670102
Cell Unavailable,IP PM Activation Failure,-3,0.02661540380870252,0.02661540380870252
Cell Unavailable,IP PM Activation Failure,-2,0.020449301864228393,0.020449301864228393
Cell Unavailable,IP PM Activation Failure,-1,0.025484488205501532,0.025484488205501532
Cell Unavailable,IP PM Activation Failure,0,0.04506642103207732,0.04506642103207732
Cell Unavailable,IP PM Activation Failure,1,0.016993146193559325,0.016993146193559325
Cell Unavailable,IP PM Activation Failure,2,0.018595499487917035,0.018595499487917035
Cell Unavailable,IP PM Activation Failure,3,0.00418171327520243,0.00418171327520243
Cell Unavailable,IP PM Activation Failure,4,0.0020010041814698325,0.0020010041814698325
Cell Unavailable,IP PM Activation Failure,5,0.006277137852574283,0.006277137852574283
Cell Unavailable,IP PM Activation Failure,6,0.002739235626201009,0.002739235626201009
Cell Unavailable,IP PM Activation Failure,7,0.0074299365379460235,0.0074299365379460235
Cell Unavailable,IP PM Activation Failure,8,-0.002192906450909202,0.002192906450909202
Cell Unavailable,IP PM Activation Failure,9,0.0009063748937544691,0.0009063748937544691
Cell Unavailable,IP PM Activation Failure,10,0.02193578738440249,0.02193578738440249
Cell Unavailable,IP PM Activation Failure,11,0.007886082516244609,0.007886082516244609
Cell Unavailable,IP PM Activation Failure,12,0.006806103839714428,0.006806103839714428
Cell Unavailable,Local Cell Unusable,-12,0.04599227082910033,0.04599227082910033
Cell Unavailable,Local Cell Unusable,-11,0.02314863383969071,0.02314863383969071
Cell Unavailable,Local Cell Unusable,-10,0.0462270749706108,0.0462270749706108
Cell Unavailable,Local Cell Unusable,-9,0.013708638256494873,0.013708638256494873
Cell Unavailable,Local Cell Unusable,-8,0.014730890630751824,0.014730890630751824
Cell Unavailable,Local Cell Unusable,-7,0.03894683154036765,0.03894683154036765
Cell Unavailable,Local Cell Unusable,-6,0.0538862427978867,0.0538862427978867
Cell Unavailable,Local Cell Unusable,-5,0.07271125867173672,0.07271125867173672
Cell Unavailable,Local Cell Unusable,-4,0.0803237731878899,0.0803237731878899
Cell Unavailable,Local Cell Unusable,-3,0.11945028484540844,0.11945028484540844
Cell Unavailable,Local Cell Unusable,-2,0.12160540069066378,0.12160540069066378
Cell Unavailable,Local Cell Unusable,-1,0.13459333670352167,0.13459333670352167
Cell Unavailable,Local Cell Unusable,0,0.2478154550372246,0.2478154550372246
Cell Unavailable,Local Cell Unusable,1,0.13363876365325705,0.13363876365325705
Cell Unavailable,Local Cell Unusable,2,0.1261179393810884,0.1261179393810884
Cell Unavailable,Local Cell Unusable,3,0.11378292936596865,0.11378292936596865
Cell Unavailable,Local Cell Unusable,4,0.07627379699910432,0.07627379699910432
Cell Unavailable,Local Cell Unusable,5,0.06804627970433326,0.06804627970433326
Cell Unavailable,Local Cell Unusable,6,0.049032581740578715,0.049032581740578715
Cell Unavailable,Local Cell Unusable,7,0.03290755976868724,0.03290755976868724
Cell Unavailable,Local Cell Unusable,8,0.038544634876481125,0.038544634876481125
Cell Unavailable,Local Cell Unusable,9,0.018079535092609553,0.018079535092609553
Cell Unavailable,Local Cell Unusable,10,0.021173485147909687,0.021173485147909687
Cell Unavailable,Local Cell Unusable,11,0.018962093150828502,0.018962093150828502
Cell Unavailable,Local Cell Unusable,12,0.010465000641631432,0.010465000641631432
Cell Unavailable,Parallel Alarm Exceeds the Limit,-12,0.015166234986141745,0.015166234986141745
Cell Unavailable,Parallel Alarm Exceeds the Limit,-11,0.011696304387441604,0.011696304387441604
Cell Unavailable,Parallel Alarm Exceeds the Limit,-10,0.01759251584278395,0.01759251584278395
Cell Unavailable,Parallel Alarm Exceeds the Limit,-9,0.0014608798070630518,0.0014608798070630518
Cell Unavailable,Parallel Alarm Exceeds the Limit,-8,0.015682973045156513,0.015682973045156513
Cell Unavailable,Parallel Alarm Exceeds the Limit,-7,0.013439680386381873,0.013439680386381873
Cell Unavailable,Parallel Alarm Exceeds the Limit,-6,0.015821154506295853,0.015821154506295853
Cell Unavailable,Parallel Alarm Exceeds the Limit,-5,0.018112279391763624,0.018112279391763624
Cell Unavailable,Parallel Alarm Exceeds the Limit,-4,0.02170234624067729,0.02170234624067729
Cell Unavailable,Parallel Alarm Exceeds the Limit,-3,0.03457829551648493,0.03457829551648493
Cell Unavailable,Parallel Alarm Exceeds the Limit,-2,0.027710652325308352,0.027710652325308352
Cell Unavailable,Parallel Alarm Exceeds the Limit,-1,0.025224867651421092,0.025224867651421092
Cell Unavailable,Parallel Alarm Exceeds the Limit,0,0.09996352801561081,0.09996352801561081
Cell Unavailable,Parallel Alarm Exceeds the Limit,1,0.02797020011319666,0.02797020011319666
Cell Unavailable,Parallel Alarm Exceeds the Limit,2,0.021568984284266044,0.021568984284266044
Cell Unavailable,Parallel Alarm Exceeds the Limit,3,0.03368768893099683,0.03368768893099683
Cell Unavailable,Parallel Alarm Exceeds the Limit,4,0.011013575587126715,0.011013575587126715
Cell Unavailable,Parallel Alarm Exceeds the Limit,5,0.03718510858712779,0.03718510858712779
Cell Unavailable,Parallel Alarm Exceeds the Limit,6,0.011630906280203338,0.011630906280203338
Cell Unavailable,Parallel Alarm Exceeds the Limit,7,0.033164590261993865,0.033164590261993865
Cell Unavailable,Parallel Alarm Exceeds the Limit,8,0.029105484748505422,0.029105484748505422
Cell Unavailable,Parallel Alarm Exceeds the Limit,9,0.015677354745653842,0.015677354745653842
Cell Unavailable,Parallel Alarm Exceeds the Limit,10,0.02640617967050618,0.02640617967050618
Cell Unavailable,Parallel Alarm Exceeds the Limit,11,0.03494947662774963,0.03494947662774963
Cell Unavailable,Parallel Alarm Exceeds the Limit,12,0.0224413527921615,0.0224413527921615
Cell Unavailable,RF Unit RX Channel RTWP/RSSI Unbalanced,-12,0.09812554502816419,0.09812554502816419
Cell Unavailable,RF Unit RX Channel RTWP/RSSI Unbalanced,-11,0.12526687901771855,0.12526687901771855
Cell Unavailable,RF Unit RX Channel RTWP/RSSI Unbalanced,-10,0.13820421917439496,0.13820421917439496
Cell Unavailable,RF Unit RX Channel RTWP/RSSI Unbalanced,-9,0.11633848667514676,0.11633848667514676
Cell Unavailable,RF Unit RX Channel RTWP/RSSI Unbalanced,-8,0.1295358459173185,0.1295358459173185
Cell Unavailable,RF Unit RX Channel RTWP/RSSI Unbalanced,-7,0.12875216155285873,0.12875216155285873
Cell Unavailable,RF Unit RX Channel RTWP/RSSI Unbalanced,-6,0.1200351417352915,0.1200351417352915
Cell Unavailable,RF Unit RX Channel RTWP/RSSI Unbalanced,-5,0.12687466283127308,0.12687466283127308
Cell Unavailable,RF Unit RX Channel RTWP/RSSI Unbalanced,-4,0.12122416923367775,0.12122416923367775
Cell Unavailable,RF Unit RX Channel RTWP/RSSI Unbalanced,-3,0.11477385775110466,0.11477385775110466
Cell Unavailable,RF Unit RX Channel RTWP/RSSI Unbalanced,-2,0.14142889539105097,0.14142889539105097
Cell Unavailable,RF Unit RX Channel RTWP/RSSI Unbalanced,-1,0.14949404684087286,0.14949404684087286
Cell Unavailable,RF Unit RX Channel RTWP/RSSI Unbalanced,0,0.18878049599632124,0.18878049599632124
Cell Unavailable,RF Unit RX Channel RTWP/RSSI Unbalanced,1,0.18822256462654816,0.18822256462654816
Cell Unavailable,RF Unit RX Channel RTWP/RSSI Unbalanced,2,0.18642790768871995,0.18642790768871995
Cell Unavailable,RF Unit RX Channel RTWP/RSSI Unbalanced,3,0.18681166100681515,0.18681166100681515
Cell Unavailable,RF Unit RX Channel RTWP/RSSI Unbalanced,4,0.18169113265527256,0.18169113265527256
Cell Unavailable,RF Unit RX Channel RTWP/RSSI Unbalanced,5,0.16981264238343008,0.16981264238343008
Cell Unavailable,RF Unit RX Channel RTWP/RSSI Unbalanced,6,0.15510367855249557,0.15510367855249557
Cell Unavailable,RF Unit RX Channel RTWP/RSSI Unbalanced,7,0.11881994582912232,0.11881994582912232
Cell Unavailable,RF Unit RX Channel RTWP/RSSI Unbalanced,8,0.12422745173272354,0.12422745173272354
Cell Unavailable,RF Unit RX Channel RTWP/RSSI Unbalanced,9,0.10922543624535722,0.10922543624535722
Cell Unavailable,RF Unit RX Channel RTWP/RSSI Unbalanced,10,0.10711538452191055,0.10711538452191055
Cell Unavailable,RF Unit RX Channel RTWP/RSSI Unbalanced,11,0.10601338532099545,0.10601338532099545
Cell Unavailable,RF Unit RX Channel RTWP/RSSI Unbalanced,12,0.1078306365518923,0.1078306365518923
Cell Unavailable,RF Unit VSWR Threshold Crossed,-12,0.07980049419513341,0.07980049419513341
Cell Unavailable,RF Unit VSWR Threshold Crossed,-11,0.07506961444826162,0.07506961444826162
Cell Unavailable,RF Unit VSWR Threshold Crossed,-10,0.09693389581607541,0.09693389581607541
Cell Unavailable,RF Unit VSWR Threshold Crossed,-9,0.08567834605538753,0.08567834605538753
Cell Unavailable,RF Unit VSWR Threshold Crossed,-8,0.0852750443977774,0.0852750443977774
Cell Unavailable,RF Unit VSWR Threshold Crossed,-7,0.10091692044145747,0.10091692044145747
Cell Unavailable,RF Unit VSWR Threshold Crossed,-6,0.10918528936299127,0.10918528936299127
Cell Unavailable,RF Unit VSWR Threshold Crossed,-5,0.12352165366645805,0.12352165366645805
Cell Unavailable,RF Unit VSWR Threshold Crossed,-4,0.1174029665031574,0.1174029665031574
Cell Unavailable,RF Unit VSWR Threshold Crossed,-3,0.1574060943250847,0.1574060943250847
Cell Unavailable,RF Unit VSWR Threshold Crossed,-2,0.15313127900792717,0.15313127900792717
Cell Unavailable,RF Unit VSWR Threshold Crossed,-1,0.15459353786986527,0.15459353786986527
Cell Unavailable,RF Unit VSWR Threshold Crossed,0,0.2437566176520668,0.2437566176520668
Cell Unavailable,RF Unit VSWR Threshold Crossed,1,0.15042672834168958,0.15042672834168958
Cell Unavailable,RF Unit VSWR Threshold Crossed,2,0.1647775219355763,0.1647775219355763
Cell Unavailable,RF Unit VSWR Threshold Crossed,3,0.15121693596173713,0.15121693596173713
Cell Unavailable,RF Unit VSWR Threshold Crossed,4,0.11790052602185912,0.11790052602185912
Cell Unavailable,RF Unit VSWR Threshold Crossed,5,0.11251291906632686,0.11251291906632686
Cell Unavailable,RF Unit VSWR Threshold Crossed,6,0.09980197500244684,0.09980197500244684
Cell Unavailable,RF Unit VSWR Threshold Crossed,7,0.08977341533760635,0.08977341533760635
Cell Unavailable,RF Unit VSWR Threshold Crossed,8,0.09241411636570179,0.09241411636570179
Cell Unavailable,RF Unit VSWR Threshold Crossed,9,0.0717614995071788,0.0717614995071788
Cell Unavailable,RF Unit VSWR Threshold Crossed,10,0.08763194188272579,0.08763194188272579
Cell Unavailable,RF Unit VSWR Threshold Crossed,11,0.07317579955653897,0.07317579955653897
Cell Unavailable,RF Unit VSWR Threshold Crossed,12,0.08071064418541116,0.08071064418541116
Cell Unavailable,S1ap Link Down,-12,0.012156246809467324,0.012156246809467324
Cell Unavailable,S1ap Link Down,-11,0.022488481711697025,0.022488481711697025
Cell Unavailable,S1ap Link Down,-10,0.023843510858136425,0.023843510858136425
Cell Unavailable,S1ap Link Down,-9,0.0077543050124301025,0.0077543050124301025
Cell Unavailable,S1ap Link Down,-8,0.020517543744699062,0.020517543744699062
Cell Unavailable,S1ap Link Down,-7,0.01624218801375289,0.01624218801375289
Cell Unavailable,S1ap Link Down,-6,0.01937855043348705,0.01937855043348705
Cell Unavailable,S1ap Link Down,-5,0.027017097388664573,0.027017097388664573
Cell Unavailable,S1ap Link Down,-4,0.0253557891446954,0.0253557891446954
Cell Unavailable,S1ap Link Down,-3,0.029538961152533762,0.029538961152533762
Cell Unavailable,S1ap Link Down,-2,0.026627513614070904,0.026627513614070904
Cell Unavailable,S1ap Link Down,-1,0.03312552775970172,0.03312552775970172
Cell Unavailable,S1ap Link Down,0,0.09967454569985275,0.09967454569985275
Cell Unavailable,S1ap Link Down,1,0.03705250491275673,0.03705250491275673
Cell Unavailable,S1ap Link Down,2,0.035764345905938355,0.035764345905938355
Cell Unavailable,S1ap Link Down,3,0.037167180928240943,0.037167180928240943
Cell Unavailable,S1ap Link Down,4,0.02686662034036741,0.02686662034036741
Cell Unavailable,S1ap Link Down,5,0.02821762084611395,0.02821762084611395
Cell Unavailable,S1ap Link Down,6,0.01641511162030995,0.01641511162030995
Cell Unavailable,S1ap Link Down,7,0.031030395594002575,0.031030395594002575
Cell Unavailable,S1ap Link Down,8,0.01893446236267671,0.01893446236267671
Cell Unavailable,S1ap Link Down,9,0.01180257049226298,0.01180257049226298
Cell Unavailable,S1ap Link Down,10,0.026488030472672196,0.026488030472672196
Cell Unavailable,S1ap Link Down,11,0.017639225054576473,0.017639225054576473
Cell Unavailable,S1ap Link Down,12,0.018840436520870824,0.018840436520870824
Cell Unavailable,SCTP Link Fault,-12,0.027876274593537604,0.027876274593537604
Cell Unavailable,SCTP Link Fault,-11,0.018781325067832297,0.018781325067832297
Cell Unavailable,SCTP Link Fault,-10,0.026897729673615152,0.026897729673615152
Cell Unavailable,SCTP Link Fault,-9,0.6473530553791008,0.6473530553791008
Cell Unavailable,SCTP Link Fault,-8,0.022481333488174084,0.022481333488174084
Cell Unavailable,SCTP Link Fault,-7,0.027557408740477195,0.027557408740477195
Cell Unavailable,SCTP Link Fault,-6,0.024743689990433245,0.024743689990433245
Cell Unavailable,SCTP Link Fault,-5,0.03459349616681885,0.03459349616681885
Cell Unavailable,SCTP Link Fault,-4,0.03567352019294433,0.03567352019294433
Cell Unavailable,SCTP Link Fault,-3,0.05247255925008388,0.05247255925008388
Cell Unavailable,SCTP Link Fault,-2,0.056458625997106916,0.056458625997106916
Cell Unavailable,SCTP Link Fault,-1,0.05146838496771667,0.05146838496771667
Cell Unavailable,SCTP Link Fault,0,0.11333147751311827,0.11333147751311827
Cell Unavailable,SCTP Link Fault,1,0.06393605060577981,0.06393605060577981
Cell Unavailable,SCTP Link Fault,2,0.059224369560821714,0.059224369560821714
Cell Unavailable,SCTP Link Fault,3,0.050563474497566756,0.050563474497566756
Cell Unavailable,SCTP Link Fault,4,0.048894605340504396,0.048894605340504396
Cell Unavailable,SCTP Link Fault,5,0.04988731913427822,0.04988731913427822
Cell Unavailable,SCTP Link Fault,6,0.05599132328977709,0.05599132328977709
Cell Unavailable,SCTP Link Fault,7,0.03592407720563332,0.03592407720563332
Cell Unavailable,SCTP Link Fault,8,0.02554772110739621,0.02554772110739621
Cell Unavailable,SCTP Link Fault,9,0.03452431126582422,0.03452431126582422
Cell Unavailable,SCTP Link Fault,10,0.032268301050411244,0.032268301050411244
Cell Unavailable,SCTP Link Fault,11,0.032338443810174325,0.032338443810174325
Cell Unavailable,SCTP Link Fault,12,0.03371689722506082,0.03371689722506082
Cell Unavailable,SDH/SONET Tributary Excessive Slip Frames,-12,0.0901506952542732,0.0901506952542732
Cell Unavailable,SDH/SONET Tributary Excessive Slip Frames,-11,0.08308782533847799,0.08308782533847799
Cell Unavailable,SDH/SONET Tributary Excessive Slip Frames,-10,0.10600818463508396,0.10600818463508396
Cell Unavailable,SDH/SONET Tributary Excessive Slip Frames,-9,0.08803085844952661,0.08803085844952661
Cell Unavailable,SDH/SONET Tributary Excessive Slip Frames,-8,0.10237529671548862,0.10237529671548862
Cell Unavailable,SDH/SONET Tributary Excessive Slip Frames,-7,0.09988116348171965,0.09988116348171965
Cell Unavailable,SDH/SONET Tributary Excessive Slip Frames,-6,0.09996680079798155,0.09996680079798155
Cell Unavailable,SDH/SONET Tributary Excessive Slip Frames,-5,0.11852998527425952,0.11852998527425952
Cell Unavailable,SDH/SONET Tributary Excessive Slip Frames,-4,0.08825997785298273,0.08825997785298273
Cell Unavailable,SDH/SONET Tributary Excessive Slip Frames,-3,0.13408719925865067,0.13408719925865067
Cell Unavailable,SDH/SONET Tributary Excessive Slip Frames,-2,0.11063127190448556,0.11063127190448556
Cell Unavailable,SDH/SONET Tributary Excessive Slip Frames,-1,0.09853280426356491,0.09853280426356491
Cell Unavailable,SDH/SONET Tributary Excessive Slip Frames,0,0.21884353000991486,0.21884353000991486
Cell Unavailable,SDH/SONET Tributary Excessive Slip Frames,1,0.08410656748995399,0.08410656748995399
Cell Unavailable,SDH/SONET Tributary Excessive Slip Frames,2,0.12385061243673867,0.12385061243673867
Cell Unavailable,SDH/SONET Tributary Excessive Slip Frames,3,0.10812222839914566,0.10812222839914566
Cell Unavailable,SDH/SONET Tributary Excessive Slip Frames,4,0.09286581864314855,0.09286581864314855
Cell Unavailable,SDH/SONET Tributary Excessive Slip Frames,5,0.10875145056103735,0.10875145056103735
Cell Unavailable,SDH/SONET Tributary Excessive Slip Frames,6,0.09121470801037296,0.09121470801037296
Cell Unavailable,SDH/SONET Tributary Excessive Slip Frames,7,0.11305389132640711,0.11305389132640711
Cell Unavailable,SDH/SONET Tributary Excessive Slip Frames,8,0.10086188330887724,0.10086188330887724
Cell Unavailable,SDH/SONET Tributary Excessive Slip Frames,9,0.09106243654735444,0.09106243654735444
Cell Unavailable,SDH/SONET Tributary Excessive Slip Frames,10,0.1263509354192225,0.1263509354192225
Cell Unavailable,SDH/SONET Tributary Excessive Slip Frames,11,0.08624192354376303,0.08624192354376303
Cell Unavailable,SDH/SONET Tributary Excessive Slip Frames,12,0.09838468725711658,0.09838468725711658
Cell Unavailable,Statistical Alarm,-12,0.06241731006244864,0.06241731006244864
Cell Unavailable,Statistical Alarm,-11,0.04773548933350843,0.04773548933350843
Cell Unavailable,Statistical Alarm,-10,0.04267709422888345,0.04267709422888345
Cell Unavailable,Statistical Alarm,-9,0.025382783819161415,0.025382783819161415
Cell Unavailable,Statistical Alarm,-8,0.027835386342341267,0.027835386342341267
Cell Unavailable,Statistical Alarm,-7,0.0427097376727432,0.0427097376727432
Cell Unavailable,Statistical Alarm,-6,0.04469904017952364,0.04469904017952364
Cell Unavailable,Statistical Alarm,-5,0.046318415472819806,0.046318415472819806
Cell Unavailable,Statistical Alarm,-4,0.04115311627732573,0.04115311627732573
Cell Unavailable,Statistical Alarm,-3,0.08392994462429372,0.08392994462429372
Cell Unavailable,Statistical Alarm,-2,0.05249155060784466,0.05249155060784466
Cell Unavailable,Statistical Alarm,-1,0.048356532235994724,0.048356532235994724
Cell Unavailable,Statistical Alarm,0,0.09368030674250996,0.09368030674250996
Cell Unavailable,Statistical Alarm,1,0.05472860109901676,0.05472860109901676
Cell Unavailable,Statistical Alarm,2,0.040441591290295766,0.040441591290295766
Cell Unavailable,Statistical Alarm,3,0.02867479387272064,0.02867479387272064
Cell Unavailable,Statistical Alarm,4,0.02598775116078954,0.02598775116078954
Cell Unavailable,Statistical Alarm,5,0.024804690413286715,0.024804690413286715
Cell Unavailable,Statistical Alarm,6,0.03265095789699064,0.03265095789699064
Cell Unavailable,Statistical Alarm,7,0.020544870042759063,0.020544870042759063
Cell Unavailable,Statistical Alarm,8,0.02940778509360085,0.02940778509360085
Cell Unavailable,Statistical Alarm,9,0.02529913292507216,0.02529913292507216
Cell Unavailable,Statistical Alarm,10,0.052986308557797915,0.052986308557797915
Cell Unavailable,Statistical Alarm,11,0.024054368426259173,0.024054368426259173
Cell Unavailable,Statistical Alarm,12,0.03181405917416915,0.03181405917416915
Cell Unavailable,UMTS Cell MC-HSDPA Function Fault,-12,0.11170788137512995,0.11170788137512995
Cell Unavailable,UMTS Cell MC-HSDPA Function Fault,-11,0.11077077549905025,0.11077077549905025
Cell Unavailable,UMTS Cell MC-HSDPA Function Fault,-10,0.09572610978554377,0.09572610978554377
Cell Unavailable,UMTS Cell MC-HSDPA Function Fault,-9,0.05911784852160932,0.05911784852160932
Cell Unavailable,UMTS Cell MC-HSDPA Function Fault,-8,0.03531286062494817,0.03531286062494817
Cell Unavailable,UMTS Cell MC-HSDPA Function Fault,-7,0.025460140229955377,0.025460140229955377
Cell Unavailable,UMTS Cell MC-HSDPA Function Fault,-6,0.008945584601566947,0.008945584601566947
Cell Unavailable,UMTS Cell MC-HSDPA Function Fault,-5,0.020315591367180523,0.020315591367180523
Cell Unavailable,UMTS Cell MC-HSDPA Function Fault,-4,0.013199817372642995,0.013199817372642995
Cell Unavailable,UMTS Cell MC-HSDPA Function Fault,-3,0.02607788094287241,0.02607788094287241
Cell Unavailable,UMTS Cell MC-HSDPA Function Fault,-2,0.02508189057365096,0.02508189057365096
Cell Unavailable,UMTS Cell MC-HSDPA Function Fault,-1,0.042208805636101215,0.042208805636101215
Cell Unavailable,UMTS Cell MC-HSDPA Function Fault,0,0.04615218688267649,0.04615218688267649
Cell Unavailable,UMTS Cell MC-HSDPA Function Fault,1,-0.007103096905881751,0.007103096905881751
Cell Unavailable,UMTS Cell MC-HSDPA Function Fault,2,-0.016937319769427615,0.016937319769427615
Cell Unavailable,UMTS Cell MC-HSDPA Function Fault,3,-0.00993028809630377,0.00993028809630377
Cell Unavailable,UMTS Cell MC-HSDPA Function Fault,4,-0.01737816977786884,0.01737816977786884
Cell Unavailable,UMTS Cell MC-HSDPA Function Fault,5,0.004601225047197753,0.004601225047197753
Cell Unavailable,UMTS Cell MC-HSDPA Function Fault,6,0.011317752243286874,0.011317752243286874
Cell Unavailable,UMTS Cell MC-HSDPA Function Fault,7,0.04591366648905783,0.04591366648905783
Cell Unavailable,UMTS Cell MC-HSDPA Function Fault,8,0.07333774872823082,0.07333774872823082
Cell Unavailable,UMTS Cell MC-HSDPA Function Fault,9,0.10681181262894257,0.10681181262894257
Cell Unavailable,UMTS Cell MC-HSDPA Function Fault,10,0.13858033904208797,0.13858033904208797
Cell Unavailable,UMTS Cell MC-HSDPA Function Fault,11,0.14220396111751374,0.14220396111751374
Cell Unavailable,UMTS Cell MC-HSDPA Function Fault,12,0.11029868553810931,0.11029868553810931
Cell Unavailable,UMTS Cell Unavailable,-12,0.034340415707215,0.034340415707215
Cell Unavailable,UMTS Cell Unavailable,-11,0.04317557846642716,0.04317557846642716
Cell Unavailable,UMTS Cell Unavailable,-10,0.04705256420625923,0.04705256420625923
Cell Unavailable,UMTS Cell Unavailable,-9,0.03370231044318419,0.03370231044318419
Cell Unavailable,UMTS Cell Unavailable,-8,0.037701081221686854,0.037701081221686854
Cell Unavailable,UMTS Cell Unavailable,-7,0.03232916901808221,0.03232916901808221
Cell Unavailable,UMTS Cell Unavailable,-6,0.04845652283580185,0.04845652283580185
Cell Unavailable,UMTS Cell Unavailable,-5,0.0529306010296953,0.0529306010296953
Cell Unavailable,UMTS Cell Unavailable,-4,0.0451882119764802,0.0451882119764802
Cell Unavailable,UMTS Cell Unavailable,-3,0.0689781863310082,0.0689781863310082
Cell Unavailable,UMTS Cell Unavailable,-2,0.06531727637923058,0.06531727637923058
Cell Unavailable,UMTS Cell Unavailable,-1,0.07100721394499625,0.07100721394499625
Cell Unavailable,UMTS Cell Unavailable,0,0.1805538584892825,0.1805538584892825
Cell Unavailable,UMTS Cell Unavailable,1,0.07127819674090752,0.07127819674090752
Cell Unavailable,UMTS Cell Unavailable,2,0.08347670389080968,0.08347670389080968
Cell Unavailable,UMTS Cell Unavailable,3,0.07210355290991856,0.07210355290991856
Cell Unavailable,UMTS Cell Unavailable,4,0.05310901977008895,0.05310901977008895
Cell Unavailable,UMTS Cell Unavailable,5,0.05691731270232904,0.05691731270232904
Cell Unavailable,UMTS Cell Unavailable,6,0.040179494245632885,0.040179494245632885
Cell Unavailable,UMTS Cell Unavailable,7,0.036884424350248315,0.036884424350248315
Cell Unavailable,UMTS Cell Unavailable,8,0.03723893193895395,0.03723893193895395
Cell Unavailable,UMTS Cell Unavailable,9,0.0352550304047899,0.0352550304047899
Cell Unavailable,UMTS Cell Unavailable,10,0.05524222008381328,0.05524222008381328
Cell Unavailable,UMTS Cell Unavailable,11,0.04868131966927599,0.04868131966927599
Cell Unavailable,UMTS Cell Unavailable,12,0.04279448965839483,0.04279448965839483
Cell Unavailable,User Plane Fault,-12,0.07998953657394176,0.07998953657394176
Cell Unavailable,User Plane Fault,-11,0.07214367107585003,0.07214367107585003
Cell Unavailable,User Plane Fault,-10,0.08013827840564208,0.08013827840564208
Cell Unavailable,User Plane Fault,-9,0.061800079799127695,0.061800079799127695
Cell Unavailable,User Plane Fault,-8,0.07229333999155574,0.07229333999155574
Cell Unavailable,User Plane Fault,-7,0.06854767097741919,0.06854767097741919
Cell Unavailable,User Plane Fault,-6,0.07893746661811928,0.07893746661811928
Cell Unavailable,User Plane Fault,-5,0.1040584572005069,0.1040584572005069
Cell Unavailable,User Plane Fault,-4,0.09607947114824593,0.09607947114824593
Cell Unavailable,User Plane Fault,-3,0.12295794361601076,0.12295794361601076
Cell Unavailable,User Plane Fault,-2,0.12978145712133243,0.12978145712133243
Cell Unavailable,User Plane Fault,-1,0.1293824840085903,0.1293824840085903
Cell Unavailable,User Plane Fault,0,0.2521893203797535,0.2521893203797535
Cell Unavailable,User Plane Fault,1,0.14781497881173475,0.14781497881173475
Cell Unavailable,User Plane Fault,2,0.15035903000768147,0.15035903000768147
Cell Unavailable,User Plane Fault,3,0.14420762659164152,0.14420762659164152
Cell Unavailable,User Plane Fault,4,0.11095073848419863,0.11095073848419863
Cell Unavailable,User Plane Fault,5,0.11504614703250143,0.11504614703250143
Cell Unavailable,User Plane Fault,6,0.1023215859810781,0.1023215859810781
Cell Unavailable,User Plane Fault,7,0.08470272398229342,0.08470272398229342
Cell Unavailable,User Plane Fault,8,0.09027032136227199,0.09027032136227199
Cell Unavailable,User Plane Fault,9,0.06616439569370675,0.06616439569370675
Cell Unavailable,User Plane Fault,10,0.11142143710616927,0.11142143710616927
Cell Unavailable,User Plane Fault,11,0.09918082641191177,0.09918082641191177
Cell Unavailable,User Plane Fault,12,0.08013551144133906,0.08013551144133906
Cell Unavailable,X2 Interface Fault,-12,0.06553672853170223,0.06553672853170223
Cell Unavailable,X2 Interface Fault,-11,0.06045547478208356,0.06045547478208356
Cell Unavailable,X2 Interface Fault,-10,0.07431190415269284,0.07431190415269284
Cell Unavailable,X2 Interface Fault,-9,0.09168151989422785,0.09168151989422785
Cell Unavailable,X2 Interface Fault,-8,0.06764435464902395,0.06764435464902395
Cell Unavailable,X2 Interface Fault,-7,0.060444458184487675,0.060444458184487675
Cell Unavailable,X2 Interface Fault,-6,0.07594661790709129,0.07594661790709129
Cell Unavailable,X2 Interface Fault,-5,0.11013637610508716,0.11013637610508716
Cell Unavailable,X2 Interface Fault,-4,0.0987539379641986,0.0987539379641986
Cell Unavailable,X2 Interface Fault,-3,0.12112121131414816,0.12112121131414816
Cell Unavailable,X2 Interface Fault,-2,0.12505609143434024,0.12505609143434024
Cell Unavailable,X2 Interface Fault,-1,0.13751631844608808,0.13751631844608808
Cell Unavailable,X2 Interface Fault,0,0.22549550929474224,0.22549550929474224
Cell Unavailable,X2 Interface Fault,1,0.1602637871578553,0.1602637871578553
Cell Unavailable,X2 Interface Fault,2,0.15950041429898001,0.15950041429898001
Cell Unavailable,X2 Interface Fault,3,0.15203318051840767,0.15203318051840767
Cell Unavailable,X2 Interface Fault,4,0.11672924286250572,0.11672924286250572
Cell Unavailable,X2 Interface Fault,5,0.11388482128983321,0.11388482128983321
Cell Unavailable,X2 Interface Fault,6,0.09644922840523329,0.09644922840523329
Cell Unavailable,X2 Interface Fault,7,0.07739753664433782,0.07739753664433782
Cell Unavailable,X2 Interface Fault,8,0.08394343305529653,0.08394343305529653
Cell Unavailable,X2 Interface Fault,9,0.059308713500694436,0.059308713500694436
Cell Unavailable,X2 Interface Fault,10,0.07333222511773174,0.07333222511773174
Cell Unavailable,X2 Interface Fault,11,0.08854952994979061,0.08854952994979061
Cell Unavailable,X2 Interface Fault,12,0.06345767626412933,0.06345767626412933
Commercial Power Down (Main Power Down),Core CPU Overload,-12,0.06426061122979383,0.06426061122979383
Commercial Power Down (Main Power Down),Core CPU Overload,-11,0.07649306036320459,0.07649306036320459
Commercial Power Down (Main Power Down),Core CPU Overload,-10,0.12580744999996119,0.12580744999996119
Commercial Power Down (Main Power Down),Core CPU Overload,-9,0.1532287964971687,0.1532287964971687
Commercial Power Down (Main Power Down),Core CPU Overload,-8,0.21896051441061629,0.21896051441061629
Commercial Power Down (Main Power Down),Core CPU Overload,-7,0.2641415428620744,0.2641415428620744
Commercial Power Down (Main Power Down),Core CPU Overload,-6,0.298182744916072,0.298182744916072
Commercial Power Down (Main Power Down),Core CPU Overload,-5,0.36377489633130256,0.36377489633130256
Commercial Power Down (Main Power Down),Core CPU Overload,-4,0.36627106267801557,0.36627106267801557
Commercial Power Down (Main Power Down),Core CPU Overload,-3,0.42408345770808903,0.42408345770808903
Commercial Power Down (Main Power Down),Core CPU Overload,-2,0.42305140802667274,0.42305140802667274
Commercial Power Down (Main Power Down),Core CPU Overload,-1,0.37351105304724763,0.37351105304724763
Commercial Power Down (Main Power Down),Core CPU Overload,0,0.44442170284322385,0.44442170284322385
Commercial Power Down (Main Power Down),Core CPU Overload,1,0.23517770734562435,0.23517770734562435
Commercial Power Down (Main Power Down),Core CPU Overload,2,0.18984615663656038,0.18984615663656038
Commercial Power Down (Main Power Down),Core CPU Overload,3,0.16836217064575,0.16836217064575
Commercial Power Down (Main Power Down),Core CPU Overload,4,0.11972105456770275,0.11972105456770275
Commercial Power Down (Main Power Down),Core CPU Overload,5,0.1025023188810572,0.1025023188810572
Commercial Power Down (Main Power Down),Core CPU Overload,6,0.04885094214240646,0.04885094214240646
Commercial Power Down (Main Power Down),Core CPU Overload,7,0.031218910640153443,0.031218910640153443
Commercial Power Down (Main Power Down),Core CPU Overload,8,0.0065451758269896455,0.0065451758269896455
Commercial Power Down (Main Power Down),Core CPU Overload,9,0.0038885853740700713,0.0038885853740700713
Commercial Power Down (Main Power Down),Core CPU Overload,10,0.021435075996782467,0.021435075996782467
Commercial Power Down (Main Power Down),Core CPU Overload,11,0.02039569951747133,0.02039569951747133
Commercial Power Down (Main Power Down),Core CPU Overload,12,0.0708690269783441,0.0708690269783441
Commercial Power Down (Main Power Down),E1/T1 Excessive Bit Error Rate,-12,0.19096114363191702,0.19096114363191702
Commercial Power Down (Main Power Down),E1/T1 Excessive Bit Error Rate,-11,0.18005591596717133,0.18005591596717133
Commercial Power Down (Main Power Down),E1/T1 Excessive Bit Error Rate,-10,0.2017601047883331,0.2017601047883331
Commercial Power Down (Main Power Down),E1/T1 Excessive Bit Error Rate,-9,0.20328080429968773,0.20328080429968773
Commercial Power Down (Main Power Down),E1/T1 Excessive Bit Error Rate,-8,0.22139389575406299,0.22139389575406299
Commercial Power Down (Main Power Down),E1/T1 Excessive Bit Error Rate,-7,0.2288450890572792,0.2288450890572792
Commercial Power Down (Main Power Down),E1/T1 Excessive Bit Error Rate,-6,0.26107021962262045,0.26107021962262045
Commercial Power Down (Main Power Down),E1/T1 Excessive Bit Error Rate,-5,0.24852310237335903,0.24852310237335903
Commercial Power Down (Main Power Down),E1/T1 Excessive Bit Error Rate,-4,0.23689292288662264,0.23689292288662264
Commercial Power Down (Main Power Down),E1/T1 Excessive Bit Error Rate,-3,0.27551362725131556,0.27551362725131556
Commercial Power Down (Main Power Down),E1/T1 Excessive Bit Error Rate,-2,0.2838036300183388,0.2838036300183388
Commercial Power Down (Main Power Down),E1/T1 Excessive Bit Error Rate,-1,0.29398412049817263,0.29398412049817263
Commercial Power Down (Main Power Down),E1/T1 Excessive Bit Error Rate,0,0.4071997854010287,0.4071997854010287
Commercial Power Down (Main Power Down),E1/T1 Excessive Bit Error Rate,1,0.28529403727658625,0.28529403727658625
Commercial Power Down (Main Power Down),E1/T1 Excessive Bit Error Rate,2,0.27888359452253103,0.27888359452253103
Commercial Power Down (Main Power Down),E1/T1 Excessive Bit Error Rate,3,0.25806658487774753,0.25806658487774753
Commercial Power Down (Main Power Down),E1/T1 Excessive Bit Error Rate,4,0.2369126092748551,0.2369126092748551
Commercial Power Down (Main Power Down),E1/T1 Excessive Bit Error Rate,5,0.21524198400965702,0.21524198400965702
Commercial Power Down (Main Power Down),E1/T1 Excessive Bit Error Rate,6,0.18647899390039416,0.18647899390039416
Commercial Power Down (Main Power Down),E1/T1 Excessive Bit Error Rate,7,0.19264892606651415,0.19264892606651415
Commercial Power Down (Main Power Down),E1/T1 Excessive Bit Error Rate,8,0.18187345182740414,0.18187345182740414
Commercial Power Down (Main Power Down),E1/T1 Excessive Bit Error Rate,9,0.1708083006629726,0.1708083006629726
Commercial Power Down (Main Power Down),E1/T1 Excessive Bit Error Rate,10,0.1953553607612225,0.1953553607612225
Commercial Power Down (Main Power Down),E1/T1 Excessive Bit Error Rate,11,0.16755876287961483,0.16755876287961483
Commercial Power Down (Main Power Down),E1/T1 Excessive Bit Error Rate,12,0.19077861774501786,0.19077861774501786
Commercial Power Down (Main Power Down),External Clock Reference Problem,-12,0.11088787900098626,0.11088787900098626
Commercial Power Down (Main Power Down),External Clock Reference Problem,-11,0.11833116422079835,0.11833116422079835
Commercial Power Down (Main Power Down),External Clock Reference Problem,-10,0.1389962705951359,0.1389962705951359
Commercial Power Down (Main Power Down),External Clock Reference Problem,-9,0.1454579371242711,0.1454579371242711
Commercial Power Down (Main Power Down),External Clock Reference Problem,-8,0.14475037998361312,0.14475037998361312
Commercial Power Down (Main Power Down),External Clock Reference Problem,-7,0.15579303157078522,0.15579303157078522
Commercial Power Down (Main Power Down),External Clock Reference Problem,-6,0.16479132587922332,0.16479132587922332
Commercial Power Down (Main Power Down),External Clock Reference Problem,-5,0.21595895026983863,0.21595895026983863
Commercial Power Down (Main Power Down),External Clock Reference Problem,-4,0.1942033443009184,0.1942033443009184
Commercial Power Down (Main Power Down),External Clock Reference Problem,-3,0.22232269446898587,0.22232269446898587
Commercial Power Down (Main Power Down),External Clock Reference Problem,-2,0.24884982546523346,0.24884982546523346
Commercial Power Down (Main Power Down),External Clock Reference Problem,-1,0.2561477054897786,0.2561477054897786
Commercial Power Down (Main Power Down),External Clock Reference Problem,0,0.2719038852661913,0.2719038852661913
Commercial Power Down (Main Power Down),External Clock Reference Problem,1,0.20352013941687902,0.20352013941687902
Commercial Power Down (Main Power Down),External Clock Reference Problem,2,0.18823847049689793,0.18823847049689793
Commercial Power Down (Main Power Down),External Clock Reference Problem,3,0.17974543759364742,0.17974543759364742
Commercial Power Down (Main Power Down),External Clock Reference Problem,4,0.1654198369095982,0.1654198369095982
Commercial Power Down (Main Power Down),External Clock Reference Problem,5,0.16549270008071584,0.16549270008071584
Commercial Power Down (Main Power Down),External Clock Reference Problem,6,0.13251641924635768,0.13251641924635768
Commercial Power Down (Main Power Down),External Clock Reference Problem,7,0.15817309440947636,0.15817309440947636
Commercial Power Down (Main Power Down),External Clock Reference Problem,8,0.14097173628734513,0.14097173628734513
Commercial Power Down (Main Power Down),External Clock Reference Problem,9,0.13779357101629175,0.13779357101629175
Commercial Power Down (Main Power Down),External Clock Reference Problem,10,0.1341598647738588,0.1341598647738588
Commercial Power Down (Main Power Down),External Clock Reference Problem,11,0.11990637689197547,0.11990637689197547
Commercial Power Down (Main Power Down),External Clock Reference Problem,12,0.12617904217066395,0.12617904217066395
Commercial Power Down (Main Power Down),GSM Cell out of Service,-12,0.07876844157226763,0.07876844157226763
Commercial Power Down (Main Power Down),GSM Cell out of Service,-11,0.07868770107014765,0.07868770107014765
Commercial Power Down (Main Power Down),GSM Cell out of Service,-10,0.10315706131287264,0.10315706131287264
Commercial Power Down (Main Power Down),GSM Cell out of Service,-9,0.0970925803963972,0.0970925803963972
Commercial Power Down (Main Power Down),GSM Cell out of Service,-8,0.11044549469504701,0.11044549469504701
Commercial Power Down (Main Power Down),GSM Cell out of Service,-7,0.11771887891783195,0.11771887891783195
Commercial Power Down (Main Power Down),GSM Cell out of Service,-6,0.13853820737580064,0.13853820737580064
Commercial Power Down (Main Power Down),GSM Cell out of Service,-5,0.17870603311142705,0.17870603311142705
Commercial Power Down (Main Power Down),GSM Cell out of Service,-4,0.17360546583843225,0.17360546583843225
Commercial Power Down (Main Power Down),GSM Cell out of Service,-3,0.2108525996790207,0.2108525996790207
Commercial Power Down (Main Power Down),GSM Cell out of Service,-2,0.2284361724133626,0.2284361724133626
Commercial Power Down (Main Power Down),GSM Cell out of Service,-1,0.21413280883136543,0.21413280883136543
Commercial Power Down (Main Power Down),GSM Cell out of Service,0,0.3054403575657269,0.3054403575657269
Commercial Power Down (Main Power Down),GSM Cell out of Service,1,0.17352496257595867,0.17352496257595867
Commercial Power Down (Main Power Down),GSM Cell out of Service,2,0.17204158330149383,0.17204158330149383
Commercial Power Down (Main Power Down),GSM Cell out of Service,3,0.16014558954781544,0.16014558954781544
Commercial Power Down (Main Power Down),GSM Cell out of Service,4,0.11877127917964059,0.11877127917964059
Commercial Power Down (Main Power Down),GSM Cell out of Service,5,0.1266754175727146,0.1266754175727146
Commercial Power Down (Main Power Down),GSM Cell out of Service,6,0.08837362394393812,0.08837362394393812
Commercial Power Down (Main Power Down),GSM Cell out of Service,7,0.09674244043434092,0.09674244043434092
Commercial Power Down (Main Power Down),GSM Cell out of Service,8,0.08924331922164436,0.08924331922164436
Commercial Power Down (Main Power Down),GSM Cell out of Service,9,0.1025285040405761,0.1025285040405761
Commercial Power Down (Main Power Down),GSM Cell out of Service,10,0.12824698349381008,0.12824698349381008
Commercial Power Down (Main Power Down),GSM Cell out of Service,11,0.09118249037621953,0.09118249037621953
Commercial Power Down (Main Power Down),GSM Cell out of Service,12,0.0850610821486062,0.0850610821486062
Commercial Power Down (Main Power Down),GTPC Tunnel Path Broken,-12,0.13823562901443387,0.13823562901443387
Commercial Power Down (Main Power Down),GTPC Tunnel Path Broken,-11,0.14388539592127125,0.14388539592127125
Commercial Power Down (Main Power Down),GTPC Tunnel Path Broken,-10,0.14107440960388434,0.14107440960388434
Commercial Power Down (Main Power Down),GTPC Tunnel Path Broken,-9,0.15540493600718946,0.15540493600718946
Commercial Power Down (Main Power Down),GTPC Tunnel Path Broken,-8,0.18461932708351828,0.18461932708351828
Commercial Power Down (Main Power Down),GTPC Tunnel Path Broken,-7,0.1643251703425588,0.1643251703425588
Commercial Power Down (Main Power Down),GTPC Tunnel Path Broken,-6,0.1955445612167276,0.1955445612167276
Commercial Power Down (Main Power Down),GTPC Tunnel Path Broken,-5,0.18959731515061656,0.18959731515061656
Commercial Power Down (Main Power Down),GTPC Tunnel Path Broken,-4,0.17919045351342788,0.17919045351342788
Commercial Power Down (Main Power Down),GTPC Tunnel Path Broken,-3,0.17549830379917572,0.17549830379917572
Commercial Power Down (Main Power Down),GTPC Tunnel Path Broken,-2,0.18736272487236597,0.18736272487236597
Commercial Power Down (Main Power Down),GTPC Tunnel Path Broken,-1,0.18032418385713378,0.18032418385713378
Commercial Power Down (Main Power Down),GTPC Tunnel Path Broken,0,0.21255961141398497,0.21255961141398497
Commercial Power Down (Main Power Down),GTPC Tunnel Path Broken,1,0.13171584166933414,0.13171584166933414
Commercial Power Down (Main Power Down),GTPC Tunnel Path Broken,2,0.12261350038267585,0.12261350038267585
Commercial Power Down (Main Power Down),GTPC Tunnel Path Broken,3,0.11446843966971465,0.11446843966971465
Commercial Power Down (Main Power Down),GTPC Tunnel Path Broken,4,0.12906836670709929,0.12906836670709929
Commercial Power Down (Main Power Down),GTPC Tunnel Path Broken,5,0.10983139392127214,0.10983139392127214
Commercial Power Down (Main Power Down),GTPC Tunnel Path Broken,6,0.10173849549144176,0.10173849549144176
Commercial Power Down (Main Power Down),GTPC Tunnel Path Broken,7,0.12495711661375926,0.12495711661375926
Commercial Power Down (Main Power Down),GTPC Tunnel Path Broken,8,0.100549916254221,0.100549916254221
Commercial Power Down (Main Power Down),GTPC Tunnel Path Broken,9,0.1098102711029673,0.1098102711029673
Commercial Power Down (Main Power Down),GTPC Tunnel Path Broken,10,0.12357664377052012,0.12357664377052012
Commercial Power Down (Main Power Down),GTPC Tunnel Path Broken,11,0.11597176408623597,0.11597176408623597
Commercial Power Down (Main Power Down),GTPC Tunnel Path Broken,12,0.11732065701904706,0.11732065701904706
Commercial Power Down (Main Power Down),High Temperature (35Â°),-12,0.13749618344331016,0.13749618344331016
Commercial Power Down (Main Power Down),High Temperature (35Â°),-11,0.13663768246516453,0.13663768246516453
Commercial Power Down (Main Power Down),High Temperature (35Â°),-10,0.1744279074964345,0.1744279074964345
Commercial Power Down (Main Power Down),High Temperature (35Â°),-9,0.1683983309929497,0.1683983309929497
Commercial Power Down (Main Power Down),High Temperature (35Â°),-8,0.22633364240013057,0.22633364240013057
Commercial Power Down (Main Power Down),High Temperature (35Â°),-7,0.23968974625936257,0.23968974625936257
Commercial Power Down (Main Power Down),High Temperature (35Â°),-6,0.27112320900735754,0.27112320900735754
Commercial Power Down (Main Power Down),High Temperature (35Â°),-5,0.32249815179220265,0.32249815179220265
Commercial Power Down (Main Power Down),High Temperature (35Â°),-4,0.31818129750488644,0.31818129750488644
Commercial Power Down (Main Power Down),High Temperature (35Â°),-3,0.3486775131210299,0.3486775131210299
Commercial Power Down (Main Power Down),High Temperature (35Â°),-2,0.35221193876477597,0.35221193876477597
Commercial Power Down (Main Power Down),High Temperature (35Â°),-1,0.3288202428078924,0.3288202428078924
Commercial Power Down (Main Power Down),High Temperature (35Â°),0,0.5021820163932437,0.5021820163932437
Commercial Power Down (Main Power Down),High Temperature (35Â°),1,0.2909059080136969,0.2909059080136969
Commercial Power Down (Main Power Down),High Temperature (35Â°),2,0.3129836419890817,0.3129836419890817
Commercial Power Down (Main Power Down),High Temperature (35Â°),3,0.2946109363335395,0.2946109363335395
Commercial Power Down (Main Power Down),High Temperature (35Â°),4,0.24712007230676616,0.24712007230676616
Commercial Power Down (Main Power Down),High Temperature (35Â°),5,0.24873461706837863,0.24873461706837863
Commercial Power Down (Main Power Down),High Temperature (35Â°),6,0.19959606628505333,0.19959606628505333
Commercial Power Down (Main Power Down),High Temperature (35Â°),7,0.1923823670146117,0.1923823670146117
Commercial Power Down (Main Power Down),High Temperature (35Â°),8,0.1675378072934954,0.1675378072934954
Commercial Power Down (Main Power Down),High Temperature (35Â°),9,0.13285238384040057,0.13285238384040057
Commercial Power Down (Main Power Down),High Temperature (35Â°),10,0.13731220560007162,0.13731220560007162
Commercial Power Down (Main Power Down),High Temperature (35Â°),11,0.1260996812097756,0.1260996812097756
Commercial Power Down (Main Power Down),High Temperature (35Â°),12,0.15826412072482754,0.15826412072482754
Commercial Power Down (Main Power Down),IP PM Activation Failure,-12,-0.0021246903597541182,0.0021246903597541182
Commercial Power Down (Main Power Down),IP PM Activation Failure,-11,0.016220004672830555,0.016220004672830555
Commercial Power Down (Main Power Down),IP PM Activation Failure,-10,0.014707771944728117,0.014707771944728117
Commercial Power Down (Main Power Down),IP PM Activation Failure,-9,0.025353642327625096,0.025353642327625096
Commercial Power Down (Main Power Down),IP PM Activation Failure,-8,0.03719268346706982,0.03719268346706982
Commercial Power Down (Main Power Down),IP PM Activation Failure,-7,0.012338545212779167,0.012338545212779167
Commercial Power Down (Main Power Down),IP PM Activation Failure,-6,0.021554194078847358,0.021554194078847358
Commercial Power Down (Main Power Down),IP PM Activation Failure,-5,0.02561976552364441,0.02561976552364441
Commercial Power Down (Main Power Down),IP PM Activation Failure,-4,0.02324902684918809,0.02324902684918809
Commercial Power Down (Main Power Down),IP PM Activation Failure,-3,0.020009819361852792,0.020009819361852792
Commercial Power Down (Main Power Down),IP PM Activation Failure,-2,0.03868915878747278,0.03868915878747278
Commercial Power Down (Main Power Down),IP PM Activation Failure,-1,0.037103028207915674,0.037103028207915674
Commercial Power Down (Main Power Down),IP PM Activation Failure,0,0.03313562136812588,0.03313562136812588
Commercial Power Down (Main Power Down),IP PM Activation Failure,1,0.008776915533094953,0.008776915533094953
Commercial Power Down (Main Power Down),IP PM Activation Failure,2,0.029794330797705187,0.029794330797705187
Commercial Power Down (Main Power Down),IP PM Activation Failure,3,0.004455284699512729,0.004455284699512729
Commercial Power Down (Main Power Down),IP PM Activation Failure,4,0.0029239087915713764,0.0029239087915713764
Commercial Power Down (Main Power Down),IP PM Activation Failure,5,0.009594524599414206,0.009594524599414206
Commercial Power Down (Main Power Down),IP PM Activation Failure,6,0.0018993591178682915,0.0018993591178682915
Commercial Power Down (Main Power Down),IP PM Activation Failure,7,6.826239520381117e-05,6.826239520381117e-05
Commercial Power Down (Main Power Down),IP PM Activation Failure,8,0.015031675641135476,0.015031675641135476
Commercial Power Down (Main Power Down),IP PM Activation Failure,9,0.018346737544332414,0.018346737544332414
Commercial Power Down (Main Power Down),IP PM Activation Failure,10,0.022607776648294026,0.022607776648294026
Commercial Power Down (Main Power Down),IP PM Activation Failure,11,0.012181538047284182,0.012181538047284182
Commercial Power Down (Main Power Down),IP PM Activation Failure,12,0.01969960049219058,0.01969960049219058
Commercial Power Down (Main Power Down),Local Cell Unusable,-12,0.03649851786256514,0.03649851786256514
Commercial Power Down (Main Power Down),Local Cell Unusable,-11,0.050539344564354875,0.050539344564354875
Commercial Power Down (Main Power Down),Local Cell Unusable,-10,0.09019453344758115,0.09019453344758115
Commercial Power Down (Main Power Down),Local Cell Unusable,-9,0.09924101486908757,0.09924101486908757
Commercial Power Down (Main Power Down),Local Cell Unusable,-8,0.13347553879591423,0.13347553879591423
Commercial Power Down (Main Power Down),Local Cell Unusable,-7,0.15786031594657324,0.15786031594657324
Commercial Power Down (Main Power Down),Local Cell Unusable,-6,0.19301894484096657,0.19301894484096657
Commercial Power Down (Main Power Down),Local Cell Unusable,-5,0.21870462181634195,0.21870462181634195
Commercial Power Down (Main Power Down),Local Cell Unusable,-4,0.22289764779722282,0.22289764779722282
Commercial Power Down (Main Power Down),Local Cell Unusable,-3,0.22686530258243495,0.22686530258243495
Commercial Power Down (Main Power Down),Local Cell Unusable,-2,0.2293714717657878,0.2293714717657878
Commercial Power Down (Main Power Down),Local Cell Unusable,-1,0.21810567242033252,0.21810567242033252
Commercial Power Down (Main Power Down),Local Cell Unusable,0,0.2816221104724882,0.2816221104724882
Commercial Power Down (Main Power Down),Local Cell Unusable,1,0.17363779946835797,0.17363779946835797
Commercial Power Down (Main Power Down),Local Cell Unusable,2,0.15979578385876328,0.15979578385876328
Commercial Power Down (Main Power Down),Local Cell Unusable,3,0.1373529209727164,0.1373529209727164
Commercial Power Down (Main Power Down),Local Cell Unusable,4,0.12429159303263582,0.12429159303263582
Commercial Power Down (Main Power Down),Local Cell Unusable,5,0.10340553167876679,0.10340553167876679
Commercial Power Down (Main Power Down),Local Cell Unusable,6,0.05547901902050464,0.05547901902050464
Commercial Power Down (Main Power Down),Local Cell Unusable,7,0.05536145799275231,0.05536145799275231
Commercial Power Down (Main Power Down),Local Cell Unusable,8,0.04168271630737828,0.04168271630737828
Commercial Power Down (Main Power Down),Local Cell Unusable,9,0.027680966312932345,0.027680966312932345
Commercial Power Down (Main Power Down),Local Cell Unusable,10,0.028909256543103373,0.028909256543103373
Commercial Power Down (Main Power Down),Local Cell Unusable,11,0.025677374729022755,0.025677374729022755
Commercial Power Down (Main Power Down),Local Cell Unusable,12,0.05003245511919045,0.05003245511919045
Commercial Power Down (Main Power Down),Parallel Alarm Exceeds the Limit,-12,0.03438919611688862,0.03438919611688862
Commercial Power Down (Main Power Down),Parallel Alarm Exceeds the Limit,-11,0.018133700101230128,0.018133700101230128
Commercial Power Down (Main Power Down),Parallel Alarm Exceeds the Limit,-10,0.04887541583243879,0.04887541583243879
Commercial Power Down (Main Power Down),Parallel Alarm Exceeds the Limit,-9,0.03577708027058747,0.03577708027058747
Commercial Power Down (Main Power Down),Parallel Alarm Exceeds the Limit,-8,0.06347550513203946,0.06347550513203946
Commercial Power Down (Main Power Down),Parallel Alarm Exceeds the Limit,-7,0.08059348639903573,0.08059348639903573
Commercial Power Down (Main Power Down),Parallel Alarm Exceeds the Limit,-6,0.0702007818426465,0.0702007818426465
Commercial Power Down (Main Power Down),Parallel Alarm Exceeds the Limit,-5,0.11208264988400737,0.11208264988400737
Commercial Power Down (Main Power Down),Parallel Alarm Exceeds the Limit,-4,0.0924277840687856,0.0924277840687856
Commercial Power Down (Main Power Down),Parallel Alarm Exceeds the Limit,-3,0.1317790517131449,0.1317790517131449
Commercial Power Down (Main Power Down),Parallel Alarm Exceeds the Limit,-2,0.09730270208664658,0.09730270208664658
Commercial Power Down (Main Power Down),Parallel Alarm Exceeds the Limit,-1,0.0952226251057226,0.0952226251057226
Commercial Power Down (Main Power Down),Parallel Alarm Exceeds the Limit,0,0.14441019540328973,0.14441019540328973
Commercial Power Down (Main Power Down),Parallel Alarm Exceeds the Limit,1,0.07327637623750716,0.07327637623750716
Commercial Power Down (Main Power Down),Parallel Alarm Exceeds the Limit,2,0.07472474800227201,0.07472474800227201
Commercial Power Down (Main Power Down),Parallel Alarm Exceeds the Limit,3,0.09579027977491518,0.09579027977491518
Commercial Power Down (Main Power Down),Parallel Alarm Exceeds the Limit,4,0.06053063981559819,0.06053063981559819
Commercial Power Down (Main Power Down),Parallel Alarm Exceeds the Limit,5,0.07295595391924584,0.07295595391924584
Commercial Power Down (Main Power Down),Parallel Alarm Exceeds the Limit,6,0.026590634567947073,0.026590634567947073
Commercial Power Down (Main Power Down),Parallel Alarm Exceeds the Limit,7,0.04595913979456216,0.04595913979456216
Commercial Power Down (Main Power Down),Parallel Alarm Exceeds the Limit,8,0.04656417090647362,0.04656417090647362
Commercial Power Down (Main Power Down),Parallel Alarm Exceeds the Limit,9,0.035900497437128434,0.035900497437128434
Commercial Power Down (Main Power Down),Parallel Alarm Exceeds the Limit,10,0.06267132580111896,0.06267132580111896
Commercial Power Down (Main Power Down),Parallel Alarm Exceeds the Limit,11,0.05165521062666889,0.05165521062666889
Commercial Power Down (Main Power Down),Parallel Alarm Exceeds the Limit,12,0.026475951259801494,0.026475951259801494
Commercial Power Down (Main Power Down),RF Unit RX Channel RTWP/RSSI Unbalanced,-12,0.2625779269424169,0.2625779269424169
Commercial Power Down (Main Power Down),RF Unit RX Channel RTWP/RSSI Unbalanced,-11,0.2817705665554394,0.2817705665554394
Commercial Power Down (Main Power Down),RF Unit RX Channel RTWP/RSSI Unbalanced,-10,0.29602425222201517,0.29602425222201517
Commercial Power Down (Main Power Down),RF Unit RX Channel RTWP/RSSI Unbalanced,-9,0.2896687740608967,0.2896687740608967
Commercial Power Down (Main Power Down),RF Unit RX Channel RTWP/RSSI Unbalanced,-8,0.30840574732096054,0.30840574732096054
Commercial Power Down (Main Power Down),RF Unit RX Channel RTWP/RSSI Unbalanced,-7,0.3276142353386563,0.3276142353386563
Commercial Power Down (Main Power Down),RF Unit RX Channel RTWP/RSSI Unbalanced,-6,0.33811616424139385,0.33811616424139385
Commercial Power Down (Main Power Down),RF Unit RX Channel RTWP/RSSI Unbalanced,-5,0.36618305316431443,0.36618305316431443
Commercial Power Down (Main Power Down),RF Unit RX Channel RTWP/RSSI Unbalanced,-4,0.3646021886545627,0.3646021886545627
Commercial Power Down (Main Power Down),RF Unit RX Channel RTWP/RSSI Unbalanced,-3,0.38609878241472023,0.38609878241472023
Commercial Power Down (Main Power Down),RF Unit RX Channel RTWP/RSSI Unbalanced,-2,0.40547339620640244,0.40547339620640244
Commercial Power Down (Main Power Down),RF Unit RX Channel RTWP/RSSI Unbalanced,-1,0.41425286395713157,0.41425286395713157
Commercial Power Down (Main Power Down),RF Unit RX Channel RTWP/RSSI Unbalanced,0,0.4723183629057061,0.4723183629057061
Commercial Power Down (Main Power Down),RF Unit RX Channel RTWP/RSSI Unbalanced,1,0.41870686447897487,0.41870686447897487
Commercial Power Down (Main Power Down),RF Unit RX Channel RTWP/RSSI Unbalanced,2,0.39628263909806577,0.39628263909806577
Commercial Power Down (Main Power Down),RF Unit RX Channel RTWP/RSSI Unbalanced,3,0.3836566992085618,0.3836566992085618
Commercial Power Down (Main Power Down),RF Unit RX Channel RTWP/RSSI Unbalanced,4,0.35919374629996603,0.35919374629996603
Commercial Power Down (Main Power Down),RF Unit RX Channel RTWP/RSSI Unbalanced,5,0.3416772889634229,0.3416772889634229
Commercial Power Down (Main Power Down),RF Unit RX Channel RTWP/RSSI Unbalanced,6,0.3208274995208839,0.3208274995208839
Commercial Power Down (Main Power Down),RF Unit RX Channel RTWP/RSSI Unbalanced,7,0.3038064682769557,0.3038064682769557
Commercial Power Down (Main Power Down),RF Unit RX Channel RTWP/RSSI Unbalanced,8,0.2996325758020557,0.2996325758020557
Commercial Power Down (Main Power Down),RF Unit RX Channel RTWP/RSSI Unbalanced,9,0.2770220471420526,0.2770220471420526
Commercial Power Down (Main Power Down),RF Unit RX Channel RTWP/RSSI Unbalanced,10,0.2652593526240043,0.2652593526240043
Commercial Power Down (Main Power Down),RF Unit RX Channel RTWP/RSSI Unbalanced,11,0.266699899029357,0.266699899029357
Commercial Power Down (Main Power Down),RF Unit RX Channel RTWP/RSSI Unbalanced,12,0.2731257410628521,0.2731257410628521
Commercial Power Down (Main Power Down),RF Unit VSWR Threshold Crossed,-12,0.23590942831125583,0.23590942831125583
Commercial Power Down (Main Power Down),RF Unit VSWR Threshold Crossed,-11,0.24298292960665213,0.24298292960665213
Commercial Power Down (Main Power Down),RF Unit VSWR Threshold Crossed,-10,0.27992518857039217,0.27992518857039217
Commercial Power Down (Main Power Down),RF Unit VSWR Threshold Crossed,-9,0.2677900643150939,0.2677900643150939
Commercial Power Down (Main Power Down),RF Unit VSWR Threshold Crossed,-8,0.31680117443180145,0.31680117443180145
Commercial Power Down (Main Power Down),RF Unit VSWR Threshold Crossed,-7,0.31780307980372924,0.31780307980372924
Commercial Power Down (Main Power Down),RF Unit VSWR Threshold Crossed,-6,0.3346398541651076,0.3346398541651076
Commercial Power Down (Main Power Down),RF Unit VSWR Threshold Crossed,-5,0.3819882324306714,0.3819882324306714
Commercial Power Down (Main Power Down),RF Unit VSWR Threshold Crossed,-4,0.35532914085041234,0.35532914085041234
Commercial Power Down (Main Power Down),RF Unit VSWR Threshold Crossed,-3,0.39587030388009176,0.39587030388009176
Commercial Power Down (Main Power Down),RF Unit VSWR Threshold Crossed,-2,0.3825985796601884,0.3825985796601884
Commercial Power Down (Main Power Down),RF Unit VSWR Threshold Crossed,-1,0.37457457767372127,0.37457457767372127
Commercial Power Down (Main Power Down),RF Unit VSWR Threshold Crossed,0,0.5064010017946194,0.5064010017946194
Commercial Power Down (Main Power Down),RF Unit VSWR Threshold Crossed,1,0.30749245389371505,0.30749245389371505
Commercial Power Down (Main Power Down),RF Unit VSWR Threshold Crossed,2,0.33543375331074804,0.33543375331074804
Commercial Power Down (Main Power Down),RF Unit VSWR Threshold Crossed,3,0.32168048573202773,0.32168048573202773
Commercial Power Down (Main Power Down),RF Unit VSWR Threshold Crossed,4,0.27971039456709706,0.27971039456709706
Commercial Power Down (Main Power Down),RF Unit VSWR Threshold Crossed,5,0.28267477613787306,0.28267477613787306
Commercial Power Down (Main Power Down),RF Unit VSWR Threshold Crossed,6,0.24048534827394955,0.24048534827394955
Commercial Power Down (Main Power Down),RF Unit VSWR Threshold Crossed,7,0.26272283854057976,0.26272283854057976
Commercial Power Down (Main Power Down),RF Unit VSWR Threshold Crossed,8,0.24487811118112904,0.24487811118112904
Commercial Power Down (Main Power Down),RF Unit VSWR Threshold Crossed,9,0.23070051577808845,0.23070051577808845
Commercial Power Down (Main Power Down),RF Unit VSWR Threshold Crossed,10,0.2522764470521442,0.2522764470521442
Commercial Power Down (Main Power Down),RF Unit VSWR Threshold Crossed,11,0.21610214419869303,0.21610214419869303
Commercial Power Down (Main Power Down),RF Unit VSWR Threshold Crossed,12,0.24951599967740995,0.24951599967740995
Commercial Power Down (Main Power Down),S1ap Link Down,-12,0.029245939681260512,0.029245939681260512
Commercial Power Down (Main Power Down),S1ap Link Down,-11,0.03412975904166345,0.03412975904166345
Commercial Power Down (Main Power Down),S1ap Link Down,-10,0.04876177856096015,0.04876177856096015
Commercial Power Down (Main Power Down),S1ap Link Down,-9,0.038228840558829566,0.038228840558829566
Commercial Power Down (Main Power Down),S1ap Link Down,-8,0.05539818392134348,0.05539818392134348
Commercial Power Down (Main Power Down),S1ap Link Down,-7,0.046993049470168434,0.046993049470168434
Commercial Power Down (Main Power Down),S1ap Link Down,-6,0.05900913312417547,0.05900913312417547
Commercial Power Down (Main Power Down),S1ap Link Down,-5,0.08604337665444062,0.08604337665444062
Commercial Power Down (Main Power Down),S1ap Link Down,-4,0.0739824392870218,0.0739824392870218
Commercial Power Down (Main Power Down),S1ap Link Down,-3,0.09480991026133845,0.09480991026133845
Commercial Power Down (Main Power Down),S1ap Link Down,-2,0.10742098999014675,0.10742098999014675
Commercial Power Down (Main Power Down),S1ap Link Down,-1,0.10287820070518153,0.10287820070518153
Commercial Power Down (Main Power Down),S1ap Link Down,0,0.1261843100034513,0.1261843100034513
Commercial Power Down (Main Power Down),S1ap Link Down,1,0.07324171595896568,0.07324171595896568
Commercial Power Down (Main Power Down),S1ap Link Down,2,0.07438826233066956,0.07438826233066956
Commercial Power Down (Main Power Down),S1ap Link Down,3,0.06278608650139775,0.06278608650139775
Commercial Power Down (Main Power Down),S1ap Link Down,4,0.05637487812002032,0.05637487812002032
Commercial Power Down (Main Power Down),S1ap Link Down,5,0.06211104764404042,0.06211104764404042
Commercial Power Down (Main Power Down),S1ap Link Down,6,0.044136545209162784,0.044136545209162784
Commercial Power Down (Main Power Down),S1ap Link Down,7,0.04218731217773629,0.04218731217773629
Commercial Power Down (Main Power Down),S1ap Link Down,8,0.038005992210584615,0.038005992210584615
Commercial Power Down (Main Power Down),S1ap Link Down,9,0.044346742938039516,0.044346742938039516
Commercial Power Down (Main Power Down),S1ap Link Down,10,0.0531393322007565,0.0531393322007565
Commercial Power Down (Main Power Down),S1ap Link Down,11,0.045026437679431,0.045026437679431
Commercial Power Down (Main Power Down),S1ap Link Down,12,0.030460733136095035,0.030460733136095035
Commercial Power Down (Main Power Down),SCTP Link Fault,-12,0.04626296083470464,0.04626296083470464
Commercial Power Down (Main Power Down),SCTP Link Fault,-11,0.0357989334323226,0.0357989334323226
Commercial Power Down (Main Power Down),SCTP Link Fault,-10,0.056817757252832723,0.056817757252832723
Commercial Power Down (Main Power Down),SCTP Link Fault,-9,0.060755666827718297,0.060755666827718297
Commercial Power Down (Main Power Down),SCTP Link Fault,-8,0.072597096580889,0.072597096580889
Commercial Power Down (Main Power Down),SCTP Link Fault,-7,0.09301836781025066,0.09301836781025066
Commercial Power Down (Main Power Down),SCTP Link Fault,-6,0.09799800550188296,0.09799800550188296
Commercial Power Down (Main Power Down),SCTP Link Fault,-5,0.12680219867137243,0.12680219867137243
Commercial Power Down (Main Power Down),SCTP Link Fault,-4,0.15237589426040454,0.15237589426040454
Commercial Power Down (Main Power Down),SCTP Link Fault,-3,0.171673767320784,0.171673767320784
Commercial Power Down (Main Power Down),SCTP Link Fault,-2,0.15527268375047112,0.15527268375047112
Commercial Power Down (Main Power Down),SCTP Link Fault,-1,0.1536483283934766,0.1536483283934766
Commercial Power Down (Main Power Down),SCTP Link Fault,0,0.17857459226213157,0.17857459226213157
Commercial Power Down (Main Power Down),SCTP Link Fault,1,0.14601278850160218,0.14601278850160218
Commercial Power Down (Main Power Down),SCTP Link Fault,2,0.12465984632736996,0.12465984632736996
Commercial Power Down (Main Power Down),SCTP Link Fault,3,0.10524365433114032,0.10524365433114032
Commercial Power Down (Main Power Down),SCTP Link Fault,4,0.08177820891160989,0.08177820891160989
Commercial Power Down (Main Power Down),SCTP Link Fault,5,0.08292019892610931,0.08292019892610931
Commercial Power Down (Main Power Down),SCTP Link Fault,6,0.0782814736813763,0.0782814736813763
Commercial Power Down (Main Power Down),SCTP Link Fault,7,0.07175801050732532,0.07175801050732532
Commercial Power Down (Main Power Down),SCTP Link Fault,8,0.05095484148352651,0.05095484148352651
Commercial Power Down (Main Power Down),SCTP Link Fault,9,0.07172964281909673,0.07172964281909673
Commercial Power Down (Main Power Down),SCTP Link Fault,10,0.09009221229502644,0.09009221229502644
Commercial Power Down (Main Power Down),SCTP Link Fault,11,0.04722605048439768,0.04722605048439768
Commercial Power Down (Main Power Down),SCTP Link Fault,12,0.05486078989549668,0.05486078989549668
Commercial Power Down (Main Power Down),SDH/SONET Tributary Excessive Slip Frames,-12,0.2723555773985403,0.2723555773985403
Commercial Power Down (Main Power Down),SDH/SONET Tributary Excessive Slip Frames,-11,0.26676796963267807,0.26676796963267807
Commercial Power Down (Main Power Down),SDH/SONET Tributary Excessive Slip Frames,-10,0.28975126339175905,0.28975126339175905
Commercial Power Down (Main Power Down),SDH/SONET Tributary Excessive Slip Frames,-9,0.2592557293395061,0.2592557293395061
Commercial Power Down (Main Power Down),SDH/SONET Tributary Excessive Slip Frames,-8,0.2969723320492513,0.2969723320492513
Commercial Power Down (Main Power Down),SDH/SONET Tributary Excessive Slip Frames,-7,0.27906420778758134,0.27906420778758134
Commercial Power Down (Main Power Down),SDH/SONET Tributary Excessive Slip Frames,-6,0.2855257933773829,0.2855257933773829
Commercial Power Down (Main Power Down),SDH/SONET Tributary Excessive Slip Frames,-5,0.31867845896327046,0.31867845896327046
Commercial Power Down (Main Power Down),SDH/SONET Tributary Excessive Slip Frames,-4,0.2921306788727774,0.2921306788727774
Commercial Power Down (Main Power Down),SDH/SONET Tributary Excessive Slip Frames,-3,0.3357155517965938,0.3357155517965938
Commercial Power Down (Main Power Down),SDH/SONET Tributary Excessive Slip Frames,-2,0.31690387529827363,0.31690387529827363
Commercial Power Down (Main Power Down),SDH/SONET Tributary Excessive Slip Frames,-1,0.3099810035522091,0.3099810035522091
Commercial Power Down (Main Power Down),SDH/SONET Tributary Excessive Slip Frames,0,0.5186299179057441,0.5186299179057441
Commercial Power Down (Main Power Down),SDH/SONET Tributary Excessive Slip Frames,1,0.2622715509405667,0.2622715509405667
Commercial Power Down (Main Power Down),SDH/SONET Tributary Excessive Slip Frames,2,0.32571739554175644,0.32571739554175644
Commercial Power Down (Main Power Down),SDH/SONET Tributary Excessive Slip Frames,3,0.32016017988411627,0.32016017988411627
Commercial Power Down (Main Power Down),SDH/SONET Tributary Excessive Slip Frames,4,0.2955574611795134,0.2955574611795134
Commercial Power Down (Main Power Down),SDH/SONET Tributary Excessive Slip Frames,5,0.3155393477453663,0.3155393477453663
Commercial Power Down (Main Power Down),SDH/SONET Tributary Excessive Slip Frames,6,0.2706167288650093,0.2706167288650093
Commercial Power Down (Main Power Down),SDH/SONET Tributary Excessive Slip Frames,7,0.31308094070208925,0.31308094070208925
Commercial Power Down (Main Power Down),SDH/SONET Tributary Excessive Slip Frames,8,0.2878923928457318,0.2878923928457318
Commercial Power Down (Main Power Down),SDH/SONET Tributary Excessive Slip Frames,9,0.2702112557700444,0.2702112557700444
Commercial Power Down (Main Power Down),SDH/SONET Tributary Excessive Slip Frames,10,0.3044655405040299,0.3044655405040299
Commercial Power Down (Main Power Down),SDH/SONET Tributary Excessive Slip Frames,11,0.25480669336508055,0.25480669336508055
Commercial Power Down (Main Power Down),SDH/SONET Tributary Excessive Slip Frames,12,0.2882322920735615,0.2882322920735615
Commercial Power Down (Main Power Down),Statistical Alarm,-12,0.08117894146456679,0.08117894146456679
Commercial Power Down (Main Power Down),Statistical Alarm,-11,0.0703306982756971,0.0703306982756971
Commercial Power Down (Main Power Down),Statistical Alarm,-10,0.07218866313622031,0.07218866313622031
Commercial Power Down (Main Power Down),Statistical Alarm,-9,0.07960412529257936,0.07960412529257936
Commercial Power Down (Main Power Down),Statistical Alarm,-8,0.08999324301188148,0.08999324301188148
Commercial Power Down (Main Power Down),Statistical Alarm,-7,0.10219536674881531,0.10219536674881531
Commercial Power Down (Main Power Down),Statistical Alarm,-6,0.11330332504191114,0.11330332504191114
Commercial Power Down (Main Power Down),Statistical Alarm,-5,0.1186437260314485,0.1186437260314485
Commercial Power Down (Main Power Down),Statistical Alarm,-4,0.13403990320386375,0.13403990320386375
Commercial Power Down (Main Power Down),Statistical Alarm,-3,0.1420412661473966,0.1420412661473966
Commercial Power Down (Main Power Down),Statistical Alarm,-2,0.13843775571670072,0.13843775571670072
Commercial Power Down (Main Power Down),Statistical Alarm,-1,0.145418389752213,0.145418389752213
Commercial Power Down (Main Power Down),Statistical Alarm,0,0.19661497908243522,0.19661497908243522
Commercial Power Down (Main Power Down),Statistical Alarm,1,0.11868186816494739,0.11868186816494739
Commercial Power Down (Main Power Down),Statistical Alarm,2,0.11492477616007486,0.11492477616007486
Commercial Power Down (Main Power Down),Statistical Alarm,3,0.09626444693287703,0.09626444693287703
Commercial Power Down (Main Power Down),Statistical Alarm,4,0.06773281230380156,0.06773281230380156
Commercial Power Down (Main Power Down),Statistical Alarm,5,0.09193682830403606,0.09193682830403606
Commercial Power Down (Main Power Down),Statistical Alarm,6,0.08010809343460572,0.08010809343460572
Commercial Power Down (Main Power Down),Statistical Alarm,7,0.0818711190158565,0.0818711190158565
Commercial Power Down (Main Power Down),Statistical Alarm,8,0.09520170875189155,0.09520170875189155
Commercial Power Down (Main Power Down),Statistical Alarm,9,0.0671368026462174,0.0671368026462174
Commercial Power Down (Main Power Down),Statistical Alarm,10,0.09755583362278564,0.09755583362278564
Commercial Power Down (Main Power Down),Statistical Alarm,11,0.05744717634961397,0.05744717634961397
Commercial Power Down (Main Power Down),Statistical Alarm,12,0.07201109462342821,0.07201109462342821
Commercial Power Down (Main Power Down),UMTS Cell MC-HSDPA Function Fault,-12,0.17676839934673036,0.17676839934673036
Commercial Power Down (Main Power Down),UMTS Cell MC-HSDPA Function Fault,-11,0.1928879963199818,0.1928879963199818
Commercial Power Down (Main Power Down),UMTS Cell MC-HSDPA Function Fault,-10,0.17463736997187582,0.17463736997187582
Commercial Power Down (Main Power Down),UMTS Cell MC-HSDPA Function Fault,-9,0.11126705475274475,0.11126705475274475
Commercial Power Down (Main Power Down),UMTS Cell MC-HSDPA Function Fault,-8,0.07990072913983919,0.07990072913983919
Commercial Power Down (Main Power Down),UMTS Cell MC-HSDPA Function Fault,-7,0.023174206719722062,0.023174206719722062
Commercial Power Down (Main Power Down),UMTS Cell MC-HSDPA Function Fault,-6,0.002564785937745112,0.002564785937745112
Commercial Power Down (Main Power Down),UMTS Cell MC-HSDPA Function Fault,-5,-0.023256760201824357,0.023256760201824357
Commercial Power Down (Main Power Down),UMTS Cell MC-HSDPA Function Fault,-4,-0.0318527531266763,0.0318527531266763
Commercial Power Down (Main Power Down),UMTS Cell MC-HSDPA Function Fault,-3,-0.03356725983952221,0.03356725983952221
Commercial Power Down (Main Power Down),UMTS Cell MC-HSDPA Function Fault,-2,-0.029806709393393128,0.029806709393393128
Commercial Power Down (Main Power Down),UMTS Cell MC-HSDPA Function Fault,-1,-0.01963256264270596,0.01963256264270596
Commercial Power Down (Main Power Down),UMTS Cell MC-HSDPA Function Fault,0,0.00450705970535174,0.00450705970535174
Commercial Power Down (Main Power Down),UMTS Cell MC-HSDPA Function Fault,1,0.01310732395553501,0.01310732395553501
Commercial Power Down (Main Power Down),UMTS Cell MC-HSDPA Function Fault,2,0.047782951225820255,0.047782951225820255
Commercial Power Down (Main Power Down),UMTS Cell MC-HSDPA Function Fault,3,0.07887231496641864,0.07887231496641864
Commercial Power Down (Main Power Down),UMTS Cell MC-HSDPA Function Fault,4,0.14079105740403294,0.14079105740403294
Commercial Power Down (Main Power Down),UMTS Cell MC-HSDPA Function Fault,5,0.21602178915351453,0.21602178915351453
Commercial Power Down (Main Power Down),UMTS Cell MC-HSDPA Function Fault,6,0.23804748898601014,0.23804748898601014
Commercial Power Down (Main Power Down),UMTS Cell MC-HSDPA Function Fault,7,0.28292021269999656,0.28292021269999656
Commercial Power Down (Main Power Down),UMTS Cell MC-HSDPA Function Fault,8,0.317502313504499,0.317502313504499
Commercial Power Down (Main Power Down),UMTS Cell MC-HSDPA Function Fault,9,0.30951459660915687,0.30951459660915687
Commercial Power Down (Main Power Down),UMTS Cell MC-HSDPA Function Fault,10,0.2558105080055405,0.2558105080055405
Commercial Power Down (Main Power Down),UMTS Cell MC-HSDPA Function Fault,11,0.20046371396124207,0.20046371396124207
Commercial Power Down (Main Power Down),UMTS Cell MC-HSDPA Function Fault,12,0.18506799673966878,0.18506799673966878
Commercial Power Down (Main Power Down),UMTS Cell Unavailable,-12,0.07871660810159632,0.07871660810159632
Commercial Power Down (Main Power Down),UMTS Cell Unavailable,-11,0.08531384407670803,0.08531384407670803
Commercial Power Down (Main Power Down),UMTS Cell Unavailable,-10,0.1049427853629929,0.1049427853629929
Commercial Power Down (Main Power Down),UMTS Cell Unavailable,-9,0.09314465371367824,0.09314465371367824
Commercial Power Down (Main Power Down),UMTS Cell Unavailable,-8,0.10115860132336638,0.10115860132336638
Commercial Power Down (Main Power Down),UMTS Cell Unavailable,-7,0.10469209812729294,0.10469209812729294
Commercial Power Down (Main Power Down),UMTS Cell Unavailable,-6,0.1352571246151189,0.1352571246151189
Commercial Power Down (Main Power Down),UMTS Cell Unavailable,-5,0.16340313710842663,0.16340313710842663
Commercial Power Down (Main Power Down),UMTS Cell Unavailable,-4,0.16386131128416417,0.16386131128416417
Commercial Power Down (Main Power Down),UMTS Cell Unavailable,-3,0.20037140487050661,0.20037140487050661
Commercial Power Down (Main Power Down),UMTS Cell Unavailable,-2,0.21452701401803687,0.21452701401803687
Commercial Power Down (Main Power Down),UMTS Cell Unavailable,-1,0.21221654231159978,0.21221654231159978
Commercial Power Down (Main Power Down),UMTS Cell Unavailable,0,0.29085232711479975,0.29085232711479975
Commercial Power Down (Main Power Down),UMTS Cell Unavailable,1,0.17646050929782744,0.17646050929782744
Commercial Power Down (Main Power Down),UMTS Cell Unavailable,2,0.17729148182485385,0.17729148182485385
Commercial Power Down (Main Power Down),UMTS Cell Unavailable,3,0.15552333259160442,0.15552333259160442
Commercial Power Down (Main Power Down),UMTS Cell Unavailable,4,0.13514342888469247,0.13514342888469247
Commercial Power Down (Main Power Down),UMTS Cell Unavailable,5,0.13370799033495037,0.13370799033495037
Commercial Power Down (Main Power Down),UMTS Cell Unavailable,6,0.09571177290376173,0.09571177290376173
Commercial Power Down (Main Power Down),UMTS Cell Unavailable,7,0.09876575326867817,0.09876575326867817
Commercial Power Down (Main Power Down),UMTS Cell Unavailable,8,0.1019692755642515,0.1019692755642515
Commercial Power Down (Main Power Down),UMTS Cell Unavailable,9,0.10187241551284575,0.10187241551284575
Commercial Power Down (Main Power Down),UMTS Cell Unavailable,10,0.13776909909377466,0.13776909909377466
Commercial Power Down (Main Power Down),UMTS Cell Unavailable,11,0.10449395550668453,0.10449395550668453
Commercial Power Down (Main Power Down),UMTS Cell Unavailable,12,0.08866306511110639,0.08866306511110639
Commercial Power Down (Main Power Down),User Plane Fault,-12,0.1750185122991227,0.1750185122991227
Commercial Power Down (Main Power Down),User Plane Fault,-11,0.16104871385602298,0.16104871385602298
Commercial Power Down (Main Power Down),User Plane Fault,-10,0.21134846293454715,0.21134846293454715
Commercial Power Down (Main Power Down),User Plane Fault,-9,0.19243875827343276,0.19243875827343276
Commercial Power Down (Main Power Down),User Plane Fault,-8,0.21202508462523603,0.21202508462523603
Commercial Power Down (Main Power Down),User Plane Fault,-7,0.23545568972139172,0.23545568972139172
Commercial Power Down (Main Power Down),User Plane Fault,-6,0.26941010957470163,0.26941010957470163
Commercial Power Down (Main Power Down),User Plane Fault,-5,0.3324301079618292,0.3324301079618292
Commercial Power Down (Main Power Down),User Plane Fault,-4,0.3395246310137231,0.3395246310137231
Commercial Power Down (Main Power Down),User Plane Fault,-3,0.3873040339089217,0.3873040339089217
Commercial Power Down (Main Power Down),User Plane Fault,-2,0.3956512896287506,0.3956512896287506
Commercial Power Down (Main Power Down),User Plane Fault,-1,0.3960080989383414,0.3960080989383414
Commercial Power Down (Main Power Down),User Plane Fault,0,0.5458772499214369,0.5458772499214369
Commercial Power Down (Main Power Down),User Plane Fault,1,0.34711843289274213,0.34711843289274213
Commercial Power Down (Main Power Down),User Plane Fault,2,0.31603510637825666,0.31603510637825666
Commercial Power Down (Main Power Down),User Plane Fault,3,0.3054592313424551,0.3054592313424551
Commercial Power Down (Main Power Down),User Plane Fault,4,0.2498281945571022,0.2498281945571022
Commercial Power Down (Main Power Down),User Plane Fault,5,0.27611914034161106,0.27611914034161106
Commercial Power Down (Main Power Down),User Plane Fault,6,0.21907588914927412,0.21907588914927412
Commercial Power Down (Main Power Down),User Plane Fault,7,0.21387080333009378,0.21387080333009378
Commercial Power Down (Main Power Down),User Plane Fault,8,0.20022716657100595,0.20022716657100595
Commercial Power Down (Main Power Down),User Plane Fault,9,0.19992638392974416,0.19992638392974416
Commercial Power Down (Main Power Down),User Plane Fault,10,0.21392351719601368,0.21392351719601368
Commercial Power Down (Main Power Down),User Plane Fault,11,0.17417583421736163,0.17417583421736163
Commercial Power Down (Main Power Down),User Plane Fault,12,0.16827316115233298,0.16827316115233298
Commercial Power Down (Main Power Down),X2 Interface Fault,-12,0.1468222916555313,0.1468222916555313
Commercial Power Down (Main Power Down),X2 Interface Fault,-11,0.1266692184964876,0.1266692184964876
Commercial Power Down (Main Power Down),X2 Interface Fault,-10,0.175252062620924,0.175252062620924
Commercial Power Down (Main Power Down),X2 Interface Fault,-9,0.1810923962057037,0.1810923962057037
Commercial Power Down (Main Power Down),X2 Interface Fault,-8,0.20169375176537904,0.20169375176537904
Commercial Power Down (Main Power Down),X2 Interface Fault,-7,0.2304039596413579,0.2304039596413579
Commercial Power Down (Main Power Down),X2 Interface Fault,-6,0.27525254857898873,0.27525254857898873
Commercial Power Down (Main Power Down),X2 Interface Fault,-5,0.32966362328668264,0.32966362328668264
Commercial Power Down (Main Power Down),X2 Interface Fault,-4,0.36291717568598064,0.36291717568598064
Commercial Power Down (Main Power Down),X2 Interface Fault,-3,0.3961978189818117,0.3961978189818117
Commercial Power Down (Main Power Down),X2 Interface Fault,-2,0.4100724422079649,0.4100724422079649
Commercial Power Down (Main Power Down),X2 Interface Fault,-1,0.4253342743084483,0.4253342743084483
Commercial Power Down (Main Power Down),X2 Interface Fault,0,0.5286791565312722,0.5286791565312722
Commercial Power Down (Main Power Down),X2 Interface Fault,1,0.37653208978708413,0.37653208978708413
Commercial Power Down (Main Power Down),X2 Interface Fault,2,0.3283096057870938,0.3283096057870938
Commercial Power Down (Main Power Down),X2 Interface Fault,3,0.30991552559148605,0.30991552559148605
Commercial Power Down (Main Power Down),X2 Interface Fault,4,0.24376850406277967,0.24376850406277967
Commercial Power Down (Main Power Down),X2 Interface Fault,5,0.262653184059646,0.262653184059646
Commercial Power Down (Main Power Down),X2 Interface Fault,6,0.20405791155611594,0.20405791155611594
Commercial Power Down (Main Power Down),X2 Interface Fault,7,0.1924997966263319,0.1924997966263319
Commercial Power Down (Main Power Down),X2 Interface Fault,8,0.165607350109459,0.165607350109459
Commercial Power Down (Main Power Down),X2 Interface Fault,9,0.1768709173813698,0.1768709173813698
Commercial Power Down (Main Power Down),X2 Interface Fault,10,0.18219375279010344,0.18219375279010344
Commercial Power Down (Main Power Down),X2 Interface Fault,11,0.15425739179464779,0.15425739179464779
Commercial Power Down (Main Power Down),X2 Interface Fault,12,0.14356493243314988,0.14356493243314988
Core CPU Overload,E1/T1 Excessive Bit Error Rate,-12,0.10159168783513471,0.10159168783513471
Core CPU Overload,E1/T1 Excessive Bit Error Rate,-11,0.09925725786263848,0.09925725786263848
Core CPU Overload,E1/T1 Excessive Bit Error Rate,-10,0.12142601287683139,0.12142601287683139
Core CPU Overload,E1/T1 Excessive Bit Error Rate,-9,0.1130359990875764,0.1130359990875764
Core CPU Overload,E1/T1 Excessive Bit Error Rate,-8,0.13174883493364448,0.13174883493364448
Core CPU Overload,E1/T1 Excessive Bit Error Rate,-7,0.13215936159211766,0.13215936159211766
Core CPU Overload,E1/T1 Excessive Bit Error Rate,-6,0.13658344989322233,0.13658344989322233
Core CPU Overload,E1/T1 Excessive Bit Error Rate,-5,0.1614409800301927,0.1614409800301927
Core CPU Overload,E1/T1 Excessive Bit Error Rate,-4,0.15774464873784347,0.15774464873784347
Core CPU Overload,E1/T1 Excessive Bit Error Rate,-3,0.1790900389587957,0.1790900389587957
Core CPU Overload,E1/T1 Excessive Bit Error Rate,-2,0.18158818713257416,0.18158818713257416
Core CPU Overload,E1/T1 Excessive Bit Error Rate,-1,0.18479862540082947,0.18479862540082947
Core CPU Overload,E1/T1 Excessive Bit Error Rate,0,0.2767232578170635,0.2767232578170635
Core CPU Overload,E1/T1 Excessive Bit Error Rate,1,0.2190316686266505,0.2190316686266505
Core CPU Overload,E1/T1 Excessive Bit Error Rate,2,0.21386063037715594,0.21386063037715594
Core CPU Overload,E1/T1 Excessive Bit Error Rate,3,0.21071751603177702,0.21071751603177702
Core CPU Overload,E1/T1 Excessive Bit Error Rate,4,0.1765350375389445,0.1765350375389445
Core CPU Overload,E1/T1 Excessive Bit Error Rate,5,0.17397983405283196,0.17397983405283196
Core CPU Overload,E1/T1 Excessive Bit Error Rate,6,0.14119586731328557,0.14119586731328557
Core CPU Overload,E1/T1 Excessive Bit Error Rate,7,0.14326438101935757,0.14326438101935757
Core CPU Overload,E1/T1 Excessive Bit Error Rate,8,0.1290625788458724,0.1290625788458724
Core CPU Overload,E1/T1 Excessive Bit Error Rate,9,0.10943496682745614,0.10943496682745614
Core CPU Overload,E1/T1 Excessive Bit Error Rate,10,0.12105629455571526,0.12105629455571526
Core CPU Overload,E1/T1 Excessive Bit Error Rate,11,0.083139652195127,0.083139652195127
Core CPU Overload,E1/T1 Excessive Bit Error Rate,12,0.10126091720581765,0.10126091720581765
Core CPU Overload,External Clock Reference Problem,-12,0.06428075157243379,0.06428075157243379
Core CPU Overload,External Clock Reference Problem,-11,0.06725792038408944,0.06725792038408944
Core CPU Overload,External Clock Reference Problem,-10,0.0834088675673212,0.0834088675673212
Core CPU Overload,External Clock Reference Problem,-9,0.08745858748540628,0.08745858748540628
Core CPU Overload,External Clock Reference Problem,-8,0.09505374487950465,0.09505374487950465
Core CPU Overload,External Clock Reference Problem,-7,0.08971363502691873,0.08971363502691873
Core CPU Overload,External Clock Reference Problem,-6,0.08434232288733233,0.08434232288733233
Core CPU Overload,External Clock Reference Problem,-5,0.1108281568923137,0.1108281568923137
Core CPU Overload,External Clock Reference Problem,-4,0.11617558264405847,0.11617558264405847
Core CPU Overload,External Clock Reference Problem,-3,0.14596418432941177,0.14596418432941177
Core CPU Overload,External Clock Reference Problem,-2,0.17331212983579924,0.17331212983579924
Core CPU Overload,External Clock Reference Problem,-1,0.18204897207966678,0.18204897207966678
Core CPU Overload,External Clock Reference Problem,0,0.23938725466534996,0.23938725466534996
Core CPU Overload,External Clock Reference Problem,1,0.21469395457996765,0.21469395457996765
Core CPU Overload,External Clock Reference Problem,2,0.20472360623632094,0.20472360623632094
Core CPU Overload,External Clock Reference Problem,3,0.18756414614925562,0.18756414614925562
Core CPU Overload,External Clock Reference Problem,4,0.1541182716267514,0.1541182716267514
Core CPU Overload,External Clock Reference Problem,5,0.16225035372307034,0.16225035372307034
Core CPU Overload,External Clock Reference Problem,6,0.1387453437082842,0.1387453437082842
Core CPU Overload,External Clock Reference Problem,7,0.13328919435151115,0.13328919435151115
Core CPU Overload,External Clock Reference Problem,8,0.12498849412966233,0.12498849412966233
Core CPU Overload,External Clock Reference Problem,9,0.1185172745521081,0.1185172745521081
Core CPU Overload,External Clock Reference Problem,10,0.10873579597444301,0.10873579597444301
Core CPU Overload,External Clock Reference Problem,11,0.0895576332749108,0.0895576332749108
Core CPU Overload,External Clock Reference Problem,12,0.08894908032855112,0.08894908032855112
Core CPU Overload,GSM Cell out of Service,-12,0.04267674915496889,0.04267674915496889
Core CPU Overload,GSM Cell out of Service,-11,0.025077175914558124,0.025077175914558124
Core CPU Overload,GSM Cell out of Service,-10,0.0188860479268243,0.0188860479268243
Core CPU Overload,GSM Cell out of Service,-9,0.029328298365017533,0.029328298365017533
Core CPU Overload,GSM Cell out of Service,-8,0.04248740754302097,0.04248740754302097
Core CPU Overload,GSM Cell out of Service,-7,0.046115830268496576,0.046115830268496576
Core CPU Overload,GSM Cell out of Service,-6,0.05958305429275478,0.05958305429275478
Core CPU Overload,GSM Cell out of Service,-5,0.08359382945319378,0.08359382945319378
Core CPU Overload,GSM Cell out of Service,-4,0.08678787484272203,0.08678787484272203
Core CPU Overload,GSM Cell out of Service,-3,0.1169468423573269,0.1169468423573269
Core CPU Overload,GSM Cell out of Service,-2,0.13806542366109134,0.13806542366109134
Core CPU Overload,GSM Cell out of Service,-1,0.14710084223398134,0.14710084223398134
Core CPU Overload,GSM Cell out of Service,0,0.2267884201405302,0.2267884201405302
Core CPU Overload,GSM Cell out of Service,1,0.16954665809433414,0.16954665809433414
Core CPU Overload,GSM Cell out of Service,2,0.1787553743580565,0.1787553743580565
Core CPU Overload,GSM Cell out of Service,3,0.17788852428130084,0.17788852428130084
Core CPU Overload,GSM Cell out of Service,4,0.1511421668544935,0.1511421668544935
Core CPU Overload,GSM Cell out of Service,5,0.15133969443804754,0.15133969443804754
Core CPU Overload,GSM Cell out of Service,6,0.11042372912446935,0.11042372912446935
Core CPU Overload,GSM Cell out of Service,7,0.09548121574590443,0.09548121574590443
Core CPU Overload,GSM Cell out of Service,8,0.0794839083081029,0.0794839083081029
Core CPU Overload,GSM Cell out of Service,9,0.061713037933133354,0.061713037933133354
Core CPU Overload,GSM Cell out of Service,10,0.08165465224885331,0.08165465224885331
Core CPU Overload,GSM Cell out of Service,11,0.05608992467357573,0.05608992467357573
Core CPU Overload,GSM Cell out of Service,12,0.03871114215170321,0.03871114215170321
Core CPU Overload,GTPC Tunnel Path Broken,-12,0.050719123271738636,0.050719123271738636
Core CPU Overload,GTPC Tunnel Path Broken,-11,0.07552706431834796,0.07552706431834796
Core CPU Overload,GTPC Tunnel Path Broken,-10,0.06073706663708072,0.06073706663708072
Core CPU Overload,GTPC Tunnel Path Broken,-9,0.07699368284091394,0.07699368284091394
Core CPU Overload,GTPC Tunnel Path Broken,-8,0.09184787700418272,0.09184787700418272
Core CPU Overload,GTPC Tunnel Path Broken,-7,0.11646206704502186,0.11646206704502186
Core CPU Overload,GTPC Tunnel Path Broken,-6,0.1317479958245721,0.1317479958245721
Core CPU Overload,GTPC Tunnel Path Broken,-5,0.15047400080290488,0.15047400080290488
Core CPU Overload,GTPC Tunnel Path Broken,-4,0.15230849218400747,0.15230849218400747
Core CPU Overload,GTPC Tunnel Path Broken,-3,0.18092068030028205,0.18092068030028205
Core CPU Overload,GTPC Tunnel Path Broken,-2,0.18457748336820798,0.18457748336820798
Core CPU Overload,GTPC Tunnel Path Broken,-1,0.16502517338563816,0.16502517338563816
Core CPU Overload,GTPC Tunnel Path Broken,0,0.21424499429779953,0.21424499429779953
Core CPU Overload,GTPC Tunnel Path Broken,1,0.15036800371037332,0.15036800371037332
Core CPU Overload,GTPC Tunnel Path Broken,2,0.14951710251696868,0.14951710251696868
Core CPU Overload,GTPC Tunnel Path Broken,3,0.12288828446439158,0.12288828446439158
Core CPU Overload,GTPC Tunnel Path Broken,4,0.10863118937385094,0.10863118937385094
Core CPU Overload,GTPC Tunnel Path Broken,5,0.09052010791433093,0.09052010791433093
Core CPU Overload,GTPC Tunnel Path Broken,6,0.08276067804570425,0.08276067804570425
Core CPU Overload,GTPC Tunnel Path Broken,7,0.0655951445750196,0.0655951445750196
Core CPU Overload,GTPC Tunnel Path Broken,8,0.0526265587927864,0.0526265587927864
Core CPU Overload,GTPC Tunnel Path Broken,9,0.029506646934259896,0.029506646934259896
Core CPU Overload,GTPC Tunnel Path Broken,10,0.03681556911235774,0.03681556911235774
Core CPU Overload,GTPC Tunnel Path Broken,11,0.027351707088084494,0.027351707088084494
Core CPU Overload,GTPC Tunnel Path Broken,12,0.02695821359670686,0.02695821359670686
Core CPU Overload,High Temperature (35Â°),-12,0.027018591285944252,0.027018591285944252
Core CPU Overload,High Temperature (35Â°),-11,0.0030300588558474493,0.0030300588558474493
Core CPU Overload,High Temperature (35Â°),-10,0.018884399434511794,0.018884399434511794
Core CPU Overload,High Temperature (35Â°),-9,0.0055149871112586835,0.0055149871112586835
Core CPU Overload,High Temperature (35Â°),-8,0.04675328951840881,0.04675328951840881
Core CPU Overload,High Temperature (35Â°),-7,0.060766264101388225,0.060766264101388225
Core CPU Overload,High Temperature (35Â°),-6,0.07152408123442047,0.07152408123442047
Core CPU Overload,High Temperature (35Â°),-5,0.14893321113744876,0.14893321113744876
Core CPU Overload,High Temperature (35Â°),-4,0.1725185599586826,0.1725185599586826
Core CPU Overload,High Temperature (35Â°),-3,0.23593838731516492,0.23593838731516492
Core CPU Overload,High Temperature (35Â°),-2,0.27713063703932245,0.27713063703932245
Core CPU Overload,High Temperature (35Â°),-1,0.2684349555051683,0.2684349555051683
Core CPU Overload,High Temperature (35Â°),0,0.47311101833315483,0.47311101833315483
Core CPU Overload,High Temperature (35Â°),1,0.31279001862233513,0.31279001862233513
Core CPU Overload,High Temperature (35Â°),2,0.36352839627244143,0.36352839627244143
Core CPU Overload,High Temperature (35Â°),3,0.3664135586350466,0.3664135586350466
Core CPU Overload,High Temperature (35Â°),4,0.31495692786557167,0.31495692786557167
Core CPU Overload,High Temperature (35Â°),5,0.3239218855680249,0.3239218855680249
Core CPU Overload,High Temperature (35Â°),6,0.266271871451496,0.266271871451496
Core CPU Overload,High Temperature (35Â°),7,0.2560205026847454,0.2560205026847454
Core CPU Overload,High Temperature (35Â°),8,0.21782725106000733,0.21782725106000733
Core CPU Overload,High Temperature (35Â°),9,0.14995761740881489,0.14995761740881489
Core CPU Overload,High Temperature (35Â°),10,0.11877641261428924,0.11877641261428924
Core CPU Overload,High Temperature (35Â°),11,0.040906276124214457,0.040906276124214457
Core CPU Overload,High Temperature (35Â°),12,0.027298061086756604,0.027298061086756604
Core CPU Overload,IP PM Activation Failure,-12,-0.0026291449049648937,0.0026291449049648937
Core CPU Overload,IP PM Activation Failure,-11,-0.009094712559338273,0.009094712559338273
Core CPU Overload,IP PM Activation Failure,-10,-0.0010446713751717605,0.0010446713751717605
Core CPU Overload,IP PM Activation Failure,-9,0.0035628105068498343,0.0035628105068498343
Core CPU Overload,IP PM Activation Failure,-8,0.023214612351023095,0.023214612351023095
Core CPU Overload,IP PM Activation Failure,-7,0.021951561819783746,0.021951561819783746
Core CPU Overload,IP PM Activation Failure,-6,0.03150716845066823,0.03150716845066823
Core CPU Overload,IP PM Activation Failure,-5,0.03597461879307883,0.03597461879307883
Core CPU Overload,IP PM Activation Failure,-4,0.0344065680497825,0.0344065680497825
Core CPU Overload,IP PM Activation Failure,-3,0.03206784553054628,0.03206784553054628
Core CPU Overload,IP PM Activation Failure,-2,0.03939237254373907,0.03939237254373907
Core CPU Overload,IP PM Activation Failure,-1,0.05520336725259784,0.05520336725259784
Core CPU Overload,IP PM Activation Failure,0,0.04832766342712684,0.04832766342712684
Core CPU Overload,IP PM Activation Failure,1,0.04104535781675268,0.04104535781675268
Core CPU Overload,IP PM Activation Failure,2,0.04266271821832312,0.04266271821832312
Core CPU Overload,IP PM Activation Failure,3,0.02086595047205641,0.02086595047205641
Core CPU Overload,IP PM Activation Failure,4,0.012599257542424462,0.012599257542424462
Core CPU Overload,IP PM Activation Failure,5,0.01536280308054742,0.01536280308054742
Core CPU Overload,IP PM Activation Failure,6,-0.004618190237344799,0.004618190237344799
Core CPU Overload,IP PM Activation Failure,7,0.002296384761765395,0.002296384761765395
Core CPU Overload,IP PM Activation Failure,8,-0.0029523536130594196,0.0029523536130594196
Core CPU Overload,IP PM Activation Failure,9,0.00975762214309525,0.00975762214309525
Core CPU Overload,IP PM Activation Failure,10,0.02604362753024288,0.02604362753024288
Core CPU Overload,IP PM Activation Failure,11,0.00904278247634967,0.00904278247634967
Core CPU Overload,IP PM Activation Failure,12,0.0010286952886264596,0.0010286952886264596
Core CPU Overload,Local Cell Unusable,-12,-0.05687042041427741,0.05687042041427741
Core CPU Overload,Local Cell Unusable,-11,-0.05445492690798604,0.05445492690798604
Core CPU Overload,Local Cell Unusable,-10,-0.0475753060036276,0.0475753060036276
Core CPU Overload,Local Cell Unusable,-9,-0.031080172583975295,0.031080172583975295
Core CPU Overload,Local Cell Unusable,-8,0.006988246758883478,0.006988246758883478
Core CPU Overload,Local Cell Unusable,-7,0.029411608271819604,0.029411608271819604
Core CPU Overload,Local Cell Unusable,-6,0.07042244196694847,0.07042244196694847
Core CPU Overload,Local Cell Unusable,-5,0.12280583252473747,0.12280583252473747
Core CPU Overload,Local Cell Unusable,-4,0.15548494287585318,0.15548494287585318
Core CPU Overload,Local Cell Unusable,-3,0.19808663872244736,0.19808663872244736
Core CPU Overload,Local Cell Unusable,-2,0.22194882535132215,0.22194882535132215
Core CPU Overload,Local Cell Unusable,-1,0.2526523998257722,0.2526523998257722
Core CPU Overload,Local Cell Unusable,0,0.38012966021525024,0.38012966021525024
Core CPU Overload,Local Cell Unusable,1,0.274263600477302,0.274263600477302
Core CPU Overload,Local Cell Unusable,2,0.2622217338855725,0.2622217338855725
Core CPU Overload,Local Cell Unusable,3,0.23884025798048258,0.23884025798048258
Core CPU Overload,Local Cell Unusable,4,0.2041632665146728,0.2041632665146728
Core CPU Overload,Local Cell Unusable,5,0.192445375049194,0.192445375049194
Core CPU Overload,Local Cell Unusable,6,0.1429652596829315,0.1429652596829315
Core CPU Overload,Local Cell Unusable,7,0.10289099547684735,0.10289099547684735
Core CPU Overload,Local Cell Unusable,8,0.06649487614261783,0.06649487614261783
Core CPU Overload,Local Cell Unusable,9,0.02135624646910281,0.02135624646910281
Core CPU Overload,Local Cell Unusable,10,-0.012572412565104545,0.012572412565104545
Core CPU Overload,Local Cell Unusable,11,-0.05359682945555166,0.05359682945555166
Core CPU Overload,Local Cell Unusable,12,-0.04964650076398044,0.04964650076398044
Core CPU Overload,Parallel Alarm Exceeds the Limit,-12,0.012061090026320827,0.012061090026320827
Core CPU Overload,Parallel Alarm Exceeds the Limit,-11,0.00761854484492179,0.00761854484492179
Core CPU Overload,Parallel Alarm Exceeds the Limit,-10,0.013574246510939292,0.013574246510939292
Core CPU Overload,Parallel Alarm Exceeds the Limit,-9,0.003953176794345576,0.003953176794345576
Core CPU Overload,Parallel Alarm Exceeds the Limit,-8,0.035388024805218084,0.035388024805218084
Core CPU Overload,Parallel Alarm Exceeds the Limit,-7,0.032911254209142475,0.032911254209142475
Core CPU Overload,Parallel Alarm Exceeds the Limit,-6,0.030692056054826892,0.030692056054826892
Core CPU Overload,Parallel Alarm Exceeds the Limit,-5,0.044729759069671665,0.044729759069671665
Core CPU Overload,Parallel Alarm Exceeds the Limit,-4,0.04570304614942667,0.04570304614942667
Core CPU Overload,Parallel Alarm Exceeds the Limit,-3,0.07078854132885187,0.07078854132885187
Core CPU Overload,Parallel Alarm Exceeds the Limit,-2,0.06469737266593363,0.06469737266593363
Core CPU Overload,Parallel Alarm Exceeds the Limit,-1,0.08063171138814501,0.08063171138814501
Core CPU Overload,Parallel Alarm Exceeds the Limit,0,0.11647186380496677,0.11647186380496677
Core CPU Overload,Parallel Alarm Exceeds the Limit,1,0.0648715612567684,0.0648715612567684
Core CPU Overload,Parallel Alarm Exceeds the Limit,2,0.08005687483504483,0.08005687483504483
Core CPU Overload,Parallel Alarm Exceeds the Limit,3,0.0988294995354638,0.0988294995354638
Core CPU Overload,Parallel Alarm Exceeds the Limit,4,0.062347761928344854,0.062347761928344854
Core CPU Overload,Parallel Alarm Exceeds the Limit,5,0.06905198941430231,0.06905198941430231
Core CPU Overload,Parallel Alarm Exceeds the Limit,6,0.03128508525750044,0.03128508525750044
Core CPU Overload,Parallel Alarm Exceeds the Limit,7,0.03573853409521323,0.03573853409521323
Core CPU Overload,Parallel Alarm Exceeds the Limit,8,0.046838681159148673,0.046838681159148673
Core CPU Overload,Parallel Alarm Exceeds the Limit,9,0.03408542025814967,0.03408542025814967
Core CPU Overload,Parallel Alarm Exceeds the Limit,10,0.06986674713221962,0.06986674713221962
Core CPU Overload,Parallel Alarm Exceeds the Limit,11,0.03544007045233271,0.03544007045233271
Core CPU Overload,Parallel Alarm Exceeds the Limit,12,0.014248360238460689,0.014248360238460689
Core CPU Overload,RF Unit RX Channel RTWP/RSSI Unbalanced,-12,0.12627247686398851,0.12627247686398851
Core CPU Overload,RF Unit RX Channel RTWP/RSSI Unbalanced,-11,0.09986659439995613,0.09986659439995613
Core CPU Overload,RF Unit RX Channel RTWP/RSSI Unbalanced,-10,0.1268696084896741,0.1268696084896741
Core CPU Overload,RF Unit RX Channel RTWP/RSSI Unbalanced,-9,0.1423356390079701,0.1423356390079701
Core CPU Overload,RF Unit RX Channel RTWP/RSSI Unbalanced,-8,0.18672980621991334,0.18672980621991334
Core CPU Overload,RF Unit RX Channel RTWP/RSSI Unbalanced,-7,0.21625256660256142,0.21625256660256142
Core CPU Overload,RF Unit RX Channel RTWP/RSSI Unbalanced,-6,0.21287026249609994,0.21287026249609994
Core CPU Overload,RF Unit RX Channel RTWP/RSSI Unbalanced,-5,0.21383032762628731,0.21383032762628731
Core CPU Overload,RF Unit RX Channel RTWP/RSSI Unbalanced,-4,0.21221701518226818,0.21221701518226818
Core CPU Overload,RF Unit RX Channel RTWP/RSSI Unbalanced,-3,0.2177880469465331,0.2177880469465331
Core CPU Overload,RF Unit RX Channel RTWP/RSSI Unbalanced,-2,0.25874874332612713,0.25874874332612713
Core CPU Overload,RF Unit RX Channel RTWP/RSSI Unbalanced,-1,0.31875745027690827,0.31875745027690827
Core CPU Overload,RF Unit RX Channel RTWP/RSSI Unbalanced,0,0.41120506374689414,0.41120506374689414
Core CPU Overload,RF Unit RX Channel RTWP/RSSI Unbalanced,1,0.43072764329680807,0.43072764329680807
Core CPU Overload,RF Unit RX Channel RTWP/RSSI Unbalanced,2,0.40167562145524527,0.40167562145524527
Core CPU Overload,RF Unit RX Channel RTWP/RSSI Unbalanced,3,0.37491725023900085,0.37491725023900085
Core CPU Overload,RF Unit RX Channel RTWP/RSSI Unbalanced,4,0.33251868883166597,0.33251868883166597
Core CPU Overload,RF Unit RX Channel RTWP/RSSI Unbalanced,5,0.3125331646957692,0.3125331646957692
Core CPU Overload,RF Unit RX Channel RTWP/RSSI Unbalanced,6,0.31570084331495235,0.31570084331495235
Core CPU Overload,RF Unit RX Channel RTWP/RSSI Unbalanced,7,0.31151686698107256,0.31151686698107256
Core CPU Overload,RF Unit RX Channel RTWP/RSSI Unbalanced,8,0.3103033403184698,0.3103033403184698
Core CPU Overload,RF Unit RX Channel RTWP/RSSI Unbalanced,9,0.27674043124935355,0.27674043124935355
Core CPU Overload,RF Unit RX Channel RTWP/RSSI Unbalanced,10,0.23876824437036576,0.23876824437036576
Core CPU Overload,RF Unit RX Channel RTWP/RSSI Unbalanced,11,0.1651543072669247,0.1651543072669247
Core CPU Overload,RF Unit RX Channel RTWP/RSSI Unbalanced,12,0.12419077251821746,0.12419077251821746
Core CPU Overload,RF Unit VSWR Threshold Crossed,-12,0.1157096115666515,0.1157096115666515
Core CPU Overload,RF Unit VSWR Threshold Crossed,-11,0.1107350299125779,0.1107350299125779
Core CPU Overload,RF Unit VSWR Threshold Crossed,-10,0.128126196157657,0.128126196157657
Core CPU Overload,RF Unit VSWR Threshold Crossed,-9,0.12335587084676117,0.12335587084676117
Core CPU Overload,RF Unit VSWR Threshold Crossed,-8,0.17617288168402231,0.17617288168402231
Core CPU Overload,RF Unit VSWR Threshold Crossed,-7,0.18817015420078803,0.18817015420078803
Core CPU Overload,RF Unit VSWR Threshold Crossed,-6,0.21957249850889976,0.21957249850889976
Core CPU Overload,RF Unit VSWR Threshold Crossed,-5,0.2718956766340873,0.2718956766340873
Core CPU Overload,RF Unit VSWR Threshold Crossed,-4,0.27386635357376754,0.27386635357376754
Core CPU Overload,RF Unit VSWR Threshold Crossed,-3,0.3217085189073835,0.3217085189073835
Core CPU Overload,RF Unit VSWR Threshold Crossed,-2,0.3312280290211136,0.3312280290211136
Core CPU Overload,RF Unit VSWR Threshold Crossed,-1,0.3233984462204121,0.3233984462204121
Core CPU Overload,RF Unit VSWR Threshold Crossed,0,0.5093782023749578,0.5093782023749578
Core CPU Overload,RF Unit VSWR Threshold Crossed,1,0.31066215966141386,0.31066215966141386
Core CPU Overload,RF Unit VSWR Threshold Crossed,2,0.3620000687472907,0.3620000687472907
Core CPU Overload,RF Unit VSWR Threshold Crossed,3,0.3454550269816408,0.3454550269816408
Core CPU Overload,RF Unit VSWR Threshold Crossed,4,0.2996824555786463,0.2996824555786463
Core CPU Overload,RF Unit VSWR Threshold Crossed,5,0.28473023925496643,0.28473023925496643
Core CPU Overload,RF Unit VSWR Threshold Crossed,6,0.22267289439668883,0.22267289439668883
Core CPU Overload,RF Unit VSWR Threshold Crossed,7,0.21214094304479955,0.21214094304479955
Core CPU Overload,RF Unit VSWR Threshold Crossed,8,0.1744328401044783,0.1744328401044783
Core CPU Overload,RF Unit VSWR Threshold Crossed,9,0.14213669967451223,0.14213669967451223
Core CPU Overload,RF Unit VSWR Threshold Crossed,10,0.16239561549432016,0.16239561549432016
Core CPU Overload,RF Unit VSWR Threshold Crossed,11,0.10528217959920445,0.10528217959920445
Core CPU Overload,RF Unit VSWR Threshold Crossed,12,0.1245109936942667,0.1245109936942667
Core CPU Overload,S1ap Link Down,-12,0.01187947116464027,0.01187947116464027
Core CPU Overload,S1ap Link Down,-11,0.010056219898927382,0.010056219898927382
Core CPU Overload,S1ap Link Down,-10,0.01104551960141598,0.01104551960141598
Core CPU Overload,S1ap Link Down,-9,0.0057972229407834445,0.0057972229407834445
Core CPU Overload,S1ap Link Down,-8,0.017990596025542743,0.017990596025542743
Core CPU Overload,S1ap Link Down,-7,0.01726606995024834,0.01726606995024834
Core CPU Overload,S1ap Link Down,-6,0.023863534955583132,0.023863534955583132
Core CPU Overload,S1ap Link Down,-5,0.045272083149307835,0.045272083149307835
Core CPU Overload,S1ap Link Down,-4,0.030374515549986353,0.030374515549986353
Core CPU Overload,S1ap Link Down,-3,0.0411659093809157,0.0411659093809157
Core CPU Overload,S1ap Link Down,-2,0.06587402335833595,0.06587402335833595
Core CPU Overload,S1ap Link Down,-1,0.07069011197034478,0.07069011197034478
Core CPU Overload,S1ap Link Down,0,0.11098050882641106,0.11098050882641106
Core CPU Overload,S1ap Link Down,1,0.07348589171278823,0.07348589171278823
Core CPU Overload,S1ap Link Down,2,0.08095058136522093,0.08095058136522093
Core CPU Overload,S1ap Link Down,3,0.07860011153253034,0.07860011153253034
Core CPU Overload,S1ap Link Down,4,0.07257638727905497,0.07257638727905497
Core CPU Overload,S1ap Link Down,5,0.07037684216896131,0.07037684216896131
Core CPU Overload,S1ap Link Down,6,0.052917168820972436,0.052917168820972436
Core CPU Overload,S1ap Link Down,7,0.04380575689415569,0.04380575689415569
Core CPU Overload,S1ap Link Down,8,0.03905335936722738,0.03905335936722738
Core CPU Overload,S1ap Link Down,9,0.029519291705841798,0.029519291705841798
Core CPU Overload,S1ap Link Down,10,0.03750073943432062,0.03750073943432062
Core CPU Overload,S1ap Link Down,11,0.01930855630528699,0.01930855630528699
Core CPU Overload,S1ap Link Down,12,0.01555306728125688,0.01555306728125688
Core CPU Overload,SCTP Link Fault,-12,0.02669493149725584,0.02669493149725584
Core CPU Overload,SCTP Link Fault,-11,0.0010978347412177064,0.0010978347412177064
Core CPU Overload,SCTP Link Fault,-10,0.0007083531915822568,0.0007083531915822568
Core CPU Overload,SCTP Link Fault,-9,0.0015074941317843708,0.0015074941317843708
Core CPU Overload,SCTP Link Fault,-8,0.008689652721707903,0.008689652721707903
Core CPU Overload,SCTP Link Fault,-7,0.015591582395587373,0.015591582395587373
Core CPU Overload,SCTP Link Fault,-6,0.024965640839670837,0.024965640839670837
Core CPU Overload,SCTP Link Fault,-5,0.04241480189850115,0.04241480189850115
Core CPU Overload,SCTP Link Fault,-4,0.07181250741278462,0.07181250741278462
Core CPU Overload,SCTP Link Fault,-3,0.10131694171161341,0.10131694171161341
Core CPU Overload,SCTP Link Fault,-2,0.1267382651536494,0.1267382651536494
Core CPU Overload,SCTP Link Fault,-1,0.11506902951341372,0.11506902951341372
Core CPU Overload,SCTP Link Fault,0,0.16054303140977785,0.16054303140977785
Core CPU Overload,SCTP Link Fault,1,0.15566186486275152,0.15566186486275152
Core CPU Overload,SCTP Link Fault,2,0.14934048478303835,0.14934048478303835
Core CPU Overload,SCTP Link Fault,3,0.15664595314866667,0.15664595314866667
Core CPU Overload,SCTP Link Fault,4,0.1315875240234954,0.1315875240234954
Core CPU Overload,SCTP Link Fault,5,0.13267040603725322,0.13267040603725322
Core CPU Overload,SCTP Link Fault,6,0.09216079524374958,0.09216079524374958
Core CPU Overload,SCTP Link Fault,7,0.06874808051329896,0.06874808051329896
Core CPU Overload,SCTP Link Fault,8,0.07398835378341259,0.07398835378341259
Core CPU Overload,SCTP Link Fault,9,0.03631890914698515,0.03631890914698515
Core CPU Overload,SCTP Link Fault,10,0.06232402745776259,0.06232402745776259
Core CPU Overload,SCTP Link Fault,11,0.028442954639520658,0.028442954639520658
Core CPU Overload,SCTP Link Fault,12,0.02787295956738193,0.02787295956738193
Core CPU Overload,SDH/SONET Tributary Excessive Slip Frames,-12,0.20479203728788767,0.20479203728788767
Core CPU Overload,SDH/SONET Tributary Excessive Slip Frames,-11,0.19709464386782755,0.19709464386782755
Core CPU Overload,SDH/SONET Tributary Excessive Slip Frames,-10,0.22758668182827796,0.22758668182827796
Core CPU Overload,SDH/SONET Tributary Excessive Slip Frames,-9,0.18210478287324888,0.18210478287324888
Core CPU Overload,SDH/SONET Tributary Excessive Slip Frames,-8,0.2346315599517372,0.2346315599517372
Core CPU Overload,SDH/SONET Tributary Excessive Slip Frames,-7,0.20451294834277925,0.20451294834277925
Core CPU Overload,SDH/SONET Tributary Excessive Slip Frames,-6,0.1925384076332557,0.1925384076332557
Core CPU Overload,SDH/SONET Tributary Excessive Slip Frames,-5,0.23552351332445223,0.23552351332445223
Core CPU Overload,SDH/SONET Tributary Excessive Slip Frames,-4,0.20901766774599678,0.20901766774599678
Core CPU Overload,SDH/SONET Tributary Excessive Slip Frames,-3,0.24013455359298094,0.24013455359298094
Core CPU Overload,SDH/SONET Tributary Excessive Slip Frames,-2,0.2312227152419131,0.2312227152419131
Core CPU Overload,SDH/SONET Tributary Excessive Slip Frames,-1,0.2087774074233744,0.2087774074233744
Core CPU Overload,SDH/SONET Tributary Excessive Slip Frames,0,0.3919941102893863,0.3919941102893863
Core CPU Overload,SDH/SONET Tributary Excessive Slip Frames,1,0.18452390480254452,0.18452390480254452
Core CPU Overload,SDH/SONET Tributary Excessive Slip Frames,2,0.2462564863298598,0.2462564863298598
Core CPU Overload,SDH/SONET Tributary Excessive Slip Frames,3,0.25701703781607055,0.25701703781607055
Core CPU Overload,SDH/SONET Tributary Excessive Slip Frames,4,0.22550636427864376,0.22550636427864376
Core CPU Overload,SDH/SONET Tributary Excessive Slip Frames,5,0.2531364432538159,0.2531364432538159
Core CPU Overload,SDH/SONET Tributary Excessive Slip Frames,6,0.21033978091494138,0.21033978091494138
Core CPU Overload,SDH/SONET Tributary Excessive Slip Frames,7,0.24774835480566257,0.24774835480566257
Core CPU Overload,SDH/SONET Tributary Excessive Slip Frames,8,0.21423106814668716,0.21423106814668716
Core CPU Overload,SDH/SONET Tributary Excessive Slip Frames,9,0.19882597040541392,0.19882597040541392
Core CPU Overload,SDH/SONET Tributary Excessive Slip Frames,10,0.23944195728553425,0.23944195728553425
Core CPU Overload,SDH/SONET Tributary Excessive Slip Frames,11,0.16891267973213825,0.16891267973213825
Core CPU Overload,SDH/SONET Tributary Excessive Slip Frames,12,0.21964962631908172,0.21964962631908172
Core CPU Overload,Statistical Alarm,-12,0.07475947868267004,0.07475947868267004
Core CPU Overload,Statistical Alarm,-11,0.0573174403673152,0.0573174403673152
Core CPU Overload,Statistical Alarm,-10,0.026459680278065712,0.026459680278065712
Core CPU Overload,Statistical Alarm,-9,0.04126025930748148,0.04126025930748148
Core CPU Overload,Statistical Alarm,-8,0.0640023793043237,0.0640023793043237
Core CPU Overload,Statistical Alarm,-7,0.09156883361269161,0.09156883361269161
Core CPU Overload,Statistical Alarm,-6,0.09975245141153556,0.09975245141153556
Core CPU Overload,Statistical Alarm,-5,0.08222547741174586,0.08222547741174586
Core CPU Overload,Statistical Alarm,-4,0.09063123210133323,0.09063123210133323
Core CPU Overload,Statistical Alarm,-3,0.09087669319927327,0.09087669319927327
Core CPU Overload,Statistical Alarm,-2,0.10098468911162992,0.10098468911162992
Core CPU Overload,Statistical Alarm,-1,0.10783599617151375,0.10783599617151375
Core CPU Overload,Statistical Alarm,0,0.16090877086692876,0.16090877086692876
Core CPU Overload,Statistical Alarm,1,0.12662685922394015,0.12662685922394015
Core CPU Overload,Statistical Alarm,2,0.12972950557648427,0.12972950557648427
Core CPU Overload,Statistical Alarm,3,0.10537702246086618,0.10537702246086618
Core CPU Overload,Statistical Alarm,4,0.0872591878278802,0.0872591878278802
Core CPU Overload,Statistical Alarm,5,0.09589452837339262,0.09589452837339262
Core CPU Overload,Statistical Alarm,6,0.06278682551474092,0.06278682551474092
Core CPU Overload,Statistical Alarm,7,0.06624754150278976,0.06624754150278976
Core CPU Overload,Statistical Alarm,8,0.06354616113293773,0.06354616113293773
Core CPU Overload,Statistical Alarm,9,0.05948247740894203,0.05948247740894203
Core CPU Overload,Statistical Alarm,10,0.06785453151012036,0.06785453151012036
Core CPU Overload,Statistical Alarm,11,0.03218987048552173,0.03218987048552173
Core CPU Overload,Statistical Alarm,12,0.03754324102889296,0.03754324102889296
Core CPU Overload,UMTS Cell MC-HSDPA Function Fault,-12,0.24203010926746485,0.24203010926746485
Core CPU Overload,UMTS Cell MC-HSDPA Function Fault,-11,0.22525545044288944,0.22525545044288944
Core CPU Overload,UMTS Cell MC-HSDPA Function Fault,-10,0.24359235337493543,0.24359235337493543
Core CPU Overload,UMTS Cell MC-HSDPA Function Fault,-9,0.2847760455482568,0.2847760455482568
Core CPU Overload,UMTS Cell MC-HSDPA Function Fault,-8,0.3162792203737345,0.3162792203737345
Core CPU Overload,UMTS Cell MC-HSDPA Function Fault,-7,0.23566539787279453,0.23566539787279453
Core CPU Overload,UMTS Cell MC-HSDPA Function Fault,-6,0.12088575446548201,0.12088575446548201
Core CPU Overload,UMTS Cell MC-HSDPA Function Fault,-5,0.04111391823453807,0.04111391823453807
Core CPU Overload,UMTS Cell MC-HSDPA Function Fault,-4,-0.06506001835657776,0.06506001835657776
Core CPU Overload,UMTS Cell MC-HSDPA Function Fault,-3,-0.10531313954428335,0.10531313954428335
Core CPU Overload,UMTS Cell MC-HSDPA Function Fault,-2,-0.10908425174890073,0.10908425174890073
Core CPU Overload,UMTS Cell MC-HSDPA Function Fault,-1,-0.10621721242198283,0.10621721242198283
Core CPU Overload,UMTS Cell MC-HSDPA Function Fault,0,-0.1010449987315969,0.1010449987315969
Core CPU Overload,UMTS Cell MC-HSDPA Function Fault,1,-0.10398838462080158,0.10398838462080158
Core CPU Overload,UMTS Cell MC-HSDPA Function Fault,2,-0.10214224861144218,0.10214224861144218
Core CPU Overload,UMTS Cell MC-HSDPA Function Fault,3,-0.10671575171408208,0.10671575171408208
Core CPU Overload,UMTS Cell MC-HSDPA Function Fault,4,-0.09771601402598068,0.09771601402598068
Core CPU Overload,UMTS Cell MC-HSDPA Function Fault,5,-0.05722578438986186,0.05722578438986186
Core CPU Overload,UMTS Cell MC-HSDPA Function Fault,6,-0.002379040391676359,0.002379040391676359
Core CPU Overload,UMTS Cell MC-HSDPA Function Fault,7,0.08268860698864486,0.08268860698864486
Core CPU Overload,UMTS Cell MC-HSDPA Function Fault,8,0.17747453346306372,0.17747453346306372
Core CPU Overload,UMTS Cell MC-HSDPA Function Fault,9,0.2939086166209528,0.2939086166209528
Core CPU Overload,UMTS Cell MC-HSDPA Function Fault,10,0.34861013240809724,0.34861013240809724
Core CPU Overload,UMTS Cell MC-HSDPA Function Fault,11,0.2982560292300203,0.2982560292300203
Core CPU Overload,UMTS Cell MC-HSDPA Function Fault,12,0.2513463842982509,0.2513463842982509
Core CPU Overload,UMTS Cell Unavailable,-12,0.05158688441303048,0.05158688441303048
Core CPU Overload,UMTS Cell Unavailable,-11,0.04730754205329422,0.04730754205329422
Core CPU Overload,UMTS Cell Unavailable,-10,0.04486624399397614,0.04486624399397614
Core CPU Overload,UMTS Cell Unavailable,-9,0.03998690035146059,0.03998690035146059
Core CPU Overload,UMTS Cell Unavailable,-8,0.0554350878773105,0.0554350878773105
Core CPU Overload,UMTS Cell Unavailable,-7,0.05549411519988738,0.05549411519988738
Core CPU Overload,UMTS Cell Unavailable,-6,0.07006202439533508,0.07006202439533508
Core CPU Overload,UMTS Cell Unavailable,-5,0.08245094879424901,0.08245094879424901
Core CPU Overload,UMTS Cell Unavailable,-4,0.07360885570730596,0.07360885570730596
Core CPU Overload,UMTS Cell Unavailable,-3,0.10765888514353632,0.10765888514353632
Core CPU Overload,UMTS Cell Unavailable,-2,0.14521340807452343,0.14521340807452343
Core CPU Overload,UMTS Cell Unavailable,-1,0.141435505362548,0.141435505362548
Core CPU Overload,UMTS Cell Unavailable,0,0.23177921390677134,0.23177921390677134
Core CPU Overload,UMTS Cell Unavailable,1,0.1775237727897688,0.1775237727897688
Core CPU Overload,UMTS Cell Unavailable,2,0.18164187328470255,0.18164187328470255
Core CPU Overload,UMTS Cell Unavailable,3,0.17432411604782203,0.17432411604782203
Core CPU Overload,UMTS Cell Unavailable,4,0.15358247065149808,0.15358247065149808
Core CPU Overload,UMTS Cell Unavailable,5,0.1594689653490011,0.1594689653490011
Core CPU Overload,UMTS Cell Unavailable,6,0.11585502913468504,0.11585502913468504
Core CPU Overload,UMTS Cell Unavailable,7,0.09871212504226942,0.09871212504226942
Core CPU Overload,UMTS Cell Unavailable,8,0.08406610233204873,0.08406610233204873
Core CPU Overload,UMTS Cell Unavailable,9,0.0687047515337575,0.0687047515337575
Core CPU Overload,UMTS Cell Unavailable,10,0.0866870039336919,0.0866870039336919
Core CPU Overload,UMTS Cell Unavailable,11,0.056839204267278995,0.056839204267278995
Core CPU Overload,UMTS Cell Unavailable,12,0.04856350603233822,0.04856350603233822
Core CPU Overload,User Plane Fault,-12,0.09231433964446893,0.09231433964446893
Core CPU Overload,User Plane Fault,-11,0.07392809446451268,0.07392809446451268
Core CPU Overload,User Plane Fault,-10,0.08073956303250578,0.08073956303250578
Core CPU Overload,User Plane Fault,-9,0.0767951155150639,0.0767951155150639
Core CPU Overload,User Plane Fault,-8,0.09925891141250608,0.09925891141250608
Core CPU Overload,User Plane Fault,-7,0.1222272758410955,0.1222272758410955
Core CPU Overload,User Plane Fault,-6,0.126223075381404,0.126223075381404
Core CPU Overload,User Plane Fault,-5,0.15695192719321294,0.15695192719321294
Core CPU Overload,User Plane Fault,-4,0.1753712425827754,0.1753712425827754
Core CPU Overload,User Plane Fault,-3,0.229177642046216,0.229177642046216
Core CPU Overload,User Plane Fault,-2,0.2694125636926649,0.2694125636926649
Core CPU Overload,User Plane Fault,-1,0.2890181044251486,0.2890181044251486
Core CPU Overload,User Plane Fault,0,0.44274668864127725,0.44274668864127725
Core CPU Overload,User Plane Fault,1,0.3467241578496527,0.3467241578496527
Core CPU Overload,User Plane Fault,2,0.341990863291417,0.341990863291417
Core CPU Overload,User Plane Fault,3,0.3370139425391367,0.3370139425391367
Core CPU Overload,User Plane Fault,4,0.2875304330181092,0.2875304330181092
Core CPU Overload,User Plane Fault,5,0.2973184375111884,0.2973184375111884
Core CPU Overload,User Plane Fault,6,0.2398256358063014,0.2398256358063014
Core CPU Overload,User Plane Fault,7,0.21216025857003964,0.21216025857003964
Core CPU Overload,User Plane Fault,8,0.1883928606866222,0.1883928606866222
Core CPU Overload,User Plane Fault,9,0.1339074895888091,0.1339074895888091
Core CPU Overload,User Plane Fault,10,0.13688241282099783,0.13688241282099783
Core CPU Overload,User Plane Fault,11,0.09483568714558346,0.09483568714558346
Core CPU Overload,User Plane Fault,12,0.08125040687502803,0.08125040687502803
Core CPU Overload,X2 Interface Fault,-12,0.053022161245405444,0.053022161245405444
Core CPU Overload,X2 Interface Fault,-11,0.035235711526268705,0.035235711526268705
Core CPU Overload,X2 Interface Fault,-10,0.037087870292557695,0.037087870292557695
Core CPU Overload,X2 Interface Fault,-9,0.04394747383143006,0.04394747383143006
Core CPU Overload,X2 Interface Fault,-8,0.06392405385974251,0.06392405385974251
Core CPU Overload,X2 Interface Fault,-7,0.09773020662619014,0.09773020662619014
Core CPU Overload,X2 Interface Fault,-6,0.10908707714767785,0.10908707714767785
Core CPU Overload,X2 Interface Fault,-5,0.14967774434876968,0.14967774434876968
Core CPU Overload,X2 Interface Fault,-4,0.1825245575093637,0.1825245575093637
Core CPU Overload,X2 Interface Fault,-3,0.22261629639135982,0.22261629639135982
Core CPU Overload,X2 Interface Fault,-2,0.28068096817897026,0.28068096817897026
Core CPU Overload,X2 Interface Fault,-1,0.31363812429655835,0.31363812429655835
Core CPU Overload,X2 Interface Fault,0,0.439658112168296,0.439658112168296
Core CPU Overload,X2 Interface Fault,1,0.4013350783734082,0.4013350783734082
Core CPU Overload,X2 Interface Fault,2,0.3701209485363395,0.3701209485363395
Core CPU Overload,X2 Interface Fault,3,0.35372632582051977,0.35372632582051977
Core CPU Overload,X2 Interface Fault,4,0.2974670773054926,0.2974670773054926
Core CPU Overload,X2 Interface Fault,5,0.29562026103447125,0.29562026103447125
Core CPU Overload,X2 Interface Fault,6,0.24000459335946236,0.24000459335946236
Core CPU Overload,X2 Interface Fault,7,0.21286655869901328,0.21286655869901328
Core CPU Overload,X2 Interface Fault,8,0.18707324300725678,0.18707324300725678
Core CPU Overload,X2 Interface Fault,9,0.118274718981789,0.118274718981789
Core CPU Overload,X2 Interface Fault,10,0.1053064483709621,0.1053064483709621
Core CPU Overload,X2 Interface Fault,11,0.06736677607094085,0.06736677607094085
Core CPU Overload,X2 Interface Fault,12,0.04776548824766574,0.04776548824766574
E1/T1 Excessive Bit Error Rate,External Clock Reference Problem,-12,0.14959890741446424,0.14959890741446424
E1/T1 Excessive Bit Error Rate,External Clock Reference Problem,-11,0.16452831578385796,0.16452831578385796
E1/T1 Excessive Bit Error Rate,External Clock Reference Problem,-10,0.17901628545951512,0.17901628545951512
E1/T1 Excessive Bit Error Rate,External Clock Reference Problem,-9,0.17214119167687142,0.17214119167687142
E1/T1 Excessive Bit Error Rate,External Clock Reference Problem,-8,0.17391824489690966,0.17391824489690966
E1/T1 Excessive Bit Error Rate,External Clock Reference Problem,-7,0.18963261371643858,0.18963261371643858
E1/T1 Excessive Bit Error Rate,External Clock Reference Problem,-6,0.18519961570055826,0.18519961570055826
E1/T1 Excessive Bit Error Rate,External Clock Reference Problem,-5,0.2004316882522925,0.2004316882522925
E1/T1 Excessive Bit Error Rate,External Clock Reference Problem,-4,0.19551789081934098,0.19551789081934098
E1/T1 Excessive Bit Error Rate,External Clock Reference Problem,-3,0.2136421653078462,0.2136421653078462
E1/T1 Excessive Bit Error Rate,External Clock Reference Problem,-2,0.2100302956579084,0.2100302956579084
E1/T1 Excessive Bit Error Rate,External Clock Reference Problem,-1,0.22825648379734645,0.22825648379734645
E1/T1 Excessive Bit Error Rate,External Clock Reference Problem,0,0.2504211266867418,0.2504211266867418
E1/T1 Excessive Bit Error Rate,External Clock Reference Problem,1,0.2243817907817846,0.2243817907817846
E1/T1 Excessive Bit Error Rate,External Clock Reference Problem,2,0.20394735418179646,0.20394735418179646
E1/T1 Excessive Bit Error Rate,External Clock Reference Problem,3,0.18934884654226686,0.18934884654226686
E1/T1 Excessive Bit Error Rate,External Clock Reference Problem,4,0.1854674675755591,0.1854674675755591
E1/T1 Excessive Bit Error Rate,External Clock Reference Problem,5,0.20152989118401135,0.20152989118401135
E1/T1 Excessive Bit Error Rate,External Clock Reference Problem,6,0.167994153837433,0.167994153837433
E1/T1 Excessive Bit Error Rate,External Clock Reference Problem,7,0.182654304367842,0.182654304367842
E1/T1 Excessive Bit Error Rate,External Clock Reference Problem,8,0.1758551809090833,0.1758551809090833
E1/T1 Excessive Bit Error Rate,External Clock Reference Problem,9,0.1773082912804591,0.1773082912804591
E1/T1 Excessive Bit Error Rate,External Clock Reference Problem,10,0.17225698896919744,0.17225698896919744
E1/T1 Excessive Bit Error Rate,External Clock Reference Problem,11,0.17167683731606617,0.17167683731606617
E1/T1 Excessive Bit Error Rate,External Clock Reference Problem,12,0.16020782356213686,0.16020782356213686
E1/T1 Excessive Bit Error Rate,GSM Cell out of Service,-12,0.0896673151915931,0.0896673151915931
E1/T1 Excessive Bit Error Rate,GSM Cell out of Service,-11,0.09892197626179133,0.09892197626179133
E1/T1 Excessive Bit Error Rate,GSM Cell out of Service,-10,0.09415970829104567,0.09415970829104567
E1/T1 Excessive Bit Error Rate,GSM Cell out of Service,-9,0.08922216496497817,0.08922216496497817
E1/T1 Excessive Bit Error Rate,GSM Cell out of Service,-8,0.08819583120278018,0.08819583120278018
E1/T1 Excessive Bit Error Rate,GSM Cell out of Service,-7,0.10239975890702502,0.10239975890702502
E1/T1 Excessive Bit Error Rate,GSM Cell out of Service,-6,0.09834981886937252,0.09834981886937252
E1/T1 Excessive Bit Error Rate,GSM Cell out of Service,-5,0.12491329538405332,0.12491329538405332
E1/T1 Excessive Bit Error Rate,GSM Cell out of Service,-4,0.11278047820660039,0.11278047820660039
E1/T1 Excessive Bit Error Rate,GSM Cell out of Service,-3,0.1315511639093601,0.1315511639093601
E1/T1 Excessive Bit Error Rate,GSM Cell out of Service,-2,0.13710575414419468,0.13710575414419468
E1/T1 Excessive Bit Error Rate,GSM Cell out of Service,-1,0.1576496883144876,0.1576496883144876
E1/T1 Excessive Bit Error Rate,GSM Cell out of Service,0,0.28005305003176484,0.28005305003176484
E1/T1 Excessive Bit Error Rate,GSM Cell out of Service,1,0.138427103976034,0.138427103976034
E1/T1 Excessive Bit Error Rate,GSM Cell out of Service,2,0.13141344587407233,0.13141344587407233
E1/T1 Excessive Bit Error Rate,GSM Cell out of Service,3,0.13496245549096403,0.13496245549096403
E1/T1 Excessive Bit Error Rate,GSM Cell out of Service,4,0.11775970309962128,0.11775970309962128
E1/T1 Excessive Bit Error Rate,GSM Cell out of Service,5,0.1301745602069734,0.1301745602069734
E1/T1 Excessive Bit Error Rate,GSM Cell out of Service,6,0.1090267752550345,0.1090267752550345
E1/T1 Excessive Bit Error Rate,GSM Cell out of Service,7,0.10948816249131606,0.10948816249131606
E1/T1 Excessive Bit Error Rate,GSM Cell out of Service,8,0.10445655872423165,0.10445655872423165
E1/T1 Excessive Bit Error Rate,GSM Cell out of Service,9,0.09723978476865008,0.09723978476865008
E1/T1 Excessive Bit Error Rate,GSM Cell out of Service,10,0.11077091595952131,0.11077091595952131
E1/T1 Excessive Bit Error Rate,GSM Cell out of Service,11,0.09227919729779352,0.09227919729779352
E1/T1 Excessive Bit Error Rate,GSM Cell out of Service,12,0.0901248284992643,0.0901248284992643
E1/T1 Excessive Bit Error Rate,GTPC Tunnel Path Broken,-12,0.1166270996272329,0.1166270996272329
E1/T1 Excessive Bit Error Rate,GTPC Tunnel Path Broken,-11,0.1034795741310965,0.1034795741310965
E1/T1 Excessive Bit Error Rate,GTPC Tunnel Path Broken,-10,0.10005631838748283,0.10005631838748283
E1/T1 Excessive Bit Error Rate,GTPC Tunnel Path Broken,-9,0.10375948678696963,0.10375948678696963
E1/T1 Excessive Bit Error Rate,GTPC Tunnel Path Broken,-8,0.12997408770288812,0.12997408770288812
E1/T1 Excessive Bit Error Rate,GTPC Tunnel Path Broken,-7,0.11990711710956703,0.11990711710956703
E1/T1 Excessive Bit Error Rate,GTPC Tunnel Path Broken,-6,0.1157590940717277,0.1157590940717277
E1/T1 Excessive Bit Error Rate,GTPC Tunnel Path Broken,-5,0.13046643701476712,0.13046643701476712
E1/T1 Excessive Bit Error Rate,GTPC Tunnel Path Broken,-4,0.11747810926905243,0.11747810926905243
E1/T1 Excessive Bit Error Rate,GTPC Tunnel Path Broken,-3,0.12187652869440839,0.12187652869440839
E1/T1 Excessive Bit Error Rate,GTPC Tunnel Path Broken,-2,0.13016068515815968,0.13016068515815968
E1/T1 Excessive Bit Error Rate,GTPC Tunnel Path Broken,-1,0.1436791336407522,0.1436791336407522
E1/T1 Excessive Bit Error Rate,GTPC Tunnel Path Broken,0,0.18368455673920261,0.18368455673920261
E1/T1 Excessive Bit Error Rate,GTPC Tunnel Path Broken,1,0.13728029295432714,0.13728029295432714
E1/T1 Excessive Bit Error Rate,GTPC Tunnel Path Broken,2,0.12353263022169586,0.12353263022169586
E1/T1 Excessive Bit Error Rate,GTPC Tunnel Path Broken,3,0.13260431812989612,0.13260431812989612
E1/T1 Excessive Bit Error Rate,GTPC Tunnel Path Broken,4,0.11711419764960272,0.11711419764960272
E1/T1 Excessive Bit Error Rate,GTPC Tunnel Path Broken,5,0.12351200241299418,0.12351200241299418
E1/T1 Excessive Bit Error Rate,GTPC Tunnel Path Broken,6,0.12252553672703122,0.12252553672703122
E1/T1 Excessive Bit Error Rate,GTPC Tunnel Path Broken,7,0.1211182654900252,0.1211182654900252
E1/T1 Excessive Bit Error Rate,GTPC Tunnel Path Broken,8,0.11045747561941435,0.11045747561941435
E1/T1 Excessive Bit Error Rate,GTPC Tunnel Path Broken,9,0.10968593593635681,0.10968593593635681
E1/T1 Excessive Bit Error Rate,GTPC Tunnel Path Broken,10,0.12058595154106778,0.12058595154106778
E1/T1 Excessive Bit Error Rate,GTPC Tunnel Path Broken,11,0.0955432016037167,0.0955432016037167
E1/T1 Excessive Bit Error Rate,GTPC Tunnel Path Broken,12,0.0932308819806227,0.0932308819806227
E1/T1 Excessive Bit Error Rate,High Temperature (35Â°),-12,0.13444093113171163,0.13444093113171163
E1/T1 Excessive Bit Error Rate,High Temperature (35Â°),-11,0.13501156197550435,0.13501156197550435
E1/T1 Excessive Bit Error Rate,High Temperature (35Â°),-10,0.16158782298440316,0.16158782298440316
E1/T1 Excessive Bit Error Rate,High Temperature (35Â°),-9,0.1345343233905781,0.1345343233905781
E1/T1 Excessive Bit Error Rate,High Temperature (35Â°),-8,0.17282888767526441,0.17282888767526441
E1/T1 Excessive Bit Error Rate,High Temperature (35Â°),-7,0.16534784880013592,0.16534784880013592
E1/T1 Excessive Bit Error Rate,High Temperature (35Â°),-6,0.18410900833879398,0.18410900833879398
E1/T1 Excessive Bit Error Rate,High Temperature (35Â°),-5,0.1891855256569352,0.1891855256569352
E1/T1 Excessive Bit Error Rate,High Temperature (35Â°),-4,0.2025624969489503,0.2025624969489503
E1/T1 Excessive Bit Error Rate,High Temperature (35Â°),-3,0.21357593088942173,0.21357593088942173
E1/T1 Excessive Bit Error Rate,High Temperature (35Â°),-2,0.24116761379458806,0.24116761379458806
E1/T1 Excessive Bit Error Rate,High Temperature (35Â°),-1,0.2446547521030413,0.2446547521030413
E1/T1 Excessive Bit Error Rate,High Temperature (35Â°),0,0.3691318530493916,0.3691318530493916
E1/T1 Excessive Bit Error Rate,High Temperature (35Â°),1,0.22340732887539205,0.22340732887539205
E1/T1 Excessive Bit Error Rate,High Temperature (35Â°),2,0.22688581537368593,0.22688581537368593
E1/T1 Excessive Bit Error Rate,High Temperature (35Â°),3,0.2230144516081164,0.2230144516081164
E1/T1 Excessive Bit Error Rate,High Temperature (35Â°),4,0.19622757657405626,0.19622757657405626
E1/T1 Excessive Bit Error Rate,High Temperature (35Â°),5,0.21715797707089834,0.21715797707089834
E1/T1 Excessive Bit Error Rate,High Temperature (35Â°),6,0.18967317462691158,0.18967317462691158
E1/T1 Excessive Bit Error Rate,High Temperature (35Â°),7,0.1819018976843027,0.1819018976843027
E1/T1 Excessive Bit Error Rate,High Temperature (35Â°),8,0.1951615403456403,0.1951615403456403
E1/T1 Excessive Bit Error Rate,High Temperature (35Â°),9,0.14912922791299793,0.14912922791299793
E1/T1 Excessive Bit Error Rate,High Temperature (35Â°),10,0.15839112159151672,0.15839112159151672
E1/T1 Excessive Bit Error Rate,High Temperature (35Â°),11,0.14258677913880624,0.14258677913880624
E1/T1 Excessive Bit Error Rate,High Temperature (35Â°),12,0.15243949076071986,0.15243949076071986
E1/T1 Excessive Bit Error Rate,IP PM Activation Failure,-12,0.01895115156672701,0.01895115156672701
E1/T1 Excessive Bit Error Rate,IP PM Activation Failure,-11,0.0036683025137968883,0.0036683025137968883
E1/T1 Excessive Bit Error Rate,IP PM Activation Failure,-10,0.0026412484660834554,0.0026412484660834554
E1/T1 Excessive Bit Error Rate,IP PM Activation Failure,-9,0.00559349327087133,0.00559349327087133
E1/T1 Excessive Bit Error Rate,IP PM Activation Failure,-8,0.01944452015216025,0.01944452015216025
E1/T1 Excessive Bit Error Rate,IP PM Activation Failure,-7,1.1115183980157224e-05,1.1115183980157224e-05
E1/T1 Excessive Bit Error Rate,IP PM Activation Failure,-6,0.018451824746917245,0.018451824746917245
E1/T1 Excessive Bit Error Rate,IP PM Activation Failure,-5,0.009147428674215129,0.009147428674215129
E1/T1 Excessive Bit Error Rate,IP PM Activation Failure,-4,0.007099622815779984,0.007099622815779984
E1/T1 Excessive Bit Error Rate,IP PM Activation Failure,-3,0.005394421897031794,0.005394421897031794
E1/T1 Excessive Bit Error Rate,IP PM Activation Failure,-2,0.0215452231804954,0.0215452231804954
E1/T1 Excessive Bit Error Rate,IP PM Activation Failure,-1,0.025526488130732994,0.025526488130732994
E1/T1 Excessive Bit Error Rate,IP PM Activation Failure,0,0.020494226118630807,0.020494226118630807
E1/T1 Excessive Bit Error Rate,IP PM Activation Failure,1,0.03432091720821525,0.03432091720821525
E1/T1 Excessive Bit Error Rate,IP PM Activation Failure,2,0.017635171011873053,0.017635171011873053
E1/T1 Excessive Bit Error Rate,IP PM Activation Failure,3,0.010054617716482762,0.010054617716482762
E1/T1 Excessive Bit Error Rate,IP PM Activation Failure,4,0.00949145903651979,0.00949145903651979
E1/T1 Excessive Bit Error Rate,IP PM Activation Failure,5,0.004338482160317341,0.004338482160317341
E1/T1 Excessive Bit Error Rate,IP PM Activation Failure,6,0.00805779982968805,0.00805779982968805
E1/T1 Excessive Bit Error Rate,IP PM Activation Failure,7,0.0016871606607318853,0.0016871606607318853
E1/T1 Excessive Bit Error Rate,IP PM Activation Failure,8,0.0028680184096060626,0.0028680184096060626
E1/T1 Excessive Bit Error Rate,IP PM Activation Failure,9,0.018083007639290525,0.018083007639290525
E1/T1 Excessive Bit Error Rate,IP PM Activation Failure,10,0.016116942489913966,0.016116942489913966
E1/T1 Excessive Bit Error Rate,IP PM Activation Failure,11,0.003849533753352598,0.003849533753352598
E1/T1 Excessive Bit Error Rate,IP PM Activation Failure,12,0.002161798910258682,0.002161798910258682
E1/T1 Excessive Bit Error Rate,Local Cell Unusable,-12,0.07413451752513306,0.07413451752513306
E1/T1 Excessive Bit Error Rate,Local Cell Unusable,-11,0.0757691046521635,0.0757691046521635
E1/T1 Excessive Bit Error Rate,Local Cell Unusable,-10,0.08179201987161758,0.08179201987161758
E1/T1 Excessive Bit Error Rate,Local Cell Unusable,-9,0.08344201889627272,0.08344201889627272
E1/T1 Excessive Bit Error Rate,Local Cell Unusable,-8,0.08812108678474008,0.08812108678474008
E1/T1 Excessive Bit Error Rate,Local Cell Unusable,-7,0.08810852600925445,0.08810852600925445
E1/T1 Excessive Bit Error Rate,Local Cell Unusable,-6,0.09306681565902482,0.09306681565902482
E1/T1 Excessive Bit Error Rate,Local Cell Unusable,-5,0.11042005538019267,0.11042005538019267
E1/T1 Excessive Bit Error Rate,Local Cell Unusable,-4,0.10657057102938207,0.10657057102938207
E1/T1 Excessive Bit Error Rate,Local Cell Unusable,-3,0.11607681823292937,0.11607681823292937
E1/T1 Excessive Bit Error Rate,Local Cell Unusable,-2,0.13164760725037097,0.13164760725037097
E1/T1 Excessive Bit Error Rate,Local Cell Unusable,-1,0.12770660144340207,0.12770660144340207
E1/T1 Excessive Bit Error Rate,Local Cell Unusable,0,0.19191459875694886,0.19191459875694886
E1/T1 Excessive Bit Error Rate,Local Cell Unusable,1,0.12716391617928455,0.12716391617928455
E1/T1 Excessive Bit Error Rate,Local Cell Unusable,2,0.12799225321303775,0.12799225321303775
E1/T1 Excessive Bit Error Rate,Local Cell Unusable,3,0.12305354325640755,0.12305354325640755
E1/T1 Excessive Bit Error Rate,Local Cell Unusable,4,0.10117491268520529,0.10117491268520529
E1/T1 Excessive Bit Error Rate,Local Cell Unusable,5,0.11275408761237853,0.11275408761237853
E1/T1 Excessive Bit Error Rate,Local Cell Unusable,6,0.08418021612236723,0.08418021612236723
E1/T1 Excessive Bit Error Rate,Local Cell Unusable,7,0.09380556973722554,0.09380556973722554
E1/T1 Excessive Bit Error Rate,Local Cell Unusable,8,0.1014735211816771,0.1014735211816771
E1/T1 Excessive Bit Error Rate,Local Cell Unusable,9,0.057562032403315117,0.057562032403315117
E1/T1 Excessive Bit Error Rate,Local Cell Unusable,10,0.07807863311837802,0.07807863311837802
E1/T1 Excessive Bit Error Rate,Local Cell Unusable,11,0.08688197681144834,0.08688197681144834
E1/T1 Excessive Bit Error Rate,Local Cell Unusable,12,0.07991222585240731,0.07991222585240731
E1/T1 Excessive Bit Error Rate,Parallel Alarm Exceeds the Limit,-12,0.033099025555473637,0.033099025555473637
E1/T1 Excessive Bit Error Rate,Parallel Alarm Exceeds the Limit,-11,0.03365169960775346,0.03365169960775346
E1/T1 Excessive Bit Error Rate,Parallel Alarm Exceeds the Limit,-10,0.049901323626098525,0.049901323626098525
E1/T1 Excessive Bit Error Rate,Parallel Alarm Exceeds the Limit,-9,0.0333571121128988,0.0333571121128988
E1/T1 Excessive Bit Error Rate,Parallel Alarm Exceeds the Limit,-8,0.035222977993994056,0.035222977993994056
E1/T1 Excessive Bit Error Rate,Parallel Alarm Exceeds the Limit,-7,0.05727801458693627,0.05727801458693627
E1/T1 Excessive Bit Error Rate,Parallel Alarm Exceeds the Limit,-6,0.04186804345184662,0.04186804345184662
E1/T1 Excessive Bit Error Rate,Parallel Alarm Exceeds the Limit,-5,0.06020730650214007,0.06020730650214007
E1/T1 Excessive Bit Error Rate,Parallel Alarm Exceeds the Limit,-4,0.038954544262681835,0.038954544262681835
E1/T1 Excessive Bit Error Rate,Parallel Alarm Exceeds the Limit,-3,0.0556523032442687,0.0556523032442687
E1/T1 Excessive Bit Error Rate,Parallel Alarm Exceeds the Limit,-2,0.07323478384513027,0.07323478384513027
E1/T1 Excessive Bit Error Rate,Parallel Alarm Exceeds the Limit,-1,0.07514270643041321,0.07514270643041321
E1/T1 Excessive Bit Error Rate,Parallel Alarm Exceeds the Limit,0,0.1805776045512122,0.1805776045512122
E1/T1 Excessive Bit Error Rate,Parallel Alarm Exceeds the Limit,1,0.08985343388626499,0.08985343388626499
E1/T1 Excessive Bit Error Rate,Parallel Alarm Exceeds the Limit,2,0.05781927696813953,0.05781927696813953
E1/T1 Excessive Bit Error Rate,Parallel Alarm Exceeds the Limit,3,0.0835323135789779,0.0835323135789779
E1/T1 Excessive Bit Error Rate,Parallel Alarm Exceeds the Limit,4,0.07688224983111895,0.07688224983111895
E1/T1 Excessive Bit Error Rate,Parallel Alarm Exceeds the Limit,5,0.08887619817064278,0.08887619817064278
E1/T1 Excessive Bit Error Rate,Parallel Alarm Exceeds the Limit,6,0.058757937778756646,0.058757937778756646
E1/T1 Excessive Bit Error Rate,Parallel Alarm Exceeds the Limit,7,0.06315677358163307,0.06315677358163307
E1/T1 Excessive Bit Error Rate,Parallel Alarm Exceeds the Limit,8,0.05616927683380287,0.05616927683380287
E1/T1 Excessive Bit Error Rate,Parallel Alarm Exceeds the Limit,9,0.056159724842991685,0.056159724842991685
E1/T1 Excessive Bit Error Rate,Parallel Alarm Exceeds the Limit,10,0.06396982074088106,0.06396982074088106
E1/T1 Excessive Bit Error Rate,Parallel Alarm Exceeds the Limit,11,0.04556415604132368,0.04556415604132368
E1/T1 Excessive Bit Error Rate,Parallel Alarm Exceeds the Limit,12,0.038549533548181525,0.038549533548181525
E1/T1 Excessive Bit Error Rate,RF Unit RX Channel RTWP/RSSI Unbalanced,-12,0.2730507855751863,0.2730507855751863
E1/T1 Excessive Bit Error Rate,RF Unit RX Channel RTWP/RSSI Unbalanced,-11,0.276270783123989,0.276270783123989
E1/T1 Excessive Bit Error Rate,RF Unit RX Channel RTWP/RSSI Unbalanced,-10,0.29288961167233996,0.29288961167233996
E1/T1 Excessive Bit Error Rate,RF Unit RX Channel RTWP/RSSI Unbalanced,-9,0.28254679913790715,0.28254679913790715
E1/T1 Excessive Bit Error Rate,RF Unit RX Channel RTWP/RSSI Unbalanced,-8,0.3001777048752781,0.3001777048752781
E1/T1 Excessive Bit Error Rate,RF Unit RX Channel RTWP/RSSI Unbalanced,-7,0.3031889048749846,0.3031889048749846
E1/T1 Excessive Bit Error Rate,RF Unit RX Channel RTWP/RSSI Unbalanced,-6,0.3081187949063403,0.3081187949063403
E1/T1 Excessive Bit Error Rate,RF Unit RX Channel RTWP/RSSI Unbalanced,-5,0.308133351932348,0.308133351932348
E1/T1 Excessive Bit Error Rate,RF Unit RX Channel RTWP/RSSI Unbalanced,-4,0.3200587854466327,0.3200587854466327
E1/T1 Excessive Bit Error Rate,RF Unit RX Channel RTWP/RSSI Unbalanced,-3,0.3280216173561159,0.3280216173561159
E1/T1 Excessive Bit Error Rate,RF Unit RX Channel RTWP/RSSI Unbalanced,-2,0.3500959272219938,0.3500959272219938
E1/T1 Excessive Bit Error Rate,RF Unit RX Channel RTWP/RSSI Unbalanced,-1,0.3577764424719551,0.3577764424719551
E1/T1 Excessive Bit Error Rate,RF Unit RX Channel RTWP/RSSI Unbalanced,0,0.4145644350806738,0.4145644350806738
E1/T1 Excessive Bit Error Rate,RF Unit RX Channel RTWP/RSSI Unbalanced,1,0.3845599722680356,0.3845599722680356
E1/T1 Excessive Bit Error Rate,RF Unit RX Channel RTWP/RSSI Unbalanced,2,0.36751633434474695,0.36751633434474695
E1/T1 Excessive Bit Error Rate,RF Unit RX Channel RTWP/RSSI Unbalanced,3,0.3572319709702277,0.3572319709702277
E1/T1 Excessive Bit Error Rate,RF Unit RX Channel RTWP/RSSI Unbalanced,4,0.34117773632152393,0.34117773632152393
E1/T1 Excessive Bit Error Rate,RF Unit RX Channel RTWP/RSSI Unbalanced,5,0.3442547156862294,0.3442547156862294
E1/T1 Excessive Bit Error Rate,RF Unit RX Channel RTWP/RSSI Unbalanced,6,0.32935161805857044,0.32935161805857044
E1/T1 Excessive Bit Error Rate,RF Unit RX Channel RTWP/RSSI Unbalanced,7,0.32411113836826033,0.32411113836826033
E1/T1 Excessive Bit Error Rate,RF Unit RX Channel RTWP/RSSI Unbalanced,8,0.31614277448597233,0.31614277448597233
E1/T1 Excessive Bit Error Rate,RF Unit RX Channel RTWP/RSSI Unbalanced,9,0.29696596789567603,0.29696596789567603
E1/T1 Excessive Bit Error Rate,RF Unit RX Channel RTWP/RSSI Unbalanced,10,0.29441381111071196,0.29441381111071196
E1/T1 Excessive Bit Error Rate,RF Unit RX Channel RTWP/RSSI Unbalanced,11,0.277507420928497,0.277507420928497
E1/T1 Excessive Bit Error Rate,RF Unit RX Channel RTWP/RSSI Unbalanced,12,0.2788386594673633,0.2788386594673633
E1/T1 Excessive Bit Error Rate,RF Unit VSWR Threshold Crossed,-12,0.258642039577726,0.258642039577726
E1/T1 Excessive Bit Error Rate,RF Unit VSWR Threshold Crossed,-11,0.27249798379246365,0.27249798379246365
E1/T1 Excessive Bit Error Rate,RF Unit VSWR Threshold Crossed,-10,0.2944336735307353,0.2944336735307353
E1/T1 Excessive Bit Error Rate,RF Unit VSWR Threshold Crossed,-9,0.27154179922950306,0.27154179922950306
E1/T1 Excessive Bit Error Rate,RF Unit VSWR Threshold Crossed,-8,0.29263336433239195,0.29263336433239195
E1/T1 Excessive Bit Error Rate,RF Unit VSWR Threshold Crossed,-7,0.3049302723418,0.3049302723418
E1/T1 Excessive Bit Error Rate,RF Unit VSWR Threshold Crossed,-6,0.2928793201565074,0.2928793201565074
E1/T1 Excessive Bit Error Rate,RF Unit VSWR Threshold Crossed,-5,0.3390017565820247,0.3390017565820247
E1/T1 Excessive Bit Error Rate,RF Unit VSWR Threshold Crossed,-4,0.3124409761838255,0.3124409761838255
E1/T1 Excessive Bit Error Rate,RF Unit VSWR Threshold Crossed,-3,0.35405478974631066,0.35405478974631066
E1/T1 Excessive Bit Error Rate,RF Unit VSWR Threshold Crossed,-2,0.3503519296941503,0.3503519296941503
E1/T1 Excessive Bit Error Rate,RF Unit VSWR Threshold Crossed,-1,0.3771548565847044,0.3771548565847044
E1/T1 Excessive Bit Error Rate,RF Unit VSWR Threshold Crossed,0,0.4667934553677718,0.4667934553677718
E1/T1 Excessive Bit Error Rate,RF Unit VSWR Threshold Crossed,1,0.3220653465427183,0.3220653465427183
E1/T1 Excessive Bit Error Rate,RF Unit VSWR Threshold Crossed,2,0.3309276145718842,0.3309276145718842
E1/T1 Excessive Bit Error Rate,RF Unit VSWR Threshold Crossed,3,0.322953902085246,0.322953902085246
E1/T1 Excessive Bit Error Rate,RF Unit VSWR Threshold Crossed,4,0.3003378218796152,0.3003378218796152
E1/T1 Excessive Bit Error Rate,RF Unit VSWR Threshold Crossed,5,0.32084717143063896,0.32084717143063896
E1/T1 Excessive Bit Error Rate,RF Unit VSWR Threshold Crossed,6,0.3002917015398696,0.3002917015398696
E1/T1 Excessive Bit Error Rate,RF Unit VSWR Threshold Crossed,7,0.29596369621452523,0.29596369621452523
E1/T1 Excessive Bit Error Rate,RF Unit VSWR Threshold Crossed,8,0.2861271058242571,0.2861271058242571
E1/T1 Excessive Bit Error Rate,RF Unit VSWR Threshold Crossed,9,0.2657104400188142,0.2657104400188142
E1/T1 Excessive Bit Error Rate,RF Unit VSWR Threshold Crossed,10,0.27850810130764575,0.27850810130764575
E1/T1 Excessive Bit Error Rate,RF Unit VSWR Threshold Crossed,11,0.25761823980670717,0.25761823980670717
E1/T1 Excessive Bit Error Rate,RF Unit VSWR Threshold Crossed,12,0.27002444216403987,0.27002444216403987
E1/T1 Excessive Bit Error Rate,S1ap Link Down,-12,0.03392152503944341,0.03392152503944341
E1/T1 Excessive Bit Error Rate,S1ap Link Down,-11,0.036813236655559856,0.036813236655559856
E1/T1 Excessive Bit Error Rate,S1ap Link Down,-10,0.044890638028120204,0.044890638028120204
E1/T1 Excessive Bit Error Rate,S1ap Link Down,-9,0.03868364323775215,0.03868364323775215
E1/T1 Excessive Bit Error Rate,S1ap Link Down,-8,0.04268666859182723,0.04268666859182723
E1/T1 Excessive Bit Error Rate,S1ap Link Down,-7,0.041424736779143795,0.041424736779143795
E1/T1 Excessive Bit Error Rate,S1ap Link Down,-6,0.04681096068395273,0.04681096068395273
E1/T1 Excessive Bit Error Rate,S1ap Link Down,-5,0.06505819084860104,0.06505819084860104
E1/T1 Excessive Bit Error Rate,S1ap Link Down,-4,0.04388918771097024,0.04388918771097024
E1/T1 Excessive Bit Error Rate,S1ap Link Down,-3,0.057031361594032624,0.057031361594032624
E1/T1 Excessive Bit Error Rate,S1ap Link Down,-2,0.059625872713259725,0.059625872713259725
E1/T1 Excessive Bit Error Rate,S1ap Link Down,-1,0.06794638647029605,0.06794638647029605
E1/T1 Excessive Bit Error Rate,S1ap Link Down,0,0.1077857013368138,0.1077857013368138
E1/T1 Excessive Bit Error Rate,S1ap Link Down,1,0.06000318635271885,0.06000318635271885
E1/T1 Excessive Bit Error Rate,S1ap Link Down,2,0.04920550212130819,0.04920550212130819
E1/T1 Excessive Bit Error Rate,S1ap Link Down,3,0.06519055519950312,0.06519055519950312
E1/T1 Excessive Bit Error Rate,S1ap Link Down,4,0.04961833074637651,0.04961833074637651
E1/T1 Excessive Bit Error Rate,S1ap Link Down,5,0.06936505757569549,0.06936505757569549
E1/T1 Excessive Bit Error Rate,S1ap Link Down,6,0.050450333440730306,0.050450333440730306
E1/T1 Excessive Bit Error Rate,S1ap Link Down,7,0.053428189235050924,0.053428189235050924
E1/T1 Excessive Bit Error Rate,S1ap Link Down,8,0.0387520481979658,0.0387520481979658
E1/T1 Excessive Bit Error Rate,S1ap Link Down,9,0.038757833372645094,0.038757833372645094
E1/T1 Excessive Bit Error Rate,S1ap Link Down,10,0.043185547090042624,0.043185547090042624
E1/T1 Excessive Bit Error Rate,S1ap Link Down,11,0.041777160893844346,0.041777160893844346
E1/T1 Excessive Bit Error Rate,S1ap Link Down,12,0.0326920498950402,0.0326920498950402
E1/T1 Excessive Bit Error Rate,SCTP Link Fault,-12,0.06860688453821912,0.06860688453821912
E1/T1 Excessive Bit Error Rate,SCTP Link Fault,-11,0.0647227123754398,0.0647227123754398
E1/T1 Excessive Bit Error Rate,SCTP Link Fault,-10,0.06402314562814235,0.06402314562814235
E1/T1 Excessive Bit Error Rate,SCTP Link Fault,-9,0.06805104405620838,0.06805104405620838
E1/T1 Excessive Bit Error Rate,SCTP Link Fault,-8,0.06890897129336383,0.06890897129336383
E1/T1 Excessive Bit Error Rate,SCTP Link Fault,-7,0.07418631719822347,0.07418631719822347
E1/T1 Excessive Bit Error Rate,SCTP Link Fault,-6,0.08287487105744977,0.08287487105744977
E1/T1 Excessive Bit Error Rate,SCTP Link Fault,-5,0.08839893464856936,0.08839893464856936
E1/T1 Excessive Bit Error Rate,SCTP Link Fault,-4,0.10179932242466654,0.10179932242466654
E1/T1 Excessive Bit Error Rate,SCTP Link Fault,-3,0.09920341880957327,0.09920341880957327
E1/T1 Excessive Bit Error Rate,SCTP Link Fault,-2,0.10234438388085396,0.10234438388085396
E1/T1 Excessive Bit Error Rate,SCTP Link Fault,-1,0.11514717338342274,0.11514717338342274
E1/T1 Excessive Bit Error Rate,SCTP Link Fault,0,0.13802484955703934,0.13802484955703934
E1/T1 Excessive Bit Error Rate,SCTP Link Fault,1,0.10536069896379645,0.10536069896379645
E1/T1 Excessive Bit Error Rate,SCTP Link Fault,2,0.09847610068527006,0.09847610068527006
E1/T1 Excessive Bit Error Rate,SCTP Link Fault,3,0.09015696099173015,0.09015696099173015
E1/T1 Excessive Bit Error Rate,SCTP Link Fault,4,0.0998937855221894,0.0998937855221894
E1/T1 Excessive Bit Error Rate,SCTP Link Fault,5,0.08999078194891183,0.08999078194891183
E1/T1 Excessive Bit Error Rate,SCTP Link Fault,6,0.08802896601709442,0.08802896601709442
E1/T1 Excessive Bit Error Rate,SCTP Link Fault,7,0.0738669406226038,0.0738669406226038
E1/T1 Excessive Bit Error Rate,SCTP Link Fault,8,0.07719913067560046,0.07719913067560046
E1/T1 Excessive Bit Error Rate,SCTP Link Fault,9,0.0691037982479216,0.0691037982479216
E1/T1 Excessive Bit Error Rate,SCTP Link Fault,10,0.07763274619477126,0.07763274619477126
E1/T1 Excessive Bit Error Rate,SCTP Link Fault,11,0.06959781043490236,0.06959781043490236
E1/T1 Excessive Bit Error Rate,SCTP Link Fault,12,0.06879548602862341,0.06879548602862341
E1/T1 Excessive Bit Error Rate,SDH/SONET Tributary Excessive Slip Frames,-12,0.24306229714642583,0.24306229714642583
E1/T1 Excessive Bit Error Rate,SDH/SONET Tributary Excessive Slip Frames,-11,0.25539030522726236,0.25539030522726236
E1/T1 Excessive Bit Error Rate,SDH/SONET Tributary Excessive Slip Frames,-10,0.28010630075473253,0.28010630075473253
E1/T1 Excessive Bit Error Rate,SDH/SONET Tributary Excessive Slip Frames,-9,0.24226251255268733,0.24226251255268733
E1/T1 Excessive Bit Error Rate,SDH/SONET Tributary Excessive Slip Frames,-8,0.27163279450737865,0.27163279450737865
E1/T1 Excessive Bit Error Rate,SDH/SONET Tributary Excessive Slip Frames,-7,0.2799873849122133,0.2799873849122133
E1/T1 Excessive Bit Error Rate,SDH/SONET Tributary Excessive Slip Frames,-6,0.2694729185611675,0.2694729185611675
E1/T1 Excessive Bit Error Rate,SDH/SONET Tributary Excessive Slip Frames,-5,0.2969694207513939,0.2969694207513939
E1/T1 Excessive Bit Error Rate,SDH/SONET Tributary Excessive Slip Frames,-4,0.2873023005844906,0.2873023005844906
E1/T1 Excessive Bit Error Rate,SDH/SONET Tributary Excessive Slip Frames,-3,0.3240415715313365,0.3240415715313365
E1/T1 Excessive Bit Error Rate,SDH/SONET Tributary Excessive Slip Frames,-2,0.327076682172648,0.327076682172648
E1/T1 Excessive Bit Error Rate,SDH/SONET Tributary Excessive Slip Frames,-1,0.35111290579294563,0.35111290579294563
E1/T1 Excessive Bit Error Rate,SDH/SONET Tributary Excessive Slip Frames,0,0.5108323407462809,0.5108323407462809
E1/T1 Excessive Bit Error Rate,SDH/SONET Tributary Excessive Slip Frames,1,0.2835106043294107,0.2835106043294107
E1/T1 Excessive Bit Error Rate,SDH/SONET Tributary Excessive Slip Frames,2,0.29795086290997524,0.29795086290997524
E1/T1 Excessive Bit Error Rate,SDH/SONET Tributary Excessive Slip Frames,3,0.31186040191156167,0.31186040191156167
E1/T1 Excessive Bit Error Rate,SDH/SONET Tributary Excessive Slip Frames,4,0.2845950579897681,0.2845950579897681
E1/T1 Excessive Bit Error Rate,SDH/SONET Tributary Excessive Slip Frames,5,0.30348771746367936,0.30348771746367936
E1/T1 Excessive Bit Error Rate,SDH/SONET Tributary Excessive Slip Frames,6,0.2816993829395377,0.2816993829395377
E1/T1 Excessive Bit Error Rate,SDH/SONET Tributary Excessive Slip Frames,7,0.2937664853808486,0.2937664853808486
E1/T1 Excessive Bit Error Rate,SDH/SONET Tributary Excessive Slip Frames,8,0.28634849215477537,0.28634849215477537
E1/T1 Excessive Bit Error Rate,SDH/SONET Tributary Excessive Slip Frames,9,0.26461520247538006,0.26461520247538006
E1/T1 Excessive Bit Error Rate,SDH/SONET Tributary Excessive Slip Frames,10,0.29062687205510046,0.29062687205510046
E1/T1 Excessive Bit Error Rate,SDH/SONET Tributary Excessive Slip Frames,11,0.2638240435829094,0.2638240435829094
E1/T1 Excessive Bit Error Rate,SDH/SONET Tributary Excessive Slip Frames,12,0.2711969790898124,0.2711969790898124
E1/T1 Excessive Bit Error Rate,Statistical Alarm,-12,0.07528272001040767,0.07528272001040767
E1/T1 Excessive Bit Error Rate,Statistical Alarm,-11,0.08826160626624406,0.08826160626624406
E1/T1 Excessive Bit Error Rate,Statistical Alarm,-10,0.07312896906453625,0.07312896906453625
E1/T1 Excessive Bit Error Rate,Statistical Alarm,-9,0.07888527018776588,0.07888527018776588
E1/T1 Excessive Bit Error Rate,Statistical Alarm,-8,0.08440947041137584,0.08440947041137584
E1/T1 Excessive Bit Error Rate,Statistical Alarm,-7,0.0795200745880536,0.0795200745880536
E1/T1 Excessive Bit Error Rate,Statistical Alarm,-6,0.08807521580560344,0.08807521580560344
E1/T1 Excessive Bit Error Rate,Statistical Alarm,-5,0.09404733934222106,0.09404733934222106
E1/T1 Excessive Bit Error Rate,Statistical Alarm,-4,0.09719178842877119,0.09719178842877119
E1/T1 Excessive Bit Error Rate,Statistical Alarm,-3,0.09801572074366316,0.09801572074366316
E1/T1 Excessive Bit Error Rate,Statistical Alarm,-2,0.11392627252228689,0.11392627252228689
E1/T1 Excessive Bit Error Rate,Statistical Alarm,-1,0.13653401045681954,0.13653401045681954
E1/T1 Excessive Bit Error Rate,Statistical Alarm,0,0.19839735891506613,0.19839735891506613
E1/T1 Excessive Bit Error Rate,Statistical Alarm,1,0.11982764029004113,0.11982764029004113
E1/T1 Excessive Bit Error Rate,Statistical Alarm,2,0.11556405464641013,0.11556405464641013
E1/T1 Excessive Bit Error Rate,Statistical Alarm,3,0.11264865216959169,0.11264865216959169
E1/T1 Excessive Bit Error Rate,Statistical Alarm,4,0.09759290508854741,0.09759290508854741
E1/T1 Excessive Bit Error Rate,Statistical Alarm,5,0.10841113752062302,0.10841113752062302
E1/T1 Excessive Bit Error Rate,Statistical Alarm,6,0.09051056801320802,0.09051056801320802
E1/T1 Excessive Bit Error Rate,Statistical Alarm,7,0.09406221429952172,0.09406221429952172
E1/T1 Excessive Bit Error Rate,Statistical Alarm,8,0.09347189904830372,0.09347189904830372
E1/T1 Excessive Bit Error Rate,Statistical Alarm,9,0.06578014814163262,0.06578014814163262
E1/T1 Excessive Bit Error Rate,Statistical Alarm,10,0.07390138899555307,0.07390138899555307
E1/T1 Excessive Bit Error Rate,Statistical Alarm,11,0.08519563845827764,0.08519563845827764
E1/T1 Excessive Bit Error Rate,Statistical Alarm,12,0.07498321022126435,0.07498321022126435
E1/T1 Excessive Bit Error Rate,UMTS Cell MC-HSDPA Function Fault,-12,0.1351709373356048,0.1351709373356048
E1/T1 Excessive Bit Error Rate,UMTS Cell MC-HSDPA Function Fault,-11,0.14397553975225252,0.14397553975225252
E1/T1 Excessive Bit Error Rate,UMTS Cell MC-HSDPA Function Fault,-10,0.15646288058011232,0.15646288058011232
E1/T1 Excessive Bit Error Rate,UMTS Cell MC-HSDPA Function Fault,-9,0.12999821432313463,0.12999821432313463
E1/T1 Excessive Bit Error Rate,UMTS Cell MC-HSDPA Function Fault,-8,0.11889840486875891,0.11889840486875891
E1/T1 Excessive Bit Error Rate,UMTS Cell MC-HSDPA Function Fault,-7,0.10631661967726595,0.10631661967726595
E1/T1 Excessive Bit Error Rate,UMTS Cell MC-HSDPA Function Fault,-6,0.0820179520424129,0.0820179520424129
E1/T1 Excessive Bit Error Rate,UMTS Cell MC-HSDPA Function Fault,-5,0.0830599542101842,0.0830599542101842
E1/T1 Excessive Bit Error Rate,UMTS Cell MC-HSDPA Function Fault,-4,0.0746051199433454,0.0746051199433454
E1/T1 Excessive Bit Error Rate,UMTS Cell MC-HSDPA Function Fault,-3,0.08120124078146218,0.08120124078146218
E1/T1 Excessive Bit Error Rate,UMTS Cell MC-HSDPA Function Fault,-2,0.06727864957786998,0.06727864957786998
E1/T1 Excessive Bit Error Rate,UMTS Cell MC-HSDPA Function Fault,-1,0.08068254504231659,0.08068254504231659
E1/T1 Excessive Bit Error Rate,UMTS Cell MC-HSDPA Function Fault,0,0.12850379612420576,0.12850379612420576
E1/T1 Excessive Bit Error Rate,UMTS Cell MC-HSDPA Function Fault,1,0.11162420540294063,0.11162420540294063
E1/T1 Excessive Bit Error Rate,UMTS Cell MC-HSDPA Function Fault,2,0.11035732536373456,0.11035732536373456
E1/T1 Excessive Bit Error Rate,UMTS Cell MC-HSDPA Function Fault,3,0.10625024966715069,0.10625024966715069
E1/T1 Excessive Bit Error Rate,UMTS Cell MC-HSDPA Function Fault,4,0.09127004796007784,0.09127004796007784
E1/T1 Excessive Bit Error Rate,UMTS Cell MC-HSDPA Function Fault,5,0.10628713904213463,0.10628713904213463
E1/T1 Excessive Bit Error Rate,UMTS Cell MC-HSDPA Function Fault,6,0.09593641225316807,0.09593641225316807
E1/T1 Excessive Bit Error Rate,UMTS Cell MC-HSDPA Function Fault,7,0.10520731466371301,0.10520731466371301
E1/T1 Excessive Bit Error Rate,UMTS Cell MC-HSDPA Function Fault,8,0.11719147103366799,0.11719147103366799
E1/T1 Excessive Bit Error Rate,UMTS Cell MC-HSDPA Function Fault,9,0.1016499260295848,0.1016499260295848
E1/T1 Excessive Bit Error Rate,UMTS Cell MC-HSDPA Function Fault,10,0.12921966761031267,0.12921966761031267
E1/T1 Excessive Bit Error Rate,UMTS Cell MC-HSDPA Function Fault,11,0.14287491612321065,0.14287491612321065
E1/T1 Excessive Bit Error Rate,UMTS Cell MC-HSDPA Function Fault,12,0.14693770194255124,0.14693770194255124
E1/T1 Excessive Bit Error Rate,UMTS Cell Unavailable,-12,0.09470690221276011,0.09470690221276011
E1/T1 Excessive Bit Error Rate,UMTS Cell Unavailable,-11,0.10360946920806705,0.10360946920806705
E1/T1 Excessive Bit Error Rate,UMTS Cell Unavailable,-10,0.09948265236216665,0.09948265236216665
E1/T1 Excessive Bit Error Rate,UMTS Cell Unavailable,-9,0.08014092283346275,0.08014092283346275
E1/T1 Excessive Bit Error Rate,UMTS Cell Unavailable,-8,0.09389192764779974,0.09389192764779974
E1/T1 Excessive Bit Error Rate,UMTS Cell Unavailable,-7,0.08586290903418295,0.08586290903418295
E1/T1 Excessive Bit Error Rate,UMTS Cell Unavailable,-6,0.11014058046510311,0.11014058046510311
E1/T1 Excessive Bit Error Rate,UMTS Cell Unavailable,-5,0.11897079647649302,0.11897079647649302
E1/T1 Excessive Bit Error Rate,UMTS Cell Unavailable,-4,0.10891280463521173,0.10891280463521173
E1/T1 Excessive Bit Error Rate,UMTS Cell Unavailable,-3,0.12252304242473581,0.12252304242473581
E1/T1 Excessive Bit Error Rate,UMTS Cell Unavailable,-2,0.129083889491569,0.129083889491569
E1/T1 Excessive Bit Error Rate,UMTS Cell Unavailable,-1,0.15537696235212745,0.15537696235212745
E1/T1 Excessive Bit Error Rate,UMTS Cell Unavailable,0,0.2619242319413817,0.2619242319413817
E1/T1 Excessive Bit Error Rate,UMTS Cell Unavailable,1,0.134932983446812,0.134932983446812
E1/T1 Excessive Bit Error Rate,UMTS Cell Unavailable,2,0.12543076317547155,0.12543076317547155
E1/T1 Excessive Bit Error Rate,UMTS Cell Unavailable,3,0.1297400098281445,0.1297400098281445
E1/T1 Excessive Bit Error Rate,UMTS Cell Unavailable,4,0.1159888374300469,0.1159888374300469
E1/T1 Excessive Bit Error Rate,UMTS Cell Unavailable,5,0.12559336205262497,0.12559336205262497
E1/T1 Excessive Bit Error Rate,UMTS Cell Unavailable,6,0.1096483466552978,0.1096483466552978
E1/T1 Excessive Bit Error Rate,UMTS Cell Unavailable,7,0.105927607215944,0.105927607215944
E1/T1 Excessive Bit Error Rate,UMTS Cell Unavailable,8,0.10781493270265721,0.10781493270265721
E1/T1 Excessive Bit Error Rate,UMTS Cell Unavailable,9,0.09485632335980397,0.09485632335980397
E1/T1 Excessive Bit Error Rate,UMTS Cell Unavailable,10,0.10954588094438239,0.10954588094438239
E1/T1 Excessive Bit Error Rate,UMTS Cell Unavailable,11,0.1086732835421224,0.1086732835421224
E1/T1 Excessive Bit Error Rate,UMTS Cell Unavailable,12,0.0894873741892488,0.0894873741892488
E1/T1 Excessive Bit Error Rate,User Plane Fault,-12,0.1745031868540222,0.1745031868540222
E1/T1 Excessive Bit Error Rate,User Plane Fault,-11,0.18301208728651563,0.18301208728651563
E1/T1 Excessive Bit Error Rate,User Plane Fault,-10,0.20048910769494746,0.20048910769494746
E1/T1 Excessive Bit Error Rate,User Plane Fault,-9,0.17711503014996222,0.17711503014996222
E1/T1 Excessive Bit Error Rate,User Plane Fault,-8,0.18698801445816277,0.18698801445816277
E1/T1 Excessive Bit Error Rate,User Plane Fault,-7,0.19854112597933216,0.19854112597933216
E1/T1 Excessive Bit Error Rate,User Plane Fault,-6,0.22134026480019184,0.22134026480019184
E1/T1 Excessive Bit Error Rate,User Plane Fault,-5,0.24311608879593188,0.24311608879593188
E1/T1 Excessive Bit Error Rate,User Plane Fault,-4,0.2331214986745734,0.2331214986745734
E1/T1 Excessive Bit Error Rate,User Plane Fault,-3,0.26377418434161276,0.26377418434161276
E1/T1 Excessive Bit Error Rate,User Plane Fault,-2,0.28423774803871565,0.28423774803871565
E1/T1 Excessive Bit Error Rate,User Plane Fault,-1,0.2986746922534091,0.2986746922534091
E1/T1 Excessive Bit Error Rate,User Plane Fault,0,0.42605001026193445,0.42605001026193445
E1/T1 Excessive Bit Error Rate,User Plane Fault,1,0.3010998133008556,0.3010998133008556
E1/T1 Excessive Bit Error Rate,User Plane Fault,2,0.27088050167358757,0.27088050167358757
E1/T1 Excessive Bit Error Rate,User Plane Fault,3,0.2698223605018259,0.2698223605018259
E1/T1 Excessive Bit Error Rate,User Plane Fault,4,0.22590764436823046,0.22590764436823046
E1/T1 Excessive Bit Error Rate,User Plane Fault,5,0.26001181512559657,0.26001181512559657
E1/T1 Excessive Bit Error Rate,User Plane Fault,6,0.237818316018035,0.237818316018035
E1/T1 Excessive Bit Error Rate,User Plane Fault,7,0.22239307583061868,0.22239307583061868
E1/T1 Excessive Bit Error Rate,User Plane Fault,8,0.21055675138471508,0.21055675138471508
E1/T1 Excessive Bit Error Rate,User Plane Fault,9,0.19797422760616126,0.19797422760616126
E1/T1 Excessive Bit Error Rate,User Plane Fault,10,0.20683264974971535,0.20683264974971535
E1/T1 Excessive Bit Error Rate,User Plane Fault,11,0.1843716785685255,0.1843716785685255
E1/T1 Excessive Bit Error Rate,User Plane Fault,12,0.18136891176645523,0.18136891176645523
E1/T1 Excessive Bit Error Rate,X2 Interface Fault,-12,0.161452712559816,0.161452712559816
E1/T1 Excessive Bit Error Rate,X2 Interface Fault,-11,0.16215105880433356,0.16215105880433356
E1/T1 Excessive Bit Error Rate,X2 Interface Fault,-10,0.17117913655427405,0.17117913655427405
E1/T1 Excessive Bit Error Rate,X2 Interface Fault,-9,0.16025538351021046,0.16025538351021046
E1/T1 Excessive Bit Error Rate,X2 Interface Fault,-8,0.1673797503023468,0.1673797503023468
E1/T1 Excessive Bit Error Rate,X2 Interface Fault,-7,0.18865642740327332,0.18865642740327332
E1/T1 Excessive Bit Error Rate,X2 Interface Fault,-6,0.20622162338743577,0.20622162338743577
E1/T1 Excessive Bit Error Rate,X2 Interface Fault,-5,0.22682491426573895,0.22682491426573895
E1/T1 Excessive Bit Error Rate,X2 Interface Fault,-4,0.22896839008933972,0.22896839008933972
E1/T1 Excessive Bit Error Rate,X2 Interface Fault,-3,0.24690785445974847,0.24690785445974847
E1/T1 Excessive Bit Error Rate,X2 Interface Fault,-2,0.2759350113591266,0.2759350113591266
E1/T1 Excessive Bit Error Rate,X2 Interface Fault,-1,0.2812582612661895,0.2812582612661895
E1/T1 Excessive Bit Error Rate,X2 Interface Fault,0,0.3759904046186485,0.3759904046186485
E1/T1 Excessive Bit Error Rate,X2 Interface Fault,1,0.3026767179493594,0.3026767179493594
E1/T1 Excessive Bit Error Rate,X2 Interface Fault,2,0.2714641933099188,0.2714641933099188
E1/T1 Excessive Bit Error Rate,X2 Interface Fault,3,0.26462224881733726,0.26462224881733726
E1/T1 Excessive Bit Error Rate,X2 Interface Fault,4,0.22437257404823926,0.22437257404823926
E1/T1 Excessive Bit Error Rate,X2 Interface Fault,5,0.25780418511100817,0.25780418511100817
E1/T1 Excessive Bit Error Rate,X2 Interface Fault,6,0.23654401579974874,0.23654401579974874
E1/T1 Excessive Bit Error Rate,X2 Interface Fault,7,0.21932534485794095,0.21932534485794095
E1/T1 Excessive Bit Error Rate,X2 Interface Fault,8,0.21653760847497405,0.21653760847497405
E1/T1 Excessive Bit Error Rate,X2 Interface Fault,9,0.20160737234101672,0.20160737234101672
E1/T1 Excessive Bit Error Rate,X2 Interface Fault,10,0.1904717411031949,0.1904717411031949
E1/T1 Excessive Bit Error Rate,X2 Interface Fault,11,0.18303500105410236,0.18303500105410236
E1/T1 Excessive Bit Error Rate,X2 Interface Fault,12,0.1718595893243896,0.1718595893243896
External Clock Reference Problem,GSM Cell out of Service,-12,0.0734799281607197,0.0734799281607197
External Clock Reference Problem,GSM Cell out of Service,-11,0.08198505322865438,0.08198505322865438
External Clock Reference Problem,GSM Cell out of Service,-10,0.06808154961672831,0.06808154961672831
External Clock Reference Problem,GSM Cell out of Service,-9,0.08407092204837831,0.08407092204837831
External Clock Reference Problem,GSM Cell out of Service,-8,0.09162652807297877,0.09162652807297877
External Clock Reference Problem,GSM Cell out of Service,-7,0.08947244293858889,0.08947244293858889
External Clock Reference Problem,GSM Cell out of Service,-6,0.06869170198256556,0.06869170198256556
External Clock Reference Problem,GSM Cell out of Service,-5,0.08467831669807595,0.08467831669807595
External Clock Reference Problem,GSM Cell out of Service,-4,0.09308905986590846,0.09308905986590846
External Clock Reference Problem,GSM Cell out of Service,-3,0.09175517382574044,0.09175517382574044
External Clock Reference Problem,GSM Cell out of Service,-2,0.10348262943612355,0.10348262943612355
External Clock Reference Problem,GSM Cell out of Service,-1,0.1128738951650851,0.1128738951650851
External Clock Reference Problem,GSM Cell out of Service,0,0.19656793451514684,0.19656793451514684
External Clock Reference Problem,GSM Cell out of Service,1,0.12547578593515313,0.12547578593515313
External Clock Reference Problem,GSM Cell out of Service,2,0.14923766849666473,0.14923766849666473
External Clock Reference Problem,GSM Cell out of Service,3,0.10992567117780441,0.10992567117780441
External Clock Reference Problem,GSM Cell out of Service,4,0.11681682026517125,0.11681682026517125
External Clock Reference Problem,GSM Cell out of Service,5,0.08484168889688827,0.08484168889688827
External Clock Reference Problem,GSM Cell out of Service,6,0.06668407410622729,0.06668407410622729
External Clock Reference Problem,GSM Cell out of Service,7,0.07129346895539433,0.07129346895539433
External Clock Reference Problem,GSM Cell out of Service,8,0.06445184420244386,0.06445184420244386
External Clock Reference Problem,GSM Cell out of Service,9,0.06027572816483344,0.06027572816483344
External Clock Reference Problem,GSM Cell out of Service,10,0.07391901026897817,0.07391901026897817
External Clock Reference Problem,GSM Cell out of Service,11,0.05520861782887686,0.05520861782887686
External Clock Reference Problem,GSM Cell out of Service,12,0.1113303931733512,0.1113303931733512
External Clock Reference Problem,GTPC Tunnel Path Broken,-12,0.08698831823299549,0.08698831823299549
External Clock Reference Problem,GTPC Tunnel Path Broken,-11,0.08819425396294481,0.08819425396294481
External Clock Reference Problem,GTPC Tunnel Path Broken,-10,0.09198513061939638,0.09198513061939638
External Clock Reference Problem,GTPC Tunnel Path Broken,-9,0.10128764643843703,0.10128764643843703
External Clock Reference Problem,GTPC Tunnel Path Broken,-8,0.11244078609848399,0.11244078609848399
External Clock Reference Problem,GTPC Tunnel Path Broken,-7,0.1032475732218155,0.1032475732218155
External Clock Reference Problem,GTPC Tunnel Path Broken,-6,0.10837221662404724,0.10837221662404724
External Clock Reference Problem,GTPC Tunnel Path Broken,-5,0.11641997978078288,0.11641997978078288
External Clock Reference Problem,GTPC Tunnel Path Broken,-4,0.10745117892936945,0.10745117892936945
External Clock Reference Problem,GTPC Tunnel Path Broken,-3,0.10961912239638995,0.10961912239638995
External Clock Reference Problem,GTPC Tunnel Path Broken,-2,0.09922590737149084,0.09922590737149084
External Clock Reference Problem,GTPC Tunnel Path Broken,-1,0.11777061563120994,0.11777061563120994
External Clock Reference Problem,GTPC Tunnel Path Broken,0,0.11113504101169526,0.11113504101169526
External Clock Reference Problem,GTPC Tunnel Path Broken,1,0.10035286213191644,0.10035286213191644
External Clock Reference Problem,GTPC Tunnel Path Broken,2,0.10630833296943674,0.10630833296943674
External Clock Reference Problem,GTPC Tunnel Path Broken,3,0.08887102341122927,0.08887102341122927
External Clock Reference Problem,GTPC Tunnel Path Broken,4,0.08723674305280199,0.08723674305280199
External Clock Reference Problem,GTPC Tunnel Path Broken,5,0.08155344905016505,0.08155344905016505
External Clock Reference Problem,GTPC Tunnel Path Broken,6,0.0765113808371541,0.0765113808371541
External Clock Reference Problem,GTPC Tunnel Path Broken,7,0.07220668662887897,0.07220668662887897
External Clock Reference Problem,GTPC Tunnel Path Broken,8,0.08222167598316162,0.08222167598316162
External Clock Reference Problem,GTPC Tunnel Path Broken,9,0.08292734568276075,0.08292734568276075
External Clock Reference Problem,GTPC Tunnel Path Broken,10,0.08413112061772819,0.08413112061772819
External Clock Reference Problem,GTPC Tunnel Path Broken,11,0.0726700592672044,0.0726700592672044
External Clock Reference Problem,GTPC Tunnel Path Broken,12,0.0785356908247137,0.0785356908247137
External Clock Reference Problem,High Temperature (35Â°),-12,0.07323826519423456,0.07323826519423456
External Clock Reference Problem,High Temperature (35Â°),-11,0.0815073638848844,0.0815073638848844
External Clock Reference Problem,High Temperature (35Â°),-10,0.08114842360609399,0.08114842360609399
External Clock Reference Problem,High Temperature (35Â°),-9,0.07806338820779854,0.07806338820779854
External Clock Reference Problem,High Temperature (35Â°),-8,0.08859072280734946,0.08859072280734946
External Clock Reference Problem,High Temperature (35Â°),-7,0.10235585994418188,0.10235585994418188
External Clock Reference Problem,High Temperature (35Â°),-6,0.08575340524075149,0.08575340524075149
External Clock Reference Problem,High Temperature (35Â°),-5,0.11624588937335205,0.11624588937335205
External Clock Reference Problem,High Temperature (35Â°),-4,0.11204593853412634,0.11204593853412634
External Clock Reference Problem,High Temperature (35Â°),-3,0.13003537795473713,0.13003537795473713
External Clock Reference Problem,High Temperature (35Â°),-2,0.1515344526568235,0.1515344526568235
External Clock Reference Problem,High Temperature (35Â°),-1,0.14608840563374972,0.14608840563374972
External Clock Reference Problem,High Temperature (35Â°),0,0.18864535562510445,0.18864535562510445
External Clock Reference Problem,High Temperature (35Â°),1,0.13322897668428044,0.13322897668428044
External Clock Reference Problem,High Temperature (35Â°),2,0.14084953446577514,0.14084953446577514
External Clock Reference Problem,High Temperature (35Â°),3,0.13605724673092873,0.13605724673092873
External Clock Reference Problem,High Temperature (35Â°),4,0.1246430561850096,0.1246430561850096
External Clock Reference Problem,High Temperature (35Â°),5,0.12293179698927101,0.12293179698927101
External Clock Reference Problem,High Temperature (35Â°),6,0.11153319764744282,0.11153319764744282
External Clock Reference Problem,High Temperature (35Â°),7,0.09605853680970226,0.09605853680970226
External Clock Reference Problem,High Temperature (35Â°),8,0.1012588756773653,0.1012588756773653
External Clock Reference Problem,High Temperature (35Â°),9,0.07842323097361197,0.07842323097361197
External Clock Reference Problem,High Temperature (35Â°),10,0.08692171237593976,0.08692171237593976
External Clock Reference Problem,High Temperature (35Â°),11,0.07109774347468235,0.07109774347468235
External Clock Reference Problem,High Temperature (35Â°),12,0.07162452548189337,0.07162452548189337
External Clock Reference Problem,IP PM Activation Failure,-12,0.006135334906405969,0.006135334906405969
External Clock Reference Problem,IP PM Activation Failure,-11,0.01932154407311079,0.01932154407311079
External Clock Reference Problem,IP PM Activation Failure,-10,0.014142033755168641,0.014142033755168641
External Clock Reference Problem,IP PM Activation Failure,-9,0.015389453284102019,0.015389453284102019
External Clock Reference Problem,IP PM Activation Failure,-8,0.0068741703151332136,0.0068741703151332136
External Clock Reference Problem,IP PM Activation Failure,-7,0.001311415742040844,0.001311415742040844
External Clock Reference Problem,IP PM Activation Failure,-6,0.007392026702815064,0.007392026702815064
External Clock Reference Problem,IP PM Activation Failure,-5,0.012825803618495175,0.012825803618495175
External Clock Reference Problem,IP PM Activation Failure,-4,0.008105321299852409,0.008105321299852409
External Clock Reference Problem,IP PM Activation Failure,-3,0.028807522410200074,0.028807522410200074
External Clock Reference Problem,IP PM Activation Failure,-2,0.0363868165133365,0.0363868165133365
External Clock Reference Problem,IP PM Activation Failure,-1,0.02065175407799457,0.02065175407799457
External Clock Reference Problem,IP PM Activation Failure,0,0.043607233216365594,0.043607233216365594
External Clock Reference Problem,IP PM Activation Failure,1,0.030253067916674523,0.030253067916674523
External Clock Reference Problem,IP PM Activation Failure,2,0.01868419676392337,0.01868419676392337
External Clock Reference Problem,IP PM Activation Failure,3,0.007487628725919201,0.007487628725919201
External Clock Reference Problem,IP PM Activation Failure,4,0.01545208312645477,0.01545208312645477
External Clock Reference Problem,IP PM Activation Failure,5,0.015654586606477745,0.015654586606477745
External Clock Reference Problem,IP PM Activation Failure,6,0.007104269768363157,0.007104269768363157
External Clock Reference Problem,IP PM Activation Failure,7,0.012869335433996675,0.012869335433996675
External Clock Reference Problem,IP PM Activation Failure,8,0.02362915101644996,0.02362915101644996
External Clock Reference Problem,IP PM Activation Failure,9,0.010235678297073185,0.010235678297073185
External Clock Reference Problem,IP PM Activation Failure,10,0.009716628048451264,0.009716628048451264
External Clock Reference Problem,IP PM Activation Failure,11,0.01724620863299404,0.01724620863299404
External Clock Reference Problem,IP PM Activation Failure,12,0.02217135532409857,0.02217135532409857
External Clock Reference Problem,Local Cell Unusable,-12,0.05182846151470732,0.05182846151470732
External Clock Reference Problem,Local Cell Unusable,-11,0.03148240901856989,0.03148240901856989
External Clock Reference Problem,Local Cell Unusable,-10,0.04082000022721259,0.04082000022721259
External Clock Reference Problem,Local Cell Unusable,-9,0.050712166464274726,0.050712166464274726
External Clock Reference Problem,Local Cell Unusable,-8,0.04894301391679418,0.04894301391679418
External Clock Reference Problem,Local Cell Unusable,-7,0.04987160092905633,0.04987160092905633
External Clock Reference Problem,Local Cell Unusable,-6,0.0499237808097798,0.0499237808097798
External Clock Reference Problem,Local Cell Unusable,-5,0.0765411699242008,0.0765411699242008
External Clock Reference Problem,Local Cell Unusable,-4,0.06827262580408253,0.06827262580408253
External Clock Reference Problem,Local Cell Unusable,-3,0.07862280248466433,0.07862280248466433
External Clock Reference Problem,Local Cell Unusable,-2,0.11445225938030204,0.11445225938030204
External Clock Reference Problem,Local Cell Unusable,-1,0.10123064996197689,0.10123064996197689
External Clock Reference Problem,Local Cell Unusable,0,0.15646561757251476,0.15646561757251476
External Clock Reference Problem,Local Cell Unusable,1,0.09443135253151905,0.09443135253151905
External Clock Reference Problem,Local Cell Unusable,2,0.10393640051322647,0.10393640051322647
External Clock Reference Problem,Local Cell Unusable,3,0.08763293772026881,0.08763293772026881
External Clock Reference Problem,Local Cell Unusable,4,0.08637280619097666,0.08637280619097666
External Clock Reference Problem,Local Cell Unusable,5,0.06783064287141101,0.06783064287141101
External Clock Reference Problem,Local Cell Unusable,6,0.05731363408042837,0.05731363408042837
External Clock Reference Problem,Local Cell Unusable,7,0.054857033046561345,0.054857033046561345
External Clock Reference Problem,Local Cell Unusable,8,0.05281284128329046,0.05281284128329046
External Clock Reference Problem,Local Cell Unusable,9,0.0507128711447721,0.0507128711447721
External Clock Reference Problem,Local Cell Unusable,10,0.05091674150397236,0.05091674150397236
External Clock Reference Problem,Local Cell Unusable,11,0.03671918955026683,0.03671918955026683
External Clock Reference Problem,Local Cell Unusable,12,0.044076786473812114,0.044076786473812114
External Clock Reference Problem,Parallel Alarm Exceeds the Limit,-12,0.034942995603704397,0.034942995603704397
External Clock Reference Problem,Parallel Alarm Exceeds the Limit,-11,0.048859289699962866,0.048859289699962866
External Clock Reference Problem,Parallel Alarm Exceeds the Limit,-10,0.032138741724137866,0.032138741724137866
External Clock Reference Problem,Parallel Alarm Exceeds the Limit,-9,0.04542430035157123,0.04542430035157123
External Clock Reference Problem,Parallel Alarm Exceeds the Limit,-8,0.04985496898442074,0.04985496898442074
External Clock Reference Problem,Parallel Alarm Exceeds the Limit,-7,0.030322306576212526,0.030322306576212526
External Clock Reference Problem,Parallel Alarm Exceeds the Limit,-6,0.05432051366084736,0.05432051366084736
External Clock Reference Problem,Parallel Alarm Exceeds the Limit,-5,0.039969734467681636,0.039969734467681636
External Clock Reference Problem,Parallel Alarm Exceeds the Limit,-4,0.053166701595173935,0.053166701595173935
External Clock Reference Problem,Parallel Alarm Exceeds the Limit,-3,0.090847852711319,0.090847852711319
External Clock Reference Problem,Parallel Alarm Exceeds the Limit,-2,0.06666282110140963,0.06666282110140963
External Clock Reference Problem,Parallel Alarm Exceeds the Limit,-1,0.05848011997365473,0.05848011997365473
External Clock Reference Problem,Parallel Alarm Exceeds the Limit,0,0.11073815302471973,0.11073815302471973
External Clock Reference Problem,Parallel Alarm Exceeds the Limit,1,0.04802610047800501,0.04802610047800501
External Clock Reference Problem,Parallel Alarm Exceeds the Limit,2,0.08406011182458267,0.08406011182458267
External Clock Reference Problem,Parallel Alarm Exceeds the Limit,3,0.03578266458700002,0.03578266458700002
External Clock Reference Problem,Parallel Alarm Exceeds the Limit,4,0.045242036349263326,0.045242036349263326
External Clock Reference Problem,Parallel Alarm Exceeds the Limit,5,0.03984164742520159,0.03984164742520159
External Clock Reference Problem,Parallel Alarm Exceeds the Limit,6,0.02291881378889586,0.02291881378889586
External Clock Reference Problem,Parallel Alarm Exceeds the Limit,7,0.025148489037927726,0.025148489037927726
External Clock Reference Problem,Parallel Alarm Exceeds the Limit,8,0.045441269088032754,0.045441269088032754
External Clock Reference Problem,Parallel Alarm Exceeds the Limit,9,0.024769390466619277,0.024769390466619277
External Clock Reference Problem,Parallel Alarm Exceeds the Limit,10,0.030908457605128278,0.030908457605128278
External Clock Reference Problem,Parallel Alarm Exceeds the Limit,11,0.02202882878424289,0.02202882878424289
External Clock Reference Problem,Parallel Alarm Exceeds the Limit,12,0.05370131903621227,0.05370131903621227
External Clock Reference Problem,RF Unit RX Channel RTWP/RSSI Unbalanced,-12,0.2093296580815546,0.2093296580815546
External Clock Reference Problem,RF Unit RX Channel RTWP/RSSI Unbalanced,-11,0.21734741856688758,0.21734741856688758
External Clock Reference Problem,RF Unit RX Channel RTWP/RSSI Unbalanced,-10,0.24012274718651072,0.24012274718651072
External Clock Reference Problem,RF Unit RX Channel RTWP/RSSI Unbalanced,-9,0.2533818881669491,0.2533818881669491
External Clock Reference Problem,RF Unit RX Channel RTWP/RSSI Unbalanced,-8,0.2544817885879791,0.2544817885879791
External Clock Reference Problem,RF Unit RX Channel RTWP/RSSI Unbalanced,-7,0.27127880693816114,0.27127880693816114
External Clock Reference Problem,RF Unit RX Channel RTWP/RSSI Unbalanced,-6,0.2584987749283196,0.2584987749283196
External Clock Reference Problem,RF Unit RX Channel RTWP/RSSI Unbalanced,-5,0.25489499177256075,0.25489499177256075
External Clock Reference Problem,RF Unit RX Channel RTWP/RSSI Unbalanced,-4,0.2458973632135457,0.2458973632135457
External Clock Reference Problem,RF Unit RX Channel RTWP/RSSI Unbalanced,-3,0.2457032422011674,0.2457032422011674
External Clock Reference Problem,RF Unit RX Channel RTWP/RSSI Unbalanced,-2,0.2699440438246317,0.2699440438246317
External Clock Reference Problem,RF Unit RX Channel RTWP/RSSI Unbalanced,-1,0.28708444268405187,0.28708444268405187
External Clock Reference Problem,RF Unit RX Channel RTWP/RSSI Unbalanced,0,0.3132115817949181,0.3132115817949181
External Clock Reference Problem,RF Unit RX Channel RTWP/RSSI Unbalanced,1,0.31200649419418053,0.31200649419418053
External Clock Reference Problem,RF Unit RX Channel RTWP/RSSI Unbalanced,2,0.2958206789512062,0.2958206789512062
External Clock Reference Problem,RF Unit RX Channel RTWP/RSSI Unbalanced,3,0.3057060892068363,0.3057060892068363
External Clock Reference Problem,RF Unit RX Channel RTWP/RSSI Unbalanced,4,0.2849770611633141,0.2849770611633141
External Clock Reference Problem,RF Unit RX Channel RTWP/RSSI Unbalanced,5,0.26881163592116186,0.26881163592116186
External Clock Reference Problem,RF Unit RX Channel RTWP/RSSI Unbalanced,6,0.2542313515695106,0.2542313515695106
External Clock Reference Problem,RF Unit RX Channel RTWP/RSSI Unbalanced,7,0.2401315301903703,0.2401315301903703
External Clock Reference Problem,RF Unit RX Channel RTWP/RSSI Unbalanced,8,0.23541867270316774,0.23541867270316774
External Clock Reference Problem,RF Unit RX Channel RTWP/RSSI Unbalanced,9,0.23341788132505534,0.23341788132505534
External Clock Reference Problem,RF Unit RX Channel RTWP/RSSI Unbalanced,10,0.23059317790782274,0.23059317790782274
External Clock Reference Problem,RF Unit RX Channel RTWP/RSSI Unbalanced,11,0.22809550588209582,0.22809550588209582
External Clock Reference Problem,RF Unit RX Channel RTWP/RSSI Unbalanced,12,0.2115235249922537,0.2115235249922537
External Clock Reference Problem,RF Unit VSWR Threshold Crossed,-12,0.23762522637062733,0.23762522637062733
External Clock Reference Problem,RF Unit VSWR Threshold Crossed,-11,0.23720861999343115,0.23720861999343115
External Clock Reference Problem,RF Unit VSWR Threshold Crossed,-10,0.25173323974230943,0.25173323974230943
External Clock Reference Problem,RF Unit VSWR Threshold Crossed,-9,0.24954574068599708,0.24954574068599708
External Clock Reference Problem,RF Unit VSWR Threshold Crossed,-8,0.26233374275415255,0.26233374275415255
External Clock Reference Problem,RF Unit VSWR Threshold Crossed,-7,0.25690348833661975,0.25690348833661975
External Clock Reference Problem,RF Unit VSWR Threshold Crossed,-6,0.26696561563382615,0.26696561563382615
External Clock Reference Problem,RF Unit VSWR Threshold Crossed,-5,0.2750489572504214,0.2750489572504214
External Clock Reference Problem,RF Unit VSWR Threshold Crossed,-4,0.26933190848870936,0.26933190848870936
External Clock Reference Problem,RF Unit VSWR Threshold Crossed,-3,0.277815087326941,0.277815087326941
External Clock Reference Problem,RF Unit VSWR Threshold Crossed,-2,0.2973942079100251,0.2973942079100251
External Clock Reference Problem,RF Unit VSWR Threshold Crossed,-1,0.3122132185161798,0.3122132185161798
External Clock Reference Problem,RF Unit VSWR Threshold Crossed,0,0.3377300306448438,0.3377300306448438
External Clock Reference Problem,RF Unit VSWR Threshold Crossed,1,0.2857376157673467,0.2857376157673467
External Clock Reference Problem,RF Unit VSWR Threshold Crossed,2,0.29437428644223124,0.29437428644223124
External Clock Reference Problem,RF Unit VSWR Threshold Crossed,3,0.2907555872468506,0.2907555872468506
External Clock Reference Problem,RF Unit VSWR Threshold Crossed,4,0.2775118356949583,0.2775118356949583
External Clock Reference Problem,RF Unit VSWR Threshold Crossed,5,0.27016151283111384,0.27016151283111384
External Clock Reference Problem,RF Unit VSWR Threshold Crossed,6,0.25159175781455906,0.25159175781455906
External Clock Reference Problem,RF Unit VSWR Threshold Crossed,7,0.23543060436768995,0.23543060436768995
External Clock Reference Problem,RF Unit VSWR Threshold Crossed,8,0.25641486843414585,0.25641486843414585
External Clock Reference Problem,RF Unit VSWR Threshold Crossed,9,0.22420364341721763,0.22420364341721763
External Clock Reference Problem,RF Unit VSWR Threshold Crossed,10,0.24679936952790907,0.24679936952790907
External Clock Reference Problem,RF Unit VSWR Threshold Crossed,11,0.21551197534382524,0.21551197534382524
External Clock Reference Problem,RF Unit VSWR Threshold Crossed,12,0.2341758706961446,0.2341758706961446
External Clock Reference Problem,S1ap Link Down,-12,0.027516122674804147,0.027516122674804147
External Clock Reference Problem,S1ap Link Down,-11,0.045561606267612666,0.045561606267612666
External Clock Reference Problem,S1ap Link Down,-10,0.03151175669842541,0.03151175669842541
External Clock Reference Problem,S1ap Link Down,-9,0.04142809188554993,0.04142809188554993
External Clock Reference Problem,S1ap Link Down,-8,0.04325505543552717,0.04325505543552717
External Clock Reference Problem,S1ap Link Down,-7,0.036941644256938015,0.036941644256938015
External Clock Reference Problem,S1ap Link Down,-6,0.027753182275176407,0.027753182275176407
External Clock Reference Problem,S1ap Link Down,-5,0.042969255443499575,0.042969255443499575
External Clock Reference Problem,S1ap Link Down,-4,0.030803963120571997,0.030803963120571997
External Clock Reference Problem,S1ap Link Down,-3,0.042752062042107526,0.042752062042107526
External Clock Reference Problem,S1ap Link Down,-2,0.049383851644891424,0.049383851644891424
External Clock Reference Problem,S1ap Link Down,-1,0.0558906845818094,0.0558906845818094
External Clock Reference Problem,S1ap Link Down,0,0.08420504846625744,0.08420504846625744
External Clock Reference Problem,S1ap Link Down,1,0.05262769074584381,0.05262769074584381
External Clock Reference Problem,S1ap Link Down,2,0.046334756325018406,0.046334756325018406
External Clock Reference Problem,S1ap Link Down,3,0.052361934548248765,0.052361934548248765
External Clock Reference Problem,S1ap Link Down,4,0.05169763094098605,0.05169763094098605
External Clock Reference Problem,S1ap Link Down,5,0.03288889350164751,0.03288889350164751
External Clock Reference Problem,S1ap Link Down,6,0.033082742180032626,0.033082742180032626
External Clock Reference Problem,S1ap Link Down,7,0.03513562034429698,0.03513562034429698
External Clock Reference Problem,S1ap Link Down,8,0.025703228176588756,0.025703228176588756
External Clock Reference Problem,S1ap Link Down,9,0.022904833786369518,0.022904833786369518
External Clock Reference Problem,S1ap Link Down,10,0.026991014200510897,0.026991014200510897
External Clock Reference Problem,S1ap Link Down,11,0.026005132580997105,0.026005132580997105
External Clock Reference Problem,S1ap Link Down,12,0.029602852250770362,0.029602852250770362
External Clock Reference Problem,SCTP Link Fault,-12,0.04464196594245349,0.04464196594245349
External Clock Reference Problem,SCTP Link Fault,-11,0.044062921533843606,0.044062921533843606
External Clock Reference Problem,SCTP Link Fault,-10,0.04308147561577171,0.04308147561577171
External Clock Reference Problem,SCTP Link Fault,-9,0.05347491159499912,0.05347491159499912
External Clock Reference Problem,SCTP Link Fault,-8,0.04815870334833994,0.04815870334833994
External Clock Reference Problem,SCTP Link Fault,-7,0.04930012659060189,0.04930012659060189
External Clock Reference Problem,SCTP Link Fault,-6,0.05081742001594948,0.05081742001594948
External Clock Reference Problem,SCTP Link Fault,-5,0.056134054448395934,0.056134054448395934
External Clock Reference Problem,SCTP Link Fault,-4,0.06253498484106995,0.06253498484106995
External Clock Reference Problem,SCTP Link Fault,-3,0.06505385470280546,0.06505385470280546
External Clock Reference Problem,SCTP Link Fault,-2,0.08529676163359173,0.08529676163359173
External Clock Reference Problem,SCTP Link Fault,-1,0.08504156558598037,0.08504156558598037
External Clock Reference Problem,SCTP Link Fault,0,0.11126048270908351,0.11126048270908351
External Clock Reference Problem,SCTP Link Fault,1,0.08800230061536185,0.08800230061536185
External Clock Reference Problem,SCTP Link Fault,2,0.08459808844132435,0.08459808844132435
External Clock Reference Problem,SCTP Link Fault,3,0.06736157133977169,0.06736157133977169
External Clock Reference Problem,SCTP Link Fault,4,0.05797346284127495,0.05797346284127495
External Clock Reference Problem,SCTP Link Fault,5,0.05136484426468613,0.05136484426468613
External Clock Reference Problem,SCTP Link Fault,6,0.0551852780114522,0.0551852780114522
External Clock Reference Problem,SCTP Link Fault,7,0.041395886358336416,0.041395886358336416
External Clock Reference Problem,SCTP Link Fault,8,0.04231549878805557,0.04231549878805557
External Clock Reference Problem,SCTP Link Fault,9,0.04917876096422926,0.04917876096422926
External Clock Reference Problem,SCTP Link Fault,10,0.0471235355709135,0.0471235355709135
External Clock Reference Problem,SCTP Link Fault,11,0.04353405821556218,0.04353405821556218
External Clock Reference Problem,SCTP Link Fault,12,0.050187888062158056,0.050187888062158056
External Clock Reference Problem,SDH/SONET Tributary Excessive Slip Frames,-12,0.2177962219095094,0.2177962219095094
External Clock Reference Problem,SDH/SONET Tributary Excessive Slip Frames,-11,0.22532403807799004,0.22532403807799004
External Clock Reference Problem,SDH/SONET Tributary Excessive Slip Frames,-10,0.23093142475080636,0.23093142475080636
External Clock Reference Problem,SDH/SONET Tributary Excessive Slip Frames,-9,0.22511579817960692,0.22511579817960692
External Clock Reference Problem,SDH/SONET Tributary Excessive Slip Frames,-8,0.24386967002049606,0.24386967002049606
External Clock Reference Problem,SDH/SONET Tributary Excessive Slip Frames,-7,0.24556539915621736,0.24556539915621736
External Clock Reference Problem,SDH/SONET Tributary Excessive Slip Frames,-6,0.2376011862513868,0.2376011862513868
External Clock Reference Problem,SDH/SONET Tributary Excessive Slip Frames,-5,0.24418807888477273,0.24418807888477273
External Clock Reference Problem,SDH/SONET Tributary Excessive Slip Frames,-4,0.22707650199450194,0.22707650199450194
External Clock Reference Problem,SDH/SONET Tributary Excessive Slip Frames,-3,0.24638560772866433,0.24638560772866433
External Clock Reference Problem,SDH/SONET Tributary Excessive Slip Frames,-2,0.2551803562458495,0.2551803562458495
External Clock Reference Problem,SDH/SONET Tributary Excessive Slip Frames,-1,0.26823113923392533,0.26823113923392533
External Clock Reference Problem,SDH/SONET Tributary Excessive Slip Frames,0,0.3157433878717075,0.3157433878717075
External Clock Reference Problem,SDH/SONET Tributary Excessive Slip Frames,1,0.24401973347798092,0.24401973347798092
External Clock Reference Problem,SDH/SONET Tributary Excessive Slip Frames,2,0.2675124087139182,0.2675124087139182
External Clock Reference Problem,SDH/SONET Tributary Excessive Slip Frames,3,0.26656855224433207,0.26656855224433207
External Clock Reference Problem,SDH/SONET Tributary Excessive Slip Frames,4,0.2489512613261027,0.2489512613261027
External Clock Reference Problem,SDH/SONET Tributary Excessive Slip Frames,5,0.2573711281640686,0.2573711281640686
External Clock Reference Problem,SDH/SONET Tributary Excessive Slip Frames,6,0.24473587687264858,0.24473587687264858
External Clock Reference Problem,SDH/SONET Tributary Excessive Slip Frames,7,0.2388079626113154,0.2388079626113154
External Clock Reference Problem,SDH/SONET Tributary Excessive Slip Frames,8,0.2597522249516456,0.2597522249516456
External Clock Reference Problem,SDH/SONET Tributary Excessive Slip Frames,9,0.22666953749836952,0.22666953749836952
External Clock Reference Problem,SDH/SONET Tributary Excessive Slip Frames,10,0.2450413200600073,0.2450413200600073
External Clock Reference Problem,SDH/SONET Tributary Excessive Slip Frames,11,0.2221283112608683,0.2221283112608683
External Clock Reference Problem,SDH/SONET Tributary Excessive Slip Frames,12,0.2372988685678308,0.2372988685678308
External Clock Reference Problem,Statistical Alarm,-12,0.07235617492806998,0.07235617492806998
External Clock Reference Problem,Statistical Alarm,-11,0.05354715915837438,0.05354715915837438
External Clock Reference Problem,Statistical Alarm,-10,0.05069583967695535,0.05069583967695535
External Clock Reference Problem,Statistical Alarm,-9,0.05756084856748743,0.05756084856748743
External Clock Reference Problem,Statistical Alarm,-8,0.08707144434880014,0.08707144434880014
External Clock Reference Problem,Statistical Alarm,-7,0.07074549670470484,0.07074549670470484
External Clock Reference Problem,Statistical Alarm,-6,0.07014275015488276,0.07014275015488276
External Clock Reference Problem,Statistical Alarm,-5,0.06084298349985568,0.06084298349985568
External Clock Reference Problem,Statistical Alarm,-4,0.06284810537406069,0.06284810537406069
External Clock Reference Problem,Statistical Alarm,-3,0.07684828766326578,0.07684828766326578
External Clock Reference Problem,Statistical Alarm,-2,0.07411102430929155,0.07411102430929155
External Clock Reference Problem,Statistical Alarm,-1,0.10077074243549379,0.10077074243549379
External Clock Reference Problem,Statistical Alarm,0,0.10859333178308235,0.10859333178308235
External Clock Reference Problem,Statistical Alarm,1,0.0895367516025466,0.0895367516025466
External Clock Reference Problem,Statistical Alarm,2,0.08278928917452759,0.08278928917452759
External Clock Reference Problem,Statistical Alarm,3,0.07043720591463247,0.07043720591463247
External Clock Reference Problem,Statistical Alarm,4,0.0631734571342775,0.0631734571342775
External Clock Reference Problem,Statistical Alarm,5,0.05618291651844356,0.05618291651844356
External Clock Reference Problem,Statistical Alarm,6,0.060256688182876585,0.060256688182876585
External Clock Reference Problem,Statistical Alarm,7,0.05468941511314737,0.05468941511314737
External Clock Reference Problem,Statistical Alarm,8,0.05782547631570672,0.05782547631570672
External Clock Reference Problem,Statistical Alarm,9,0.06530351353601566,0.06530351353601566
External Clock Reference Problem,Statistical Alarm,10,0.0789882802273783,0.0789882802273783
External Clock Reference Problem,Statistical Alarm,11,0.05036775621748139,0.05036775621748139
External Clock Reference Problem,Statistical Alarm,12,0.05722176201071062,0.05722176201071062
External Clock Reference Problem,UMTS Cell MC-HSDPA Function Fault,-12,0.10728409847034595,0.10728409847034595
External Clock Reference Problem,UMTS Cell MC-HSDPA Function Fault,-11,0.10991753313325697,0.10991753313325697
External Clock Reference Problem,UMTS Cell MC-HSDPA Function Fault,-10,0.09986360253012452,0.09986360253012452
External Clock Reference Problem,UMTS Cell MC-HSDPA Function Fault,-9,0.10335920965006075,0.10335920965006075
External Clock Reference Problem,UMTS Cell MC-HSDPA Function Fault,-8,0.08609060413679996,0.08609060413679996
External Clock Reference Problem,UMTS Cell MC-HSDPA Function Fault,-7,0.08051667249452822,0.08051667249452822
External Clock Reference Problem,UMTS Cell MC-HSDPA Function Fault,-6,0.061860661042278955,0.061860661042278955
External Clock Reference Problem,UMTS Cell MC-HSDPA Function Fault,-5,0.09545872866495525,0.09545872866495525
External Clock Reference Problem,UMTS Cell MC-HSDPA Function Fault,-4,0.029983296211553285,0.029983296211553285
External Clock Reference Problem,UMTS Cell MC-HSDPA Function Fault,-3,0.05098851900732943,0.05098851900732943
External Clock Reference Problem,UMTS Cell MC-HSDPA Function Fault,-2,0.03696105856399052,0.03696105856399052
External Clock Reference Problem,UMTS Cell MC-HSDPA Function Fault,-1,0.06463819470184311,0.06463819470184311
External Clock Reference Problem,UMTS Cell MC-HSDPA Function Fault,0,0.08481523405017106,0.08481523405017106
External Clock Reference Problem,UMTS Cell MC-HSDPA Function Fault,1,0.08750990458005414,0.08750990458005414
External Clock Reference Problem,UMTS Cell MC-HSDPA Function Fault,2,0.04606481233195984,0.04606481233195984
External Clock Reference Problem,UMTS Cell MC-HSDPA Function Fault,3,0.08225290849292102,0.08225290849292102
External Clock Reference Problem,UMTS Cell MC-HSDPA Function Fault,4,0.05369599067218027,0.05369599067218027
External Clock Reference Problem,UMTS Cell MC-HSDPA Function Fault,5,0.0619119306399928,0.0619119306399928
External Clock Reference Problem,UMTS Cell MC-HSDPA Function Fault,6,0.0668254738083365,0.0668254738083365
External Clock Reference Problem,UMTS Cell MC-HSDPA Function Fault,7,0.1305077546675277,0.1305077546675277
External Clock Reference Problem,UMTS Cell MC-HSDPA Function Fault,8,0.1333598078548836,0.1333598078548836
External Clock Reference Problem,UMTS Cell MC-HSDPA Function Fault,9,0.1549602395199807,0.1549602395199807
External Clock Reference Problem,UMTS Cell MC-HSDPA Function Fault,10,0.15883610260693432,0.15883610260693432
External Clock Reference Problem,UMTS Cell MC-HSDPA Function Fault,11,0.18826369669081786,0.18826369669081786
External Clock Reference Problem,UMTS Cell MC-HSDPA Function Fault,12,0.1196550819976634,0.1196550819976634
External Clock Reference Problem,UMTS Cell Unavailable,-12,0.07519454885359683,0.07519454885359683
External Clock Reference Problem,UMTS Cell Unavailable,-11,0.08048260266191785,0.08048260266191785
External Clock Reference Problem,UMTS Cell Unavailable,-10,0.07753475618788803,0.07753475618788803
External Clock Reference Problem,UMTS Cell Unavailable,-9,0.08005392942420983,0.08005392942420983
External Clock Reference Problem,UMTS Cell Unavailable,-8,0.09210485748314715,0.09210485748314715
External Clock Reference Problem,UMTS Cell Unavailable,-7,0.07406822596446655,0.07406822596446655
External Clock Reference Problem,UMTS Cell Unavailable,-6,0.07029043250126156,0.07029043250126156
External Clock Reference Problem,UMTS Cell Unavailable,-5,0.07620691094138865,0.07620691094138865
External Clock Reference Problem,UMTS Cell Unavailable,-4,0.07825399635857538,0.07825399635857538
External Clock Reference Problem,UMTS Cell Unavailable,-3,0.08612253656051298,0.08612253656051298
External Clock Reference Problem,UMTS Cell Unavailable,-2,0.11168322179901254,0.11168322179901254
External Clock Reference Problem,UMTS Cell Unavailable,-1,0.10851974042765308,0.10851974042765308
External Clock Reference Problem,UMTS Cell Unavailable,0,0.19513833997992255,0.19513833997992255
External Clock Reference Problem,UMTS Cell Unavailable,1,0.11637043980057589,0.11637043980057589
External Clock Reference Problem,UMTS Cell Unavailable,2,0.14373079995621799,0.14373079995621799
External Clock Reference Problem,UMTS Cell Unavailable,3,0.10208484633935704,0.10208484633935704
External Clock Reference Problem,UMTS Cell Unavailable,4,0.10378876952868535,0.10378876952868535
External Clock Reference Problem,UMTS Cell Unavailable,5,0.08169182408933219,0.08169182408933219
External Clock Reference Problem,UMTS Cell Unavailable,6,0.07215336483195593,0.07215336483195593
External Clock Reference Problem,UMTS Cell Unavailable,7,0.07442701420704453,0.07442701420704453
External Clock Reference Problem,UMTS Cell Unavailable,8,0.06865821675170333,0.06865821675170333
External Clock Reference Problem,UMTS Cell Unavailable,9,0.0612892514271895,0.0612892514271895
External Clock Reference Problem,UMTS Cell Unavailable,10,0.07627537610367684,0.07627537610367684
External Clock Reference Problem,UMTS Cell Unavailable,11,0.0541057987531814,0.0541057987531814
External Clock Reference Problem,UMTS Cell Unavailable,12,0.09270092384475523,0.09270092384475523
External Clock Reference Problem,User Plane Fault,-12,0.1489355244242795,0.1489355244242795
External Clock Reference Problem,User Plane Fault,-11,0.15838703497202056,0.15838703497202056
External Clock Reference Problem,User Plane Fault,-10,0.1579251094066524,0.1579251094066524
External Clock Reference Problem,User Plane Fault,-9,0.15428592023971058,0.15428592023971058
External Clock Reference Problem,User Plane Fault,-8,0.17063246425499096,0.17063246425499096
External Clock Reference Problem,User Plane Fault,-7,0.15612448376094915,0.15612448376094915
External Clock Reference Problem,User Plane Fault,-6,0.14415051758940348,0.14415051758940348
External Clock Reference Problem,User Plane Fault,-5,0.16605458040214482,0.16605458040214482
External Clock Reference Problem,User Plane Fault,-4,0.17003468376308503,0.17003468376308503
External Clock Reference Problem,User Plane Fault,-3,0.20248799108507032,0.20248799108507032
External Clock Reference Problem,User Plane Fault,-2,0.20660908843516165,0.20660908843516165
External Clock Reference Problem,User Plane Fault,-1,0.21423286982731454,0.21423286982731454
External Clock Reference Problem,User Plane Fault,0,0.2806220751530297,0.2806220751530297
External Clock Reference Problem,User Plane Fault,1,0.22371695828181332,0.22371695828181332
External Clock Reference Problem,User Plane Fault,2,0.23530779783061156,0.23530779783061156
External Clock Reference Problem,User Plane Fault,3,0.19045063277833843,0.19045063277833843
External Clock Reference Problem,User Plane Fault,4,0.17978965890269963,0.17978965890269963
External Clock Reference Problem,User Plane Fault,5,0.1748441641174758,0.1748441641174758
External Clock Reference Problem,User Plane Fault,6,0.15753559579127788,0.15753559579127788
External Clock Reference Problem,User Plane Fault,7,0.1510269323923166,0.1510269323923166
External Clock Reference Problem,User Plane Fault,8,0.15687162256705656,0.15687162256705656
External Clock Reference Problem,User Plane Fault,9,0.13551304611163514,0.13551304611163514
External Clock Reference Problem,User Plane Fault,10,0.15216941845104962,0.15216941845104962
External Clock Reference Problem,User Plane Fault,11,0.11656676854689385,0.11656676854689385
External Clock Reference Problem,User Plane Fault,12,0.14071044439779587,0.14071044439779587
External Clock Reference Problem,X2 Interface Fault,-12,0.14673571994594312,0.14673571994594312
External Clock Reference Problem,X2 Interface Fault,-11,0.13867065485174934,0.13867065485174934
External Clock Reference Problem,X2 Interface Fault,-10,0.13727982119359985,0.13727982119359985
External Clock Reference Problem,X2 Interface Fault,-9,0.13753602814030638,0.13753602814030638
External Clock Reference Problem,X2 Interface Fault,-8,0.15922997833731464,0.15922997833731464
External Clock Reference Problem,X2 Interface Fault,-7,0.15107939986076024,0.15107939986076024
External Clock Reference Problem,X2 Interface Fault,-6,0.14226686618834103,0.14226686618834103
External Clock Reference Problem,X2 Interface Fault,-5,0.1802813200361412,0.1802813200361412
External Clock Reference Problem,X2 Interface Fault,-4,0.17690975714249543,0.17690975714249543
External Clock Reference Problem,X2 Interface Fault,-3,0.20243060066697657,0.20243060066697657
External Clock Reference Problem,X2 Interface Fault,-2,0.21636974687423322,0.21636974687423322
External Clock Reference Problem,X2 Interface Fault,-1,0.22029259908667262,0.22029259908667262
External Clock Reference Problem,X2 Interface Fault,0,0.2964550461536766,0.2964550461536766
External Clock Reference Problem,X2 Interface Fault,1,0.2408566836690422,0.2408566836690422
External Clock Reference Problem,X2 Interface Fault,2,0.24686060137422491,0.24686060137422491
External Clock Reference Problem,X2 Interface Fault,3,0.19866869565760273,0.19866869565760273
External Clock Reference Problem,X2 Interface Fault,4,0.19778053622506267,0.19778053622506267
External Clock Reference Problem,X2 Interface Fault,5,0.16590257483244358,0.16590257483244358
External Clock Reference Problem,X2 Interface Fault,6,0.14466967089726873,0.14466967089726873
External Clock Reference Problem,X2 Interface Fault,7,0.13549088943471232,0.13549088943471232
External Clock Reference Problem,X2 Interface Fault,8,0.1470411660730364,0.1470411660730364
External Clock Reference Problem,X2 Interface Fault,9,0.1278985184574859,0.1278985184574859
External Clock Reference Problem,X2 Interface Fault,10,0.14176414313740707,0.14176414313740707
External Clock Reference Problem,X2 Interface Fault,11,0.11926478150128099,0.11926478150128099
External Clock Reference Problem,X2 Interface Fault,12,0.1390265753870258,0.1390265753870258
GSM Cell out of Service,GTPC Tunnel Path Broken,-12,0.06045719996116345,0.06045719996116345
GSM Cell out of Service,GTPC Tunnel Path Broken,-11,0.06310228119835867,0.06310228119835867
GSM Cell out of Service,GTPC Tunnel Path Broken,-10,0.0672455930819992,0.0672455930819992
GSM Cell out of Service,GTPC Tunnel Path Broken,-9,0.07644141074850551,0.07644141074850551
GSM Cell out of Service,GTPC Tunnel Path Broken,-8,0.07320612643494613,0.07320612643494613
GSM Cell out of Service,GTPC Tunnel Path Broken,-7,0.07336307588375028,0.07336307588375028
GSM Cell out of Service,GTPC Tunnel Path Broken,-6,0.08109188010913615,0.08109188010913615
GSM Cell out of Service,GTPC Tunnel Path Broken,-5,0.08400730540402476,0.08400730540402476
GSM Cell out of Service,GTPC Tunnel Path Broken,-4,0.07324632742932567,0.07324632742932567
GSM Cell out of Service,GTPC Tunnel Path Broken,-3,0.08954583962812254,0.08954583962812254
GSM Cell out of Service,GTPC Tunnel Path Broken,-2,0.08903779268092184,0.08903779268092184
GSM Cell out of Service,GTPC Tunnel Path Broken,-1,0.08483321138862437,0.08483321138862437
GSM Cell out of Service,GTPC Tunnel Path Broken,0,0.10332483323070055,0.10332483323070055
GSM Cell out of Service,GTPC Tunnel Path Broken,1,0.07744030956112273,0.07744030956112273
GSM Cell out of Service,GTPC Tunnel Path Broken,2,0.08079430490124591,0.08079430490124591
GSM Cell out of Service,GTPC Tunnel Path Broken,3,0.08211034495536373,0.08211034495536373
GSM Cell out of Service,GTPC Tunnel Path Broken,4,0.06607274212135572,0.06607274212135572
GSM Cell out of Service,GTPC Tunnel Path Broken,5,0.06755072863875752,0.06755072863875752
GSM Cell out of Service,GTPC Tunnel Path Broken,6,0.059135524007235755,0.059135524007235755
GSM Cell out of Service,GTPC Tunnel Path Broken,7,0.06793997391507706,0.06793997391507706
GSM Cell out of Service,GTPC Tunnel Path Broken,8,0.05130139080593553,0.05130139080593553
GSM Cell out of Service,GTPC Tunnel Path Broken,9,0.05487338643684498,0.05487338643684498
GSM Cell out of Service,GTPC Tunnel Path Broken,10,0.09899766888192096,0.09899766888192096
GSM Cell out of Service,GTPC Tunnel Path Broken,11,0.056445918847143804,0.056445918847143804
GSM Cell out of Service,GTPC Tunnel Path Broken,12,0.0637946843904525,0.0637946843904525
GSM Cell out of Service,High Temperature (35Â°),-12,0.08581196809567435,0.08581196809567435
GSM Cell out of Service,High Temperature (35Â°),-11,0.07597541344058932,0.07597541344058932
GSM Cell out of Service,High Temperature (35Â°),-10,0.09498170315225528,0.09498170315225528
GSM Cell out of Service,High Temperature (35Â°),-9,0.08986976111125165,0.08986976111125165
GSM Cell out of Service,High Temperature (35Â°),-8,0.110846578140367,0.110846578140367
GSM Cell out of Service,High Temperature (35Â°),-7,0.10522957760923643,0.10522957760923643
GSM Cell out of Service,High Temperature (35Â°),-6,0.10605515891355369,0.10605515891355369
GSM Cell out of Service,High Temperature (35Â°),-5,0.13733640249878226,0.13733640249878226
GSM Cell out of Service,High Temperature (35Â°),-4,0.12557402844760499,0.12557402844760499
GSM Cell out of Service,High Temperature (35Â°),-3,0.17319586912972454,0.17319586912972454
GSM Cell out of Service,High Temperature (35Â°),-2,0.1614099577242026,0.1614099577242026
GSM Cell out of Service,High Temperature (35Â°),-1,0.15927515721308202,0.15927515721308202
GSM Cell out of Service,High Temperature (35Â°),0,0.2695149770405326,0.2695149770405326
GSM Cell out of Service,High Temperature (35Â°),1,0.16658489436810378,0.16658489436810378
GSM Cell out of Service,High Temperature (35Â°),2,0.1798935766495106,0.1798935766495106
GSM Cell out of Service,High Temperature (35Â°),3,0.1674356355598068,0.1674356355598068
GSM Cell out of Service,High Temperature (35Â°),4,0.13693980879935702,0.13693980879935702
GSM Cell out of Service,High Temperature (35Â°),5,0.14466932367899257,0.14466932367899257
GSM Cell out of Service,High Temperature (35Â°),6,0.1147775727171467,0.1147775727171467
GSM Cell out of Service,High Temperature (35Â°),7,0.11116796783104238,0.11116796783104238
GSM Cell out of Service,High Temperature (35Â°),8,0.10088788845251236,0.10088788845251236
GSM Cell out of Service,High Temperature (35Â°),9,0.08841006870201777,0.08841006870201777
GSM Cell out of Service,High Temperature (35Â°),10,0.0895044465760776,0.0895044465760776
GSM Cell out of Service,High Temperature (35Â°),11,0.0732767307545135,0.0732767307545135
GSM Cell out of Service,High Temperature (35Â°),12,0.07841548867059764,0.07841548867059764
GSM Cell out of Service,IP PM Activation Failure,-12,0.005864444941001719,0.005864444941001719
GSM Cell out of Service,IP PM Activation Failure,-11,0.006210277364357409,0.006210277364357409
GSM Cell out of Service,IP PM Activation Failure,-10,0.005708898228465998,0.005708898228465998
GSM Cell out of Service,IP PM Activation Failure,-9,-0.0029488757307736323,0.0029488757307736323
GSM Cell out of Service,IP PM Activation Failure,-8,0.0042333154006760736,0.0042333154006760736
GSM Cell out of Service,IP PM Activation Failure,-7,0.0006440379622338946,0.0006440379622338946
GSM Cell out of Service,IP PM Activation Failure,-6,0.007526100247995034,0.007526100247995034
GSM Cell out of Service,IP PM Activation Failure,-5,0.0062390826537359724,0.0062390826537359724
GSM Cell out of Service,IP PM Activation Failure,-4,0.014882655899712658,0.014882655899712658
GSM Cell out of Service,IP PM Activation Failure,-3,0.00943982561910219,0.00943982561910219
GSM Cell out of Service,IP PM Activation Failure,-2,0.03715008589708203,0.03715008589708203
GSM Cell out of Service,IP PM Activation Failure,-1,0.05173240026603625,0.05173240026603625
GSM Cell out of Service,IP PM Activation Failure,0,0.05648835420636051,0.05648835420636051
GSM Cell out of Service,IP PM Activation Failure,1,0.019306865127530805,0.019306865127530805
GSM Cell out of Service,IP PM Activation Failure,2,0.03182159139885945,0.03182159139885945
GSM Cell out of Service,IP PM Activation Failure,3,0.004460646031925566,0.004460646031925566
GSM Cell out of Service,IP PM Activation Failure,4,0.007469546969219519,0.007469546969219519
GSM Cell out of Service,IP PM Activation Failure,5,0.005136037744432918,0.005136037744432918
GSM Cell out of Service,IP PM Activation Failure,6,-0.0033234404368903347,0.0033234404368903347
GSM Cell out of Service,IP PM Activation Failure,7,-0.0024379272337055665,0.0024379272337055665
GSM Cell out of Service,IP PM Activation Failure,8,-0.005199415135925906,0.005199415135925906
GSM Cell out of Service,IP PM Activation Failure,9,0.0034416918257444123,0.0034416918257444123
GSM Cell out of Service,IP PM Activation Failure,10,0.016469101504711082,0.016469101504711082
GSM Cell out of Service,IP PM Activation Failure,11,0.009312761131612822,0.009312761131612822
GSM Cell out of Service,IP PM Activation Failure,12,0.04664669006086152,0.04664669006086152
GSM Cell out of Service,Local Cell Unusable,-12,0.05273023252432874,0.05273023252432874
GSM Cell out of Service,Local Cell Unusable,-11,0.029970987814512677,0.029970987814512677
GSM Cell out of Service,Local Cell Unusable,-10,0.04553389755527646,0.04553389755527646
GSM Cell out of Service,Local Cell Unusable,-9,0.044487937423604164,0.044487937423604164
GSM Cell out of Service,Local Cell Unusable,-8,0.0489583772913626,0.0489583772913626
GSM Cell out of Service,Local Cell Unusable,-7,0.05946676865288022,0.05946676865288022
GSM Cell out of Service,Local Cell Unusable,-6,0.06515769213904586,0.06515769213904586
GSM Cell out of Service,Local Cell Unusable,-5,0.08603421036501845,0.08603421036501845
GSM Cell out of Service,Local Cell Unusable,-4,0.09865704304654987,0.09865704304654987
GSM Cell out of Service,Local Cell Unusable,-3,0.11409132168513592,0.11409132168513592
GSM Cell out of Service,Local Cell Unusable,-2,0.1295429784289024,0.1295429784289024
GSM Cell out of Service,Local Cell Unusable,-1,0.11875075490417644,0.11875075490417644
GSM Cell out of Service,Local Cell Unusable,0,0.18513456399242745,0.18513456399242745
GSM Cell out of Service,Local Cell Unusable,1,0.12129802858738371,0.12129802858738371
GSM Cell out of Service,Local Cell Unusable,2,0.10779403399992644,0.10779403399992644
GSM Cell out of Service,Local Cell Unusable,3,0.09737772393976392,0.09737772393976392
GSM Cell out of Service,Local Cell Unusable,4,0.06906592003462342,0.06906592003462342
GSM Cell out of Service,Local Cell Unusable,5,0.07127873198279379,0.07127873198279379
GSM Cell out of Service,Local Cell Unusable,6,0.06929802497799628,0.06929802497799628
GSM Cell out of Service,Local Cell Unusable,7,0.06888974218950544,0.06888974218950544
GSM Cell out of Service,Local Cell Unusable,8,0.04128976553684434,0.04128976553684434
GSM Cell out of Service,Local Cell Unusable,9,0.05675407827660855,0.05675407827660855
GSM Cell out of Service,Local Cell Unusable,10,0.035609123369691055,0.035609123369691055
GSM Cell out of Service,Local Cell Unusable,11,0.04399665453055514,0.04399665453055514
GSM Cell out of Service,Local Cell Unusable,12,0.03313994941390121,0.03313994941390121
GSM Cell out of Service,Parallel Alarm Exceeds the Limit,-12,0.027203028614144947,0.027203028614144947
GSM Cell out of Service,Parallel Alarm Exceeds the Limit,-11,0.012020463215675582,0.012020463215675582
GSM Cell out of Service,Parallel Alarm Exceeds the Limit,-10,0.0196649989213622,0.0196649989213622
GSM Cell out of Service,Parallel Alarm Exceeds the Limit,-9,0.01820212587453453,0.01820212587453453
GSM Cell out of Service,Parallel Alarm Exceeds the Limit,-8,0.020003980410536873,0.020003980410536873
GSM Cell out of Service,Parallel Alarm Exceeds the Limit,-7,0.03015409470990266,0.03015409470990266
GSM Cell out of Service,Parallel Alarm Exceeds the Limit,-6,0.03153754732502583,0.03153754732502583
GSM Cell out of Service,Parallel Alarm Exceeds the Limit,-5,0.051948907448013934,0.051948907448013934
GSM Cell out of Service,Parallel Alarm Exceeds the Limit,-4,0.06480330368348579,0.06480330368348579
GSM Cell out of Service,Parallel Alarm Exceeds the Limit,-3,0.05632796762107665,0.05632796762107665
GSM Cell out of Service,Parallel Alarm Exceeds the Limit,-2,0.05883199920525929,0.05883199920525929
GSM Cell out of Service,Parallel Alarm Exceeds the Limit,-1,0.06406857668968832,0.06406857668968832
GSM Cell out of Service,Parallel Alarm Exceeds the Limit,0,0.4262113546385814,0.4262113546385814
GSM Cell out of Service,Parallel Alarm Exceeds the Limit,1,0.046568937707424804,0.046568937707424804
GSM Cell out of Service,Parallel Alarm Exceeds the Limit,2,0.03400953213814276,0.03400953213814276
GSM Cell out of Service,Parallel Alarm Exceeds the Limit,3,0.04550255568878855,0.04550255568878855
GSM Cell out of Service,Parallel Alarm Exceeds the Limit,4,0.024368259065779795,0.024368259065779795
GSM Cell out of Service,Parallel Alarm Exceeds the Limit,5,0.031906524621351934,0.031906524621351934
GSM Cell out of Service,Parallel Alarm Exceeds the Limit,6,0.03390822377884336,0.03390822377884336
GSM Cell out of Service,Parallel Alarm Exceeds the Limit,7,0.017013522390887416,0.017013522390887416
GSM Cell out of Service,Parallel Alarm Exceeds the Limit,8,0.027747958213514147,0.027747958213514147
GSM Cell out of Service,Parallel Alarm Exceeds the Limit,9,0.023159125477532228,0.023159125477532228
GSM Cell out of Service,Parallel Alarm Exceeds the Limit,10,0.029332677784241715,0.029332677784241715
GSM Cell out of Service,Parallel Alarm Exceeds the Limit,11,0.0322076517604512,0.0322076517604512
GSM Cell out of Service,Parallel Alarm Exceeds the Limit,12,0.01779331475282907,0.01779331475282907
GSM Cell out of Service,RF Unit RX Channel RTWP/RSSI Unbalanced,-12,0.141581757811038,0.141581757811038
GSM Cell out of Service,RF Unit RX Channel RTWP/RSSI Unbalanced,-11,0.16461071147043818,0.16461071147043818
GSM Cell out of Service,RF Unit RX Channel RTWP/RSSI Unbalanced,-10,0.1902880788428314,0.1902880788428314
GSM Cell out of Service,RF Unit RX Channel RTWP/RSSI Unbalanced,-9,0.191753118643139,0.191753118643139
GSM Cell out of Service,RF Unit RX Channel RTWP/RSSI Unbalanced,-8,0.18756824907740635,0.18756824907740635
GSM Cell out of Service,RF Unit RX Channel RTWP/RSSI Unbalanced,-7,0.18353956168166294,0.18353956168166294
GSM Cell out of Service,RF Unit RX Channel RTWP/RSSI Unbalanced,-6,0.18491368113469253,0.18491368113469253
GSM Cell out of Service,RF Unit RX Channel RTWP/RSSI Unbalanced,-5,0.17420023193403472,0.17420023193403472
GSM Cell out of Service,RF Unit RX Channel RTWP/RSSI Unbalanced,-4,0.1701810876647005,0.1701810876647005
GSM Cell out of Service,RF Unit RX Channel RTWP/RSSI Unbalanced,-3,0.18048111560805674,0.18048111560805674
GSM Cell out of Service,RF Unit RX Channel RTWP/RSSI Unbalanced,-2,0.19211509716520062,0.19211509716520062
GSM Cell out of Service,RF Unit RX Channel RTWP/RSSI Unbalanced,-1,0.2081508177505594,0.2081508177505594
GSM Cell out of Service,RF Unit RX Channel RTWP/RSSI Unbalanced,0,0.2561274660930478,0.2561274660930478
GSM Cell out of Service,RF Unit RX Channel RTWP/RSSI Unbalanced,1,0.23673338144629358,0.23673338144629358
GSM Cell out of Service,RF Unit RX Channel RTWP/RSSI Unbalanced,2,0.2258627192794734,0.2258627192794734
GSM Cell out of Service,RF Unit RX Channel RTWP/RSSI Unbalanced,3,0.23760600685323682,0.23760600685323682
GSM Cell out of Service,RF Unit RX Channel RTWP/RSSI Unbalanced,4,0.2192992717012322,0.2192992717012322
GSM Cell out of Service,RF Unit RX Channel RTWP/RSSI Unbalanced,5,0.20274648707515228,0.20274648707515228
GSM Cell out of Service,RF Unit RX Channel RTWP/RSSI Unbalanced,6,0.18128520752855598,0.18128520752855598
GSM Cell out of Service,RF Unit RX Channel RTWP/RSSI Unbalanced,7,0.17299188184954445,0.17299188184954445
GSM Cell out of Service,RF Unit RX Channel RTWP/RSSI Unbalanced,8,0.1634024886946745,0.1634024886946745
GSM Cell out of Service,RF Unit RX Channel RTWP/RSSI Unbalanced,9,0.1378328176381016,0.1378328176381016
GSM Cell out of Service,RF Unit RX Channel RTWP/RSSI Unbalanced,10,0.1430790482217174,0.1430790482217174
GSM Cell out of Service,RF Unit RX Channel RTWP/RSSI Unbalanced,11,0.13907485954839147,0.13907485954839147
GSM Cell out of Service,RF Unit RX Channel RTWP/RSSI Unbalanced,12,0.14408333700678164,0.14408333700678164
GSM Cell out of Service,RF Unit VSWR Threshold Crossed,-12,0.13459579017304865,0.13459579017304865
GSM Cell out of Service,RF Unit VSWR Threshold Crossed,-11,0.13400406436429005,0.13400406436429005
GSM Cell out of Service,RF Unit VSWR Threshold Crossed,-10,0.15241966877590643,0.15241966877590643
GSM Cell out of Service,RF Unit VSWR Threshold Crossed,-9,0.13104417804291585,0.13104417804291585
GSM Cell out of Service,RF Unit VSWR Threshold Crossed,-8,0.14600250588932479,0.14600250588932479
GSM Cell out of Service,RF Unit VSWR Threshold Crossed,-7,0.14804963158491624,0.14804963158491624
GSM Cell out of Service,RF Unit VSWR Threshold Crossed,-6,0.14368139180145256,0.14368139180145256
GSM Cell out of Service,RF Unit VSWR Threshold Crossed,-5,0.17021199440900936,0.17021199440900936
GSM Cell out of Service,RF Unit VSWR Threshold Crossed,-4,0.16334538621008823,0.16334538621008823
GSM Cell out of Service,RF Unit VSWR Threshold Crossed,-3,0.211090185941346,0.211090185941346
GSM Cell out of Service,RF Unit VSWR Threshold Crossed,-2,0.2004492371679269,0.2004492371679269
GSM Cell out of Service,RF Unit VSWR Threshold Crossed,-1,0.191125361796248,0.191125361796248
GSM Cell out of Service,RF Unit VSWR Threshold Crossed,0,0.3112910198637713,0.3112910198637713
GSM Cell out of Service,RF Unit VSWR Threshold Crossed,1,0.1860282468247151,0.1860282468247151
GSM Cell out of Service,RF Unit VSWR Threshold Crossed,2,0.21042640970296747,0.21042640970296747
GSM Cell out of Service,RF Unit VSWR Threshold Crossed,3,0.18117670207581502,0.18117670207581502
GSM Cell out of Service,RF Unit VSWR Threshold Crossed,4,0.1498742677337127,0.1498742677337127
GSM Cell out of Service,RF Unit VSWR Threshold Crossed,5,0.15062348419588786,0.15062348419588786
GSM Cell out of Service,RF Unit VSWR Threshold Crossed,6,0.13605009539179044,0.13605009539179044
GSM Cell out of Service,RF Unit VSWR Threshold Crossed,7,0.13831894424064006,0.13831894424064006
GSM Cell out of Service,RF Unit VSWR Threshold Crossed,8,0.12618627875646538,0.12618627875646538
GSM Cell out of Service,RF Unit VSWR Threshold Crossed,9,0.12777082184605307,0.12777082184605307
GSM Cell out of Service,RF Unit VSWR Threshold Crossed,10,0.12704699087848684,0.12704699087848684
GSM Cell out of Service,RF Unit VSWR Threshold Crossed,11,0.1227269142193351,0.1227269142193351
GSM Cell out of Service,RF Unit VSWR Threshold Crossed,12,0.1302065074520767,0.1302065074520767
GSM Cell out of Service,S1ap Link Down,-12,0.019705960446756852,0.019705960446756852
GSM Cell out of Service,S1ap Link Down,-11,0.021704729892361226,0.021704729892361226
GSM Cell out of Service,S1ap Link Down,-10,0.033461348218923416,0.033461348218923416
GSM Cell out of Service,S1ap Link Down,-9,0.019290342692652184,0.019290342692652184
GSM Cell out of Service,S1ap Link Down,-8,0.021177894092623085,0.021177894092623085
GSM Cell out of Service,S1ap Link Down,-7,0.022242160924046052,0.022242160924046052
GSM Cell out of Service,S1ap Link Down,-6,0.019016146317105735,0.019016146317105735
GSM Cell out of Service,S1ap Link Down,-5,0.036892293993399154,0.036892293993399154
GSM Cell out of Service,S1ap Link Down,-4,0.027219476419042255,0.027219476419042255
GSM Cell out of Service,S1ap Link Down,-3,0.04364711705845445,0.04364711705845445
GSM Cell out of Service,S1ap Link Down,-2,0.048635609903769486,0.048635609903769486
GSM Cell out of Service,S1ap Link Down,-1,0.058926255497422156,0.058926255497422156
GSM Cell out of Service,S1ap Link Down,0,0.293227633095149,0.293227633095149
GSM Cell out of Service,S1ap Link Down,1,0.05122081720640668,0.05122081720640668
GSM Cell out of Service,S1ap Link Down,2,0.04988912094895549,0.04988912094895549
GSM Cell out of Service,S1ap Link Down,3,0.04297831537465825,0.04297831537465825
GSM Cell out of Service,S1ap Link Down,4,0.032787104229086574,0.032787104229086574
GSM Cell out of Service,S1ap Link Down,5,0.029580781883797376,0.029580781883797376
GSM Cell out of Service,S1ap Link Down,6,0.02478115312376905,0.02478115312376905
GSM Cell out of Service,S1ap Link Down,7,0.02315732938566102,0.02315732938566102
GSM Cell out of Service,S1ap Link Down,8,0.023020415794677986,0.023020415794677986
GSM Cell out of Service,S1ap Link Down,9,0.0231018795591826,0.0231018795591826
GSM Cell out of Service,S1ap Link Down,10,0.026297392689278453,0.026297392689278453
GSM Cell out of Service,S1ap Link Down,11,0.026875578051297033,0.026875578051297033
GSM Cell out of Service,S1ap Link Down,12,0.03154784029517397,0.03154784029517397
GSM Cell out of Service,SCTP Link Fault,-12,0.036653111630290496,0.036653111630290496
GSM Cell out of Service,SCTP Link Fault,-11,0.03626353418550159,0.03626353418550159
GSM Cell out of Service,SCTP Link Fault,-10,0.03155482867232531,0.03155482867232531
GSM Cell out of Service,SCTP Link Fault,-9,0.0338887521600992,0.0338887521600992
GSM Cell out of Service,SCTP Link Fault,-8,0.0323973577511456,0.0323973577511456
GSM Cell out of Service,SCTP Link Fault,-7,0.03302669588798519,0.03302669588798519
GSM Cell out of Service,SCTP Link Fault,-6,0.034994164302673776,0.034994164302673776
GSM Cell out of Service,SCTP Link Fault,-5,0.04657587566928386,0.04657587566928386
GSM Cell out of Service,SCTP Link Fault,-4,0.057916489702703904,0.057916489702703904
GSM Cell out of Service,SCTP Link Fault,-3,0.0807175071853148,0.0807175071853148
GSM Cell out of Service,SCTP Link Fault,-2,0.07696164225322924,0.07696164225322924
GSM Cell out of Service,SCTP Link Fault,-1,0.08244485613899434,0.08244485613899434
GSM Cell out of Service,SCTP Link Fault,0,0.23863541819829437,0.23863541819829437
GSM Cell out of Service,SCTP Link Fault,1,0.07562165775455454,0.07562165775455454
GSM Cell out of Service,SCTP Link Fault,2,0.07236938480839891,0.07236938480839891
GSM Cell out of Service,SCTP Link Fault,3,0.067011185203134,0.067011185203134
GSM Cell out of Service,SCTP Link Fault,4,0.04431366798237883,0.04431366798237883
GSM Cell out of Service,SCTP Link Fault,5,0.047580765350071226,0.047580765350071226
GSM Cell out of Service,SCTP Link Fault,6,0.04311610667057644,0.04311610667057644
GSM Cell out of Service,SCTP Link Fault,7,0.03568265514730846,0.03568265514730846
GSM Cell out of Service,SCTP Link Fault,8,0.029316502222574037,0.029316502222574037
GSM Cell out of Service,SCTP Link Fault,9,0.035877403707440664,0.035877403707440664
GSM Cell out of Service,SCTP Link Fault,10,0.04094159605761906,0.04094159605761906
GSM Cell out of Service,SCTP Link Fault,11,0.04135469414340607,0.04135469414340607
GSM Cell out of Service,SCTP Link Fault,12,0.03626191611454366,0.03626191611454366
GSM Cell out of Service,SDH/SONET Tributary Excessive Slip Frames,-12,0.13931086106974636,0.13931086106974636
GSM Cell out of Service,SDH/SONET Tributary Excessive Slip Frames,-11,0.13706585151023284,0.13706585151023284
GSM Cell out of Service,SDH/SONET Tributary Excessive Slip Frames,-10,0.15266252940794967,0.15266252940794967
GSM Cell out of Service,SDH/SONET Tributary Excessive Slip Frames,-9,0.13085375788413145,0.13085375788413145
GSM Cell out of Service,SDH/SONET Tributary Excessive Slip Frames,-8,0.14800241471521747,0.14800241471521747
GSM Cell out of Service,SDH/SONET Tributary Excessive Slip Frames,-7,0.1487405099136403,0.1487405099136403
GSM Cell out of Service,SDH/SONET Tributary Excessive Slip Frames,-6,0.1325385694266378,0.1325385694266378
GSM Cell out of Service,SDH/SONET Tributary Excessive Slip Frames,-5,0.16997368896138315,0.16997368896138315
GSM Cell out of Service,SDH/SONET Tributary Excessive Slip Frames,-4,0.1537872736665624,0.1537872736665624
GSM Cell out of Service,SDH/SONET Tributary Excessive Slip Frames,-3,0.18696540651678217,0.18696540651678217
GSM Cell out of Service,SDH/SONET Tributary Excessive Slip Frames,-2,0.1621187582588207,0.1621187582588207
GSM Cell out of Service,SDH/SONET Tributary Excessive Slip Frames,-1,0.1539413305615141,0.1539413305615141
GSM Cell out of Service,SDH/SONET Tributary Excessive Slip Frames,0,0.3405573502165726,0.3405573502165726
GSM Cell out of Service,SDH/SONET Tributary Excessive Slip Frames,1,0.13719002783802975,0.13719002783802975
GSM Cell out of Service,SDH/SONET Tributary Excessive Slip Frames,2,0.1783711474881678,0.1783711474881678
GSM Cell out of Service,SDH/SONET Tributary Excessive Slip Frames,3,0.16934011791512354,0.16934011791512354
GSM Cell out of Service,SDH/SONET Tributary Excessive Slip Frames,4,0.1409742232492057,0.1409742232492057
GSM Cell out of Service,SDH/SONET Tributary Excessive Slip Frames,5,0.1683267207077083,0.1683267207077083
GSM Cell out of Service,SDH/SONET Tributary Excessive Slip Frames,6,0.14233854521032557,0.14233854521032557
GSM Cell out of Service,SDH/SONET Tributary Excessive Slip Frames,7,0.15825533971302,0.15825533971302
GSM Cell out of Service,SDH/SONET Tributary Excessive Slip Frames,8,0.13864806506217014,0.13864806506217014
GSM Cell out of Service,SDH/SONET Tributary Excessive Slip Frames,9,0.14234968984009022,0.14234968984009022
GSM Cell out of Service,SDH/SONET Tributary Excessive Slip Frames,10,0.15592796019398744,0.15592796019398744
GSM Cell out of Service,SDH/SONET Tributary Excessive Slip Frames,11,0.12919241549151636,0.12919241549151636
GSM Cell out of Service,SDH/SONET Tributary Excessive Slip Frames,12,0.14058840686913363,0.14058840686913363
GSM Cell out of Service,Statistical Alarm,-12,0.06356155698349639,0.06356155698349639
GSM Cell out of Service,Statistical Alarm,-11,0.03162261549347688,0.03162261549347688
GSM Cell out of Service,Statistical Alarm,-10,0.05355944295396643,0.05355944295396643
GSM Cell out of Service,Statistical Alarm,-9,0.031941079311734524,0.031941079311734524
GSM Cell out of Service,Statistical Alarm,-8,0.04815801432561586,0.04815801432561586
GSM Cell out of Service,Statistical Alarm,-7,0.04103217599415845,0.04103217599415845
GSM Cell out of Service,Statistical Alarm,-6,0.05475514025929394,0.05475514025929394
GSM Cell out of Service,Statistical Alarm,-5,0.05066461989179179,0.05066461989179179
GSM Cell out of Service,Statistical Alarm,-4,0.06047974140730627,0.06047974140730627
GSM Cell out of Service,Statistical Alarm,-3,0.0786607923227008,0.0786607923227008
GSM Cell out of Service,Statistical Alarm,-2,0.07077852834134744,0.07077852834134744
GSM Cell out of Service,Statistical Alarm,-1,0.07963183796814469,0.07963183796814469
GSM Cell out of Service,Statistical Alarm,0,0.1495874411477142,0.1495874411477142
GSM Cell out of Service,Statistical Alarm,1,0.07188470334029602,0.07188470334029602
GSM Cell out of Service,Statistical Alarm,2,0.0691129097971354,0.0691129097971354
GSM Cell out of Service,Statistical Alarm,3,0.06134795485449265,0.06134795485449265
GSM Cell out of Service,Statistical Alarm,4,0.043320451806562986,0.043320451806562986
GSM Cell out of Service,Statistical Alarm,5,0.05899956030526788,0.05899956030526788
GSM Cell out of Service,Statistical Alarm,6,0.0545360002762954,0.0545360002762954
GSM Cell out of Service,Statistical Alarm,7,0.03819906800023938,0.03819906800023938
GSM Cell out of Service,Statistical Alarm,8,0.037247449077175324,0.037247449077175324
GSM Cell out of Service,Statistical Alarm,9,0.03065371597864636,0.03065371597864636
GSM Cell out of Service,Statistical Alarm,10,0.060795960259556775,0.060795960259556775
GSM Cell out of Service,Statistical Alarm,11,0.03259236435905909,0.03259236435905909
GSM Cell out of Service,Statistical Alarm,12,0.029020835309855445,0.029020835309855445
GSM Cell out of Service,UMTS Cell MC-HSDPA Function Fault,-12,0.12490962694601446,0.12490962694601446
GSM Cell out of Service,UMTS Cell MC-HSDPA Function Fault,-11,0.10731004834805408,0.10731004834805408
GSM Cell out of Service,UMTS Cell MC-HSDPA Function Fault,-10,0.08521682924351551,0.08521682924351551
GSM Cell out of Service,UMTS Cell MC-HSDPA Function Fault,-9,0.056932830967798456,0.056932830967798456
GSM Cell out of Service,UMTS Cell MC-HSDPA Function Fault,-8,0.039034231157573304,0.039034231157573304
GSM Cell out of Service,UMTS Cell MC-HSDPA Function Fault,-7,0.019427681081784356,0.019427681081784356
GSM Cell out of Service,UMTS Cell MC-HSDPA Function Fault,-6,0.010063796891240618,0.010063796891240618
GSM Cell out of Service,UMTS Cell MC-HSDPA Function Fault,-5,0.01303734481857377,0.01303734481857377
GSM Cell out of Service,UMTS Cell MC-HSDPA Function Fault,-4,0.019335045048760897,0.019335045048760897
GSM Cell out of Service,UMTS Cell MC-HSDPA Function Fault,-3,0.03068266907998182,0.03068266907998182
GSM Cell out of Service,UMTS Cell MC-HSDPA Function Fault,-2,0.03157055000429066,0.03157055000429066
GSM Cell out of Service,UMTS Cell MC-HSDPA Function Fault,-1,0.04360383115135077,0.04360383115135077
GSM Cell out of Service,UMTS Cell MC-HSDPA Function Fault,0,0.10125205440886187,0.10125205440886187
GSM Cell out of Service,UMTS Cell MC-HSDPA Function Fault,1,0.0029260116953222634,0.0029260116953222634
GSM Cell out of Service,UMTS Cell MC-HSDPA Function Fault,2,-0.0044903735950366725,0.0044903735950366725
GSM Cell out of Service,UMTS Cell MC-HSDPA Function Fault,3,0.016063634107270228,0.016063634107270228
GSM Cell out of Service,UMTS Cell MC-HSDPA Function Fault,4,0.02326550558878836,0.02326550558878836
GSM Cell out of Service,UMTS Cell MC-HSDPA Function Fault,5,0.05262056312513702,0.05262056312513702
GSM Cell out of Service,UMTS Cell MC-HSDPA Function Fault,6,0.07861775780080643,0.07861775780080643
GSM Cell out of Service,UMTS Cell MC-HSDPA Function Fault,7,0.10176957986315052,0.10176957986315052
GSM Cell out of Service,UMTS Cell MC-HSDPA Function Fault,8,0.11294444229843253,0.11294444229843253
GSM Cell out of Service,UMTS Cell MC-HSDPA Function Fault,9,0.1332174660294017,0.1332174660294017
GSM Cell out of Service,UMTS Cell MC-HSDPA Function Fault,10,0.1530966669221456,0.1530966669221456
GSM Cell out of Service,UMTS Cell MC-HSDPA Function Fault,11,0.14100368178916683,0.14100368178916683
GSM Cell out of Service,UMTS Cell MC-HSDPA Function Fault,12,0.12904186396551334,0.12904186396551334
GSM Cell out of Service,UMTS Cell Unavailable,-12,0.058772660037223964,0.058772660037223964
GSM Cell out of Service,UMTS Cell Unavailable,-11,0.06357125619206608,0.06357125619206608
GSM Cell out of Service,UMTS Cell Unavailable,-10,0.06277700202293729,0.06277700202293729
GSM Cell out of Service,UMTS Cell Unavailable,-9,0.055926560721535325,0.055926560721535325
GSM Cell out of Service,UMTS Cell Unavailable,-8,0.04918665790774096,0.04918665790774096
GSM Cell out of Service,UMTS Cell Unavailable,-7,0.05296128636246012,0.05296128636246012
GSM Cell out of Service,UMTS Cell Unavailable,-6,0.05047349635376826,0.05047349635376826
GSM Cell out of Service,UMTS Cell Unavailable,-5,0.06811859519265323,0.06811859519265323
GSM Cell out of Service,UMTS Cell Unavailable,-4,0.06814178243520588,0.06814178243520588
GSM Cell out of Service,UMTS Cell Unavailable,-3,0.10228112504644803,0.10228112504644803
GSM Cell out of Service,UMTS Cell Unavailable,-2,0.09890436478758895,0.09890436478758895
GSM Cell out of Service,UMTS Cell Unavailable,-1,0.10998502565163394,0.10998502565163394
GSM Cell out of Service,UMTS Cell Unavailable,0,0.8350049367574895,0.8350049367574895
GSM Cell out of Service,UMTS Cell Unavailable,1,0.11070908845711176,0.11070908845711176
GSM Cell out of Service,UMTS Cell Unavailable,2,0.10758782695943633,0.10758782695943633
GSM Cell out of Service,UMTS Cell Unavailable,3,0.09809555861758906,0.09809555861758906
GSM Cell out of Service,UMTS Cell Unavailable,4,0.07295005110285285,0.07295005110285285
GSM Cell out of Service,UMTS Cell Unavailable,5,0.0722731343145391,0.0722731343145391
GSM Cell out of Service,UMTS Cell Unavailable,6,0.0620007500021461,0.0620007500021461
GSM Cell out of Service,UMTS Cell Unavailable,7,0.05137369587295297,0.05137369587295297
GSM Cell out of Service,UMTS Cell Unavailable,8,0.05786291704967118,0.05786291704967118
GSM Cell out of Service,UMTS Cell Unavailable,9,0.052158276619439774,0.052158276619439774
GSM Cell out of Service,UMTS Cell Unavailable,10,0.06308972104109682,0.06308972104109682
GSM Cell out of Service,UMTS Cell Unavailable,11,0.06405955567361242,0.06405955567361242
GSM Cell out of Service,UMTS Cell Unavailable,12,0.06345922636567009,0.06345922636567009
GSM Cell out of Service,User Plane Fault,-12,0.11172225933892635,0.11172225933892635
GSM Cell out of Service,User Plane Fault,-11,0.12129743442713081,0.12129743442713081
GSM Cell out of Service,User Plane Fault,-10,0.14112251581299695,0.14112251581299695
GSM Cell out of Service,User Plane Fault,-9,0.11058073247128987,0.11058073247128987
GSM Cell out of Service,User Plane Fault,-8,0.10693095318391475,0.10693095318391475
GSM Cell out of Service,User Plane Fault,-7,0.11474903115400509,0.11474903115400509
GSM Cell out of Service,User Plane Fault,-6,0.11424570953428119,0.11424570953428119
GSM Cell out of Service,User Plane Fault,-5,0.14317824389213304,0.14317824389213304
GSM Cell out of Service,User Plane Fault,-4,0.15068314816360456,0.15068314816360456
GSM Cell out of Service,User Plane Fault,-3,0.19270331958419518,0.19270331958419518
GSM Cell out of Service,User Plane Fault,-2,0.202192248475932,0.202192248475932
GSM Cell out of Service,User Plane Fault,-1,0.19209050339676642,0.19209050339676642
GSM Cell out of Service,User Plane Fault,0,0.5401900519836227,0.5401900519836227
GSM Cell out of Service,User Plane Fault,1,0.2154458052852486,0.2154458052852486
GSM Cell out of Service,User Plane Fault,2,0.2147127262007267,0.2147127262007267
GSM Cell out of Service,User Plane Fault,3,0.18483609908007936,0.18483609908007936
GSM Cell out of Service,User Plane Fault,4,0.15112225721574168,0.15112225721574168
GSM Cell out of Service,User Plane Fault,5,0.15479450109204848,0.15479450109204848
GSM Cell out of Service,User Plane Fault,6,0.1232515630704235,0.1232515630704235
GSM Cell out of Service,User Plane Fault,7,0.1127124249400199,0.1127124249400199
GSM Cell out of Service,User Plane Fault,8,0.1144114352268734,0.1144114352268734
GSM Cell out of Service,User Plane Fault,9,0.1093974041625361,0.1093974041625361
GSM Cell out of Service,User Plane Fault,10,0.12095173575114058,0.12095173575114058
GSM Cell out of Service,User Plane Fault,11,0.10505111797866591,0.10505111797866591
GSM Cell out of Service,User Plane Fault,12,0.1095808329770793,0.1095808329770793
GSM Cell out of Service,X2 Interface Fault,-12,0.11045119736964297,0.11045119736964297
GSM Cell out of Service,X2 Interface Fault,-11,0.11251028250534378,0.11251028250534378
GSM Cell out of Service,X2 Interface Fault,-10,0.10144903339087669,0.10144903339087669
GSM Cell out of Service,X2 Interface Fault,-9,0.10686996971056066,0.10686996971056066
GSM Cell out of Service,X2 Interface Fault,-8,0.09102041757700641,0.09102041757700641
GSM Cell out of Service,X2 Interface Fault,-7,0.09680411907384974,0.09680411907384974
GSM Cell out of Service,X2 Interface Fault,-6,0.10504556658726673,0.10504556658726673
GSM Cell out of Service,X2 Interface Fault,-5,0.12900308543347677,0.12900308543347677
GSM Cell out of Service,X2 Interface Fault,-4,0.15825420693677508,0.15825420693677508
GSM Cell out of Service,X2 Interface Fault,-3,0.19037031522845888,0.19037031522845888
GSM Cell out of Service,X2 Interface Fault,-2,0.19872485143865512,0.19872485143865512
GSM Cell out of Service,X2 Interface Fault,-1,0.19909763811838374,0.19909763811838374
GSM Cell out of Service,X2 Interface Fault,0,0.4663244068787175,0.4663244068787175
GSM Cell out of Service,X2 Interface Fault,1,0.22541475562458055,0.22541475562458055
GSM Cell out of Service,X2 Interface Fault,2,0.2031059842225073,0.2031059842225073
GSM Cell out of Service,X2 Interface Fault,3,0.18929470610619514,0.18929470610619514
GSM Cell out of Service,X2 Interface Fault,4,0.1455216207264419,0.1455216207264419
GSM Cell out of Service,X2 Interface Fault,5,0.14486580362636384,0.14486580362636384
GSM Cell out of Service,X2 Interface Fault,6,0.11656264275359686,0.11656264275359686
GSM Cell out of Service,X2 Interface Fault,7,0.1135625229663193,0.1135625229663193
GSM Cell out of Service,X2 Interface Fault,8,0.10639181359748125,0.10639181359748125
GSM Cell out of Service,X2 Interface Fault,9,0.09834052473077615,0.09834052473077615
GSM Cell out of Service,X2 Interface Fault,10,0.10694184148084397,0.10694184148084397
GSM Cell out of Service,X2 Interface Fault,11,0.09694300183697024,0.09694300183697024
GSM Cell out of Service,X2 Interface Fault,12,0.09365975379658248,0.09365975379658248
GTPC Tunnel Path Broken,High Temperature (35Â°),-12,0.09223838582117014,0.09223838582117014
GTPC Tunnel Path Broken,High Temperature (35Â°),-11,0.0822602345759023,0.0822602345759023
GTPC Tunnel Path Broken,High Temperature (35Â°),-10,0.10996401368953834,0.10996401368953834
GTPC Tunnel Path Broken,High Temperature (35Â°),-9,0.06895773178620074,0.06895773178620074
GTPC Tunnel Path Broken,High Temperature (35Â°),-8,0.06736003293249959,0.06736003293249959
GTPC Tunnel Path Broken,High Temperature (35Â°),-7,0.07877462157264514,0.07877462157264514
GTPC Tunnel Path Broken,High Temperature (35Â°),-6,0.08248407403786752,0.08248407403786752
GTPC Tunnel Path Broken,High Temperature (35Â°),-5,0.10288396122516193,0.10288396122516193
GTPC Tunnel Path Broken,High Temperature (35Â°),-4,0.11957691029606474,0.11957691029606474
GTPC Tunnel Path Broken,High Temperature (35Â°),-3,0.13313634177496847,0.13313634177496847
GTPC Tunnel Path Broken,High Temperature (35Â°),-2,0.1398963218496339,0.1398963218496339
GTPC Tunnel Path Broken,High Temperature (35Â°),-1,0.15957766796162962,0.15957766796162962
GTPC Tunnel Path Broken,High Temperature (35Â°),0,0.2139190167028888,0.2139190167028888
GTPC Tunnel Path Broken,High Temperature (35Â°),1,0.17602751371441525,0.17602751371441525
GTPC Tunnel Path Broken,High Temperature (35Â°),2,0.20022121849283253,0.20022121849283253
GTPC Tunnel Path Broken,High Temperature (35Â°),3,0.1815142647826585,0.1815142647826585
GTPC Tunnel Path Broken,High Temperature (35Â°),4,0.17764603620734384,0.17764603620734384
GTPC Tunnel Path Broken,High Temperature (35Â°),5,0.19838515216423894,0.19838515216423894
GTPC Tunnel Path Broken,High Temperature (35Â°),6,0.1840041851899472,0.1840041851899472
GTPC Tunnel Path Broken,High Temperature (35Â°),7,0.17564150756782224,0.17564150756782224
GTPC Tunnel Path Broken,High Temperature (35Â°),8,0.1718254110783456,0.1718254110783456
GTPC Tunnel Path Broken,High Temperature (35Â°),9,0.15487309876067754,0.15487309876067754
GTPC Tunnel Path Broken,High Temperature (35Â°),10,0.12819810319337532,0.12819810319337532
GTPC Tunnel Path Broken,High Temperature (35Â°),11,0.12399874104230287,0.12399874104230287
GTPC Tunnel Path Broken,High Temperature (35Â°),12,0.09895015899047142,0.09895015899047142
GTPC Tunnel Path Broken,IP PM Activation Failure,-12,0.012015175548200857,0.012015175548200857
GTPC Tunnel Path Broken,IP PM Activation Failure,-11,0.0119538517884013,0.0119538517884013
GTPC Tunnel Path Broken,IP PM Activation Failure,-10,0.011591680382981934,0.011591680382981934
GTPC Tunnel Path Broken,IP PM Activation Failure,-9,0.02469824834930209,0.02469824834930209
GTPC Tunnel Path Broken,IP PM Activation Failure,-8,0.04149759981855299,0.04149759981855299
GTPC Tunnel Path Broken,IP PM Activation Failure,-7,0.017842659802369487,0.017842659802369487
GTPC Tunnel Path Broken,IP PM Activation Failure,-6,0.023811668587244737,0.023811668587244737
GTPC Tunnel Path Broken,IP PM Activation Failure,-5,0.04331342774080218,0.04331342774080218
GTPC Tunnel Path Broken,IP PM Activation Failure,-4,0.017620731116121387,0.017620731116121387
GTPC Tunnel Path Broken,IP PM Activation Failure,-3,0.009601155801912675,0.009601155801912675
GTPC Tunnel Path Broken,IP PM Activation Failure,-2,0.013780006830186275,0.013780006830186275
GTPC Tunnel Path Broken,IP PM Activation Failure,-1,0.010801341909966407,0.010801341909966407
GTPC Tunnel Path Broken,IP PM Activation Failure,0,0.01144609344951299,0.01144609344951299
GTPC Tunnel Path Broken,IP PM Activation Failure,1,0.0137049614562205,0.0137049614562205
GTPC Tunnel Path Broken,IP PM Activation Failure,2,0.016286540716854717,0.016286540716854717
GTPC Tunnel Path Broken,IP PM Activation Failure,3,0.008177347409332063,0.008177347409332063
GTPC Tunnel Path Broken,IP PM Activation Failure,4,0.015134038695868081,0.015134038695868081
GTPC Tunnel Path Broken,IP PM Activation Failure,5,0.011524904551971138,0.011524904551971138
GTPC Tunnel Path Broken,IP PM Activation Failure,6,0.013670059222419666,0.013670059222419666
GTPC Tunnel Path Broken,IP PM Activation Failure,7,0.01123966123068466,0.01123966123068466
GTPC Tunnel Path Broken,IP PM Activation Failure,8,0.010449543003694479,0.010449543003694479
GTPC Tunnel Path Broken,IP PM Activation Failure,9,0.020169080108838333,0.020169080108838333
GTPC Tunnel Path Broken,IP PM Activation Failure,10,0.019270850932225983,0.019270850932225983
GTPC Tunnel Path Broken,IP PM Activation Failure,11,0.000984963043017774,0.000984963043017774
GTPC Tunnel Path Broken,IP PM Activation Failure,12,0.008820713662751067,0.008820713662751067
GTPC Tunnel Path Broken,Local Cell Unusable,-12,0.034354342701932244,0.034354342701932244
GTPC Tunnel Path Broken,Local Cell Unusable,-11,0.022832459647242474,0.022832459647242474
GTPC Tunnel Path Broken,Local Cell Unusable,-10,0.03283283133380701,0.03283283133380701
GTPC Tunnel Path Broken,Local Cell Unusable,-9,0.01872190448840775,0.01872190448840775
GTPC Tunnel Path Broken,Local Cell Unusable,-8,0.02927104288385092,0.02927104288385092
GTPC Tunnel Path Broken,Local Cell Unusable,-7,0.03377483766447466,0.03377483766447466
GTPC Tunnel Path Broken,Local Cell Unusable,-6,0.04356876638873455,0.04356876638873455
GTPC Tunnel Path Broken,Local Cell Unusable,-5,0.06835852479580715,0.06835852479580715
GTPC Tunnel Path Broken,Local Cell Unusable,-4,0.0816117971169031,0.0816117971169031
GTPC Tunnel Path Broken,Local Cell Unusable,-3,0.0768650151169007,0.0768650151169007
GTPC Tunnel Path Broken,Local Cell Unusable,-2,0.09521485227641596,0.09521485227641596
GTPC Tunnel Path Broken,Local Cell Unusable,-1,0.08782749749979972,0.08782749749979972
GTPC Tunnel Path Broken,Local Cell Unusable,0,0.10818088265357981,0.10818088265357981
GTPC Tunnel Path Broken,Local Cell Unusable,1,0.11017185589483543,0.11017185589483543
GTPC Tunnel Path Broken,Local Cell Unusable,2,0.12636685176662513,0.12636685176662513
GTPC Tunnel Path Broken,Local Cell Unusable,3,0.12611546429536408,0.12611546429536408
GTPC Tunnel Path Broken,Local Cell Unusable,4,0.10587755739811235,0.10587755739811235
GTPC Tunnel Path Broken,Local Cell Unusable,5,0.10085575019765708,0.10085575019765708
GTPC Tunnel Path Broken,Local Cell Unusable,6,0.09816568459055701,0.09816568459055701
GTPC Tunnel Path Broken,Local Cell Unusable,7,0.09239829782246768,0.09239829782246768
GTPC Tunnel Path Broken,Local Cell Unusable,8,0.07050035343493888,0.07050035343493888
GTPC Tunnel Path Broken,Local Cell Unusable,9,0.07842301986947225,0.07842301986947225
GTPC Tunnel Path Broken,Local Cell Unusable,10,0.04372630986388944,0.04372630986388944
GTPC Tunnel Path Broken,Local Cell Unusable,11,0.0475020240924218,0.0475020240924218
GTPC Tunnel Path Broken,Local Cell Unusable,12,0.05242638822964747,0.05242638822964747
GTPC Tunnel Path Broken,Parallel Alarm Exceeds the Limit,-12,0.021386689567815042,0.021386689567815042
GTPC Tunnel Path Broken,Parallel Alarm Exceeds the Limit,-11,0.0516671287208895,0.0516671287208895
GTPC Tunnel Path Broken,Parallel Alarm Exceeds the Limit,-10,0.0534222105803173,0.0534222105803173
GTPC Tunnel Path Broken,Parallel Alarm Exceeds the Limit,-9,0.012581349550266376,0.012581349550266376
GTPC Tunnel Path Broken,Parallel Alarm Exceeds the Limit,-8,0.0403939719638894,0.0403939719638894
GTPC Tunnel Path Broken,Parallel Alarm Exceeds the Limit,-7,0.04761429878025642,0.04761429878025642
GTPC Tunnel Path Broken,Parallel Alarm Exceeds the Limit,-6,0.02794387207482268,0.02794387207482268
GTPC Tunnel Path Broken,Parallel Alarm Exceeds the Limit,-5,0.05485723501300233,0.05485723501300233
GTPC Tunnel Path Broken,Parallel Alarm Exceeds the Limit,-4,0.056630185321299716,0.056630185321299716
GTPC Tunnel Path Broken,Parallel Alarm Exceeds the Limit,-3,0.06192823132801642,0.06192823132801642
GTPC Tunnel Path Broken,Parallel Alarm Exceeds the Limit,-2,0.054083489898845136,0.054083489898845136
GTPC Tunnel Path Broken,Parallel Alarm Exceeds the Limit,-1,0.02482777519302707,0.02482777519302707
GTPC Tunnel Path Broken,Parallel Alarm Exceeds the Limit,0,0.06343298137476401,0.06343298137476401
GTPC Tunnel Path Broken,Parallel Alarm Exceeds the Limit,1,0.07651444211266333,0.07651444211266333
GTPC Tunnel Path Broken,Parallel Alarm Exceeds the Limit,2,0.024038947912793856,0.024038947912793856
GTPC Tunnel Path Broken,Parallel Alarm Exceeds the Limit,3,0.10437403913234242,0.10437403913234242
GTPC Tunnel Path Broken,Parallel Alarm Exceeds the Limit,4,0.024203383251181595,0.024203383251181595
GTPC Tunnel Path Broken,Parallel Alarm Exceeds the Limit,5,0.02996746326923961,0.02996746326923961
GTPC Tunnel Path Broken,Parallel Alarm Exceeds the Limit,6,0.018086340755105648,0.018086340755105648
GTPC Tunnel Path Broken,Parallel Alarm Exceeds the Limit,7,0.0221456298608622,0.0221456298608622
GTPC Tunnel Path Broken,Parallel Alarm Exceeds the Limit,8,0.03343764276528173,0.03343764276528173
GTPC Tunnel Path Broken,Parallel Alarm Exceeds the Limit,9,0.03300964465904729,0.03300964465904729
GTPC Tunnel Path Broken,Parallel Alarm Exceeds the Limit,10,0.04584662097921216,0.04584662097921216
GTPC Tunnel Path Broken,Parallel Alarm Exceeds the Limit,11,0.02603913742269995,0.02603913742269995
GTPC Tunnel Path Broken,Parallel Alarm Exceeds the Limit,12,0.042213054635586195,0.042213054635586195
GTPC Tunnel Path Broken,RF Unit RX Channel RTWP/RSSI Unbalanced,-12,0.17699187100803257,0.17699187100803257
GTPC Tunnel Path Broken,RF Unit RX Channel RTWP/RSSI Unbalanced,-11,0.17880367632135213,0.17880367632135213
GTPC Tunnel Path Broken,RF Unit RX Channel RTWP/RSSI Unbalanced,-10,0.15461732007968548,0.15461732007968548
GTPC Tunnel Path Broken,RF Unit RX Channel RTWP/RSSI Unbalanced,-9,0.15609719700419492,0.15609719700419492
GTPC Tunnel Path Broken,RF Unit RX Channel RTWP/RSSI Unbalanced,-8,0.16236101815369552,0.16236101815369552
GTPC Tunnel Path Broken,RF Unit RX Channel RTWP/RSSI Unbalanced,-7,0.1773566738689845,0.1773566738689845
GTPC Tunnel Path Broken,RF Unit RX Channel RTWP/RSSI Unbalanced,-6,0.16624772913163854,0.16624772913163854
GTPC Tunnel Path Broken,RF Unit RX Channel RTWP/RSSI Unbalanced,-5,0.19392250775947778,0.19392250775947778
GTPC Tunnel Path Broken,RF Unit RX Channel RTWP/RSSI Unbalanced,-4,0.19263633320340803,0.19263633320340803
GTPC Tunnel Path Broken,RF Unit RX Channel RTWP/RSSI Unbalanced,-3,0.18923118078596296,0.18923118078596296
GTPC Tunnel Path Broken,RF Unit RX Channel RTWP/RSSI Unbalanced,-2,0.22213931259199454,0.22213931259199454
GTPC Tunnel Path Broken,RF Unit RX Channel RTWP/RSSI Unbalanced,-1,0.2311007423210578,0.2311007423210578
GTPC Tunnel Path Broken,RF Unit RX Channel RTWP/RSSI Unbalanced,0,0.2600621293966696,0.2600621293966696
GTPC Tunnel Path Broken,RF Unit RX Channel RTWP/RSSI Unbalanced,1,0.24580645517951002,0.24580645517951002
GTPC Tunnel Path Broken,RF Unit RX Channel RTWP/RSSI Unbalanced,2,0.2303825882611597,0.2303825882611597
GTPC Tunnel Path Broken,RF Unit RX Channel RTWP/RSSI Unbalanced,3,0.23965286058764712,0.23965286058764712
GTPC Tunnel Path Broken,RF Unit RX Channel RTWP/RSSI Unbalanced,4,0.2227712848373919,0.2227712848373919
GTPC Tunnel Path Broken,RF Unit RX Channel RTWP/RSSI Unbalanced,5,0.22243531456729088,0.22243531456729088
GTPC Tunnel Path Broken,RF Unit RX Channel RTWP/RSSI Unbalanced,6,0.22630999408305522,0.22630999408305522
GTPC Tunnel Path Broken,RF Unit RX Channel RTWP/RSSI Unbalanced,7,0.21773499995582232,0.21773499995582232
GTPC Tunnel Path Broken,RF Unit RX Channel RTWP/RSSI Unbalanced,8,0.21216533551584307,0.21216533551584307
GTPC Tunnel Path Broken,RF Unit RX Channel RTWP/RSSI Unbalanced,9,0.21290390215333987,0.21290390215333987
GTPC Tunnel Path Broken,RF Unit RX Channel RTWP/RSSI Unbalanced,10,0.20509778361948172,0.20509778361948172
GTPC Tunnel Path Broken,RF Unit RX Channel RTWP/RSSI Unbalanced,11,0.19938465845369033,0.19938465845369033
GTPC Tunnel Path Broken,RF Unit RX Channel RTWP/RSSI Unbalanced,12,0.20131958004777098,0.20131958004777098
GTPC Tunnel Path Broken,RF Unit VSWR Threshold Crossed,-12,0.13816577767922905,0.13816577767922905
GTPC Tunnel Path Broken,RF Unit VSWR Threshold Crossed,-11,0.14576340586035824,0.14576340586035824
GTPC Tunnel Path Broken,RF Unit VSWR Threshold Crossed,-10,0.1389621433090461,0.1389621433090461
GTPC Tunnel Path Broken,RF Unit VSWR Threshold Crossed,-9,0.1284870939287325,0.1284870939287325
GTPC Tunnel Path Broken,RF Unit VSWR Threshold Crossed,-8,0.1459748481496466,0.1459748481496466
GTPC Tunnel Path Broken,RF Unit VSWR Threshold Crossed,-7,0.1479325007080718,0.1479325007080718
GTPC Tunnel Path Broken,RF Unit VSWR Threshold Crossed,-6,0.1519671891944749,0.1519671891944749
GTPC Tunnel Path Broken,RF Unit VSWR Threshold Crossed,-5,0.1633400478896289,0.1633400478896289
GTPC Tunnel Path Broken,RF Unit VSWR Threshold Crossed,-4,0.17028087259708527,0.17028087259708527
GTPC Tunnel Path Broken,RF Unit VSWR Threshold Crossed,-3,0.18403014861535694,0.18403014861535694
GTPC Tunnel Path Broken,RF Unit VSWR Threshold Crossed,-2,0.18685753573885763,0.18685753573885763
GTPC Tunnel Path Broken,RF Unit VSWR Threshold Crossed,-1,0.17816832400828972,0.17816832400828972
GTPC Tunnel Path Broken,RF Unit VSWR Threshold Crossed,0,0.2749113383089245,0.2749113383089245
GTPC Tunnel Path Broken,RF Unit VSWR Threshold Crossed,1,0.17701136031601009,0.17701136031601009
GTPC Tunnel Path Broken,RF Unit VSWR Threshold Crossed,2,0.2067168701946215,0.2067168701946215
GTPC Tunnel Path Broken,RF Unit VSWR Threshold Crossed,3,0.205084444177582,0.205084444177582
GTPC Tunnel Path Broken,RF Unit VSWR Threshold Crossed,4,0.18727533592584017,0.18727533592584017
GTPC Tunnel Path Broken,RF Unit VSWR Threshold Crossed,5,0.18028430397579498,0.18028430397579498
GTPC Tunnel Path Broken,RF Unit VSWR Threshold Crossed,6,0.18223665600661104,0.18223665600661104
GTPC Tunnel Path Broken,RF Unit VSWR Threshold Crossed,7,0.1795821564739986,0.1795821564739986
GTPC Tunnel Path Broken,RF Unit VSWR Threshold Crossed,8,0.17811869365160787,0.17811869365160787
GTPC Tunnel Path Broken,RF Unit VSWR Threshold Crossed,9,0.16619861561476515,0.16619861561476515
GTPC Tunnel Path Broken,RF Unit VSWR Threshold Crossed,10,0.15622717765067035,0.15622717765067035
GTPC Tunnel Path Broken,RF Unit VSWR Threshold Crossed,11,0.15336481022350196,0.15336481022350196
GTPC Tunnel Path Broken,RF Unit VSWR Threshold Crossed,12,0.13622697904397021,0.13622697904397021
GTPC Tunnel Path Broken,S1ap Link Down,-12,0.02725362234142342,0.02725362234142342
GTPC Tunnel Path Broken,S1ap Link Down,-11,0.03867089199624733,0.03867089199624733
GTPC Tunnel Path Broken,S1ap Link Down,-10,0.10958413196526078,0.10958413196526078
GTPC Tunnel Path Broken,S1ap Link Down,-9,0.03265863618474271,0.03265863618474271
GTPC Tunnel Path Broken,S1ap Link Down,-8,0.04247722972267251,0.04247722972267251
GTPC Tunnel Path Broken,S1ap Link Down,-7,0.058631628500596764,0.058631628500596764
GTPC Tunnel Path Broken,S1ap Link Down,-6,0.03220737147143809,0.03220737147143809
GTPC Tunnel Path Broken,S1ap Link Down,-5,0.045035107196170515,0.045035107196170515
GTPC Tunnel Path Broken,S1ap Link Down,-4,0.02872125198857604,0.02872125198857604
GTPC Tunnel Path Broken,S1ap Link Down,-3,0.03978067271845209,0.03978067271845209
GTPC Tunnel Path Broken,S1ap Link Down,-2,0.04586356679085706,0.04586356679085706
GTPC Tunnel Path Broken,S1ap Link Down,-1,0.044543326246521846,0.044543326246521846
GTPC Tunnel Path Broken,S1ap Link Down,0,0.058733144242374975,0.058733144242374975
GTPC Tunnel Path Broken,S1ap Link Down,1,0.04014132594946891,0.04014132594946891
GTPC Tunnel Path Broken,S1ap Link Down,2,0.04831501443409949,0.04831501443409949
GTPC Tunnel Path Broken,S1ap Link Down,3,0.036679437046059644,0.036679437046059644
GTPC Tunnel Path Broken,S1ap Link Down,4,0.035409761428847594,0.035409761428847594
GTPC Tunnel Path Broken,S1ap Link Down,5,0.04739235256254409,0.04739235256254409
GTPC Tunnel Path Broken,S1ap Link Down,6,0.05004318884661514,0.05004318884661514
GTPC Tunnel Path Broken,S1ap Link Down,7,0.03632038373172998,0.03632038373172998
GTPC Tunnel Path Broken,S1ap Link Down,8,0.041839506957743126,0.041839506957743126
GTPC Tunnel Path Broken,S1ap Link Down,9,0.029160102449367904,0.029160102449367904
GTPC Tunnel Path Broken,S1ap Link Down,10,0.02999689293754474,0.02999689293754474
GTPC Tunnel Path Broken,S1ap Link Down,11,0.03032356069823514,0.03032356069823514
GTPC Tunnel Path Broken,S1ap Link Down,12,0.034436633470641985,0.034436633470641985
GTPC Tunnel Path Broken,SCTP Link Fault,-12,0.046207640182673704,0.046207640182673704
GTPC Tunnel Path Broken,SCTP Link Fault,-11,0.02910784520569557,0.02910784520569557
GTPC Tunnel Path Broken,SCTP Link Fault,-10,0.0409491317718419,0.0409491317718419
GTPC Tunnel Path Broken,SCTP Link Fault,-9,0.052845234337104766,0.052845234337104766
GTPC Tunnel Path Broken,SCTP Link Fault,-8,0.03284094885866857,0.03284094885866857
GTPC Tunnel Path Broken,SCTP Link Fault,-7,0.041175579792198456,0.041175579792198456
GTPC Tunnel Path Broken,SCTP Link Fault,-6,0.03638642494886195,0.03638642494886195
GTPC Tunnel Path Broken,SCTP Link Fault,-5,0.054538825547521395,0.054538825547521395
GTPC Tunnel Path Broken,SCTP Link Fault,-4,0.051163871535229596,0.051163871535229596
GTPC Tunnel Path Broken,SCTP Link Fault,-3,0.05991204171127586,0.05991204171127586
GTPC Tunnel Path Broken,SCTP Link Fault,-2,0.057129578458189376,0.057129578458189376
GTPC Tunnel Path Broken,SCTP Link Fault,-1,0.06603539636002975,0.06603539636002975
GTPC Tunnel Path Broken,SCTP Link Fault,0,0.0715603872484731,0.0715603872484731
GTPC Tunnel Path Broken,SCTP Link Fault,1,0.06905406270735515,0.06905406270735515
GTPC Tunnel Path Broken,SCTP Link Fault,2,0.07284248264942121,0.07284248264942121
GTPC Tunnel Path Broken,SCTP Link Fault,3,0.07041696359390023,0.07041696359390023
GTPC Tunnel Path Broken,SCTP Link Fault,4,0.06936951283865482,0.06936951283865482
GTPC Tunnel Path Broken,SCTP Link Fault,5,0.06633114494197573,0.06633114494197573
GTPC Tunnel Path Broken,SCTP Link Fault,6,0.06784479945905088,0.06784479945905088
GTPC Tunnel Path Broken,SCTP Link Fault,7,0.06041573313019796,0.06041573313019796
GTPC Tunnel Path Broken,SCTP Link Fault,8,0.06485056488917514,0.06485056488917514
GTPC Tunnel Path Broken,SCTP Link Fault,9,0.05152784626385965,0.05152784626385965
GTPC Tunnel Path Broken,SCTP Link Fault,10,0.04800521858796518,0.04800521858796518
GTPC Tunnel Path Broken,SCTP Link Fault,11,0.04283993841470939,0.04283993841470939
GTPC Tunnel Path Broken,SCTP Link Fault,12,0.0414290873937097,0.0414290873937097
GTPC Tunnel Path Broken,SDH/SONET Tributary Excessive Slip Frames,-12,0.1534168709082263,0.1534168709082263
GTPC Tunnel Path Broken,SDH/SONET Tributary Excessive Slip Frames,-11,0.16068091710306406,0.16068091710306406
GTPC Tunnel Path Broken,SDH/SONET Tributary Excessive Slip Frames,-10,0.1753372556376867,0.1753372556376867
GTPC Tunnel Path Broken,SDH/SONET Tributary Excessive Slip Frames,-9,0.16108913207631323,0.16108913207631323
GTPC Tunnel Path Broken,SDH/SONET Tributary Excessive Slip Frames,-8,0.16660215197965217,0.16660215197965217
GTPC Tunnel Path Broken,SDH/SONET Tributary Excessive Slip Frames,-7,0.17014808594080613,0.17014808594080613
GTPC Tunnel Path Broken,SDH/SONET Tributary Excessive Slip Frames,-6,0.1756644115515633,0.1756644115515633
GTPC Tunnel Path Broken,SDH/SONET Tributary Excessive Slip Frames,-5,0.2021372012886902,0.2021372012886902
GTPC Tunnel Path Broken,SDH/SONET Tributary Excessive Slip Frames,-4,0.17136422497255202,0.17136422497255202
GTPC Tunnel Path Broken,SDH/SONET Tributary Excessive Slip Frames,-3,0.19264782988757703,0.19264782988757703
GTPC Tunnel Path Broken,SDH/SONET Tributary Excessive Slip Frames,-2,0.17300082711483858,0.17300082711483858
GTPC Tunnel Path Broken,SDH/SONET Tributary Excessive Slip Frames,-1,0.16336727830611647,0.16336727830611647
GTPC Tunnel Path Broken,SDH/SONET Tributary Excessive Slip Frames,0,0.26769173948357244,0.26769173948357244
GTPC Tunnel Path Broken,SDH/SONET Tributary Excessive Slip Frames,1,0.1648970584563141,0.1648970584563141
GTPC Tunnel Path Broken,SDH/SONET Tributary Excessive Slip Frames,2,0.18083850138480206,0.18083850138480206
GTPC Tunnel Path Broken,SDH/SONET Tributary Excessive Slip Frames,3,0.18011204776150272,0.18011204776150272
GTPC Tunnel Path Broken,SDH/SONET Tributary Excessive Slip Frames,4,0.15645342355076192,0.15645342355076192
GTPC Tunnel Path Broken,SDH/SONET Tributary Excessive Slip Frames,5,0.16553393015731663,0.16553393015731663
GTPC Tunnel Path Broken,SDH/SONET Tributary Excessive Slip Frames,6,0.16438974948230167,0.16438974948230167
GTPC Tunnel Path Broken,SDH/SONET Tributary Excessive Slip Frames,7,0.15592323249873954,0.15592323249873954
GTPC Tunnel Path Broken,SDH/SONET Tributary Excessive Slip Frames,8,0.17363247660710632,0.17363247660710632
GTPC Tunnel Path Broken,SDH/SONET Tributary Excessive Slip Frames,9,0.15330786200885124,0.15330786200885124
GTPC Tunnel Path Broken,SDH/SONET Tributary Excessive Slip Frames,10,0.15846039987434565,0.15846039987434565
GTPC Tunnel Path Broken,SDH/SONET Tributary Excessive Slip Frames,11,0.15401206244497753,0.15401206244497753
GTPC Tunnel Path Broken,SDH/SONET Tributary Excessive Slip Frames,12,0.15652964243780565,0.15652964243780565
GTPC Tunnel Path Broken,Statistical Alarm,-12,0.03749613616905052,0.03749613616905052
GTPC Tunnel Path Broken,Statistical Alarm,-11,0.03943894976576047,0.03943894976576047
GTPC Tunnel Path Broken,Statistical Alarm,-10,0.033463704685494824,0.033463704685494824
GTPC Tunnel Path Broken,Statistical Alarm,-9,0.030271129409684457,0.030271129409684457
GTPC Tunnel Path Broken,Statistical Alarm,-8,0.0668226566102879,0.0668226566102879
GTPC Tunnel Path Broken,Statistical Alarm,-7,0.0409905001065177,0.0409905001065177
GTPC Tunnel Path Broken,Statistical Alarm,-6,0.043647423409283716,0.043647423409283716
GTPC Tunnel Path Broken,Statistical Alarm,-5,0.04837698939241157,0.04837698939241157
GTPC Tunnel Path Broken,Statistical Alarm,-4,0.05804310967549463,0.05804310967549463
GTPC Tunnel Path Broken,Statistical Alarm,-3,0.05655537401814518,0.05655537401814518
GTPC Tunnel Path Broken,Statistical Alarm,-2,0.04707796647078831,0.04707796647078831
GTPC Tunnel Path Broken,Statistical Alarm,-1,0.06680255884477221,0.06680255884477221
GTPC Tunnel Path Broken,Statistical Alarm,0,0.059731675678996766,0.059731675678996766
GTPC Tunnel Path Broken,Statistical Alarm,1,0.07401736851166595,0.07401736851166595
GTPC Tunnel Path Broken,Statistical Alarm,2,0.05910583834240059,0.05910583834240059
GTPC Tunnel Path Broken,Statistical Alarm,3,0.049707573074232514,0.049707573074232514
GTPC Tunnel Path Broken,Statistical Alarm,4,0.048263751969185954,0.048263751969185954
GTPC Tunnel Path Broken,Statistical Alarm,5,0.05743436108460599,0.05743436108460599
GTPC Tunnel Path Broken,Statistical Alarm,6,0.04783695359247615,0.04783695359247615
GTPC Tunnel Path Broken,Statistical Alarm,7,0.04668044830901679,0.04668044830901679
GTPC Tunnel Path Broken,Statistical Alarm,8,0.05317409129974786,0.05317409129974786
GTPC Tunnel Path Broken,Statistical Alarm,9,0.03848822318696079,0.03848822318696079
GTPC Tunnel Path Broken,Statistical Alarm,10,0.04847120418587396,0.04847120418587396
GTPC Tunnel Path Broken,Statistical Alarm,11,0.03870572645180175,0.03870572645180175
GTPC Tunnel Path Broken,Statistical Alarm,12,0.035369756144917344,0.035369756144917344
GTPC Tunnel Path Broken,UMTS Cell MC-HSDPA Function Fault,-12,0.09339218298259544,0.09339218298259544
GTPC Tunnel Path Broken,UMTS Cell MC-HSDPA Function Fault,-11,0.10324413720702438,0.10324413720702438
GTPC Tunnel Path Broken,UMTS Cell MC-HSDPA Function Fault,-10,0.12559768725044618,0.12559768725044618
GTPC Tunnel Path Broken,UMTS Cell MC-HSDPA Function Fault,-9,0.12221450318553169,0.12221450318553169
GTPC Tunnel Path Broken,UMTS Cell MC-HSDPA Function Fault,-8,0.12827084901426886,0.12827084901426886
GTPC Tunnel Path Broken,UMTS Cell MC-HSDPA Function Fault,-7,0.12144166182182041,0.12144166182182041
GTPC Tunnel Path Broken,UMTS Cell MC-HSDPA Function Fault,-6,0.10180985517492472,0.10180985517492472
GTPC Tunnel Path Broken,UMTS Cell MC-HSDPA Function Fault,-5,0.10462364955535894,0.10462364955535894
GTPC Tunnel Path Broken,UMTS Cell MC-HSDPA Function Fault,-4,0.08101060683543197,0.08101060683543197
GTPC Tunnel Path Broken,UMTS Cell MC-HSDPA Function Fault,-3,0.06268278080365955,0.06268278080365955
GTPC Tunnel Path Broken,UMTS Cell MC-HSDPA Function Fault,-2,0.06292728243240418,0.06292728243240418
GTPC Tunnel Path Broken,UMTS Cell MC-HSDPA Function Fault,-1,0.016478931087627834,0.016478931087627834
GTPC Tunnel Path Broken,UMTS Cell MC-HSDPA Function Fault,0,0.018327739189720138,0.018327739189720138
GTPC Tunnel Path Broken,UMTS Cell MC-HSDPA Function Fault,1,0.010926734535825202,0.010926734535825202
GTPC Tunnel Path Broken,UMTS Cell MC-HSDPA Function Fault,2,-0.0022487193641279354,0.0022487193641279354
GTPC Tunnel Path Broken,UMTS Cell MC-HSDPA Function Fault,3,0.0038665260370502417,0.0038665260370502417
GTPC Tunnel Path Broken,UMTS Cell MC-HSDPA Function Fault,4,0.012927354012719305,0.012927354012719305
GTPC Tunnel Path Broken,UMTS Cell MC-HSDPA Function Fault,5,0.023760974951816168,0.023760974951816168
GTPC Tunnel Path Broken,UMTS Cell MC-HSDPA Function Fault,6,0.0332430781778926,0.0332430781778926
GTPC Tunnel Path Broken,UMTS Cell MC-HSDPA Function Fault,7,0.039022612431780374,0.039022612431780374
GTPC Tunnel Path Broken,UMTS Cell MC-HSDPA Function Fault,8,0.054863019869096925,0.054863019869096925
GTPC Tunnel Path Broken,UMTS Cell MC-HSDPA Function Fault,9,0.09058027164045833,0.09058027164045833
GTPC Tunnel Path Broken,UMTS Cell MC-HSDPA Function Fault,10,0.07197843819422875,0.07197843819422875
GTPC Tunnel Path Broken,UMTS Cell MC-HSDPA Function Fault,11,0.08782034773380475,0.08782034773380475
GTPC Tunnel Path Broken,UMTS Cell MC-HSDPA Function Fault,12,0.09003571075436932,0.09003571075436932
GTPC Tunnel Path Broken,UMTS Cell Unavailable,-12,0.06679554527960772,0.06679554527960772
GTPC Tunnel Path Broken,UMTS Cell Unavailable,-11,0.0648291551562355,0.0648291551562355
GTPC Tunnel Path Broken,UMTS Cell Unavailable,-10,0.10193854420108578,0.10193854420108578
GTPC Tunnel Path Broken,UMTS Cell Unavailable,-9,0.06648747376371368,0.06648747376371368
GTPC Tunnel Path Broken,UMTS Cell Unavailable,-8,0.06334792491457297,0.06334792491457297
GTPC Tunnel Path Broken,UMTS Cell Unavailable,-7,0.07145568920279273,0.07145568920279273
GTPC Tunnel Path Broken,UMTS Cell Unavailable,-6,0.06328966447977033,0.06328966447977033
GTPC Tunnel Path Broken,UMTS Cell Unavailable,-5,0.07359156129801825,0.07359156129801825
GTPC Tunnel Path Broken,UMTS Cell Unavailable,-4,0.07082532592742387,0.07082532592742387
GTPC Tunnel Path Broken,UMTS Cell Unavailable,-3,0.08505628013435143,0.08505628013435143
GTPC Tunnel Path Broken,UMTS Cell Unavailable,-2,0.08049902651724491,0.08049902651724491
GTPC Tunnel Path Broken,UMTS Cell Unavailable,-1,0.07261770516545668,0.07261770516545668
GTPC Tunnel Path Broken,UMTS Cell Unavailable,0,0.10486788958624794,0.10486788958624794
GTPC Tunnel Path Broken,UMTS Cell Unavailable,1,0.09393628369770267,0.09393628369770267
GTPC Tunnel Path Broken,UMTS Cell Unavailable,2,0.1113666480679129,0.1113666480679129
GTPC Tunnel Path Broken,UMTS Cell Unavailable,3,0.09415160628566688,0.09415160628566688
GTPC Tunnel Path Broken,UMTS Cell Unavailable,4,0.08343322031835917,0.08343322031835917
GTPC Tunnel Path Broken,UMTS Cell Unavailable,5,0.09060908630461127,0.09060908630461127
GTPC Tunnel Path Broken,UMTS Cell Unavailable,6,0.09083646367449595,0.09083646367449595
GTPC Tunnel Path Broken,UMTS Cell Unavailable,7,0.07541192281919876,0.07541192281919876
GTPC Tunnel Path Broken,UMTS Cell Unavailable,8,0.081215981049468,0.081215981049468
GTPC Tunnel Path Broken,UMTS Cell Unavailable,9,0.08127683746585687,0.08127683746585687
GTPC Tunnel Path Broken,UMTS Cell Unavailable,10,0.06960643829888187,0.06960643829888187
GTPC Tunnel Path Broken,UMTS Cell Unavailable,11,0.07193214823968878,0.07193214823968878
GTPC Tunnel Path Broken,UMTS Cell Unavailable,12,0.06820797422417928,0.06820797422417928
GTPC Tunnel Path Broken,User Plane Fault,-12,0.14004808067488692,0.14004808067488692
GTPC Tunnel Path Broken,User Plane Fault,-11,0.10889922072991608,0.10889922072991608
GTPC Tunnel Path Broken,User Plane Fault,-10,0.1569174052607776,0.1569174052607776
GTPC Tunnel Path Broken,User Plane Fault,-9,0.11949531498134941,0.11949531498134941
GTPC Tunnel Path Broken,User Plane Fault,-8,0.11981556272063468,0.11981556272063468
GTPC Tunnel Path Broken,User Plane Fault,-7,0.13138534901369622,0.13138534901369622
GTPC Tunnel Path Broken,User Plane Fault,-6,0.11787804979637483,0.11787804979637483
GTPC Tunnel Path Broken,User Plane Fault,-5,0.15203250245993732,0.15203250245993732
GTPC Tunnel Path Broken,User Plane Fault,-4,0.13741684336270926,0.13741684336270926
GTPC Tunnel Path Broken,User Plane Fault,-3,0.16903801206957095,0.16903801206957095
GTPC Tunnel Path Broken,User Plane Fault,-2,0.14482541469721305,0.14482541469721305
GTPC Tunnel Path Broken,User Plane Fault,-1,0.169595744832496,0.169595744832496
GTPC Tunnel Path Broken,User Plane Fault,0,0.22032533100264837,0.22032533100264837
GTPC Tunnel Path Broken,User Plane Fault,1,0.18911076243721317,0.18911076243721317
GTPC Tunnel Path Broken,User Plane Fault,2,0.18918448456885723,0.18918448456885723
GTPC Tunnel Path Broken,User Plane Fault,3,0.19375641588925296,0.19375641588925296
GTPC Tunnel Path Broken,User Plane Fault,4,0.1885965679704154,0.1885965679704154
GTPC Tunnel Path Broken,User Plane Fault,5,0.18394146899708627,0.18394146899708627
GTPC Tunnel Path Broken,User Plane Fault,6,0.1812572582604549,0.1812572582604549
GTPC Tunnel Path Broken,User Plane Fault,7,0.15874792515524302,0.15874792515524302
GTPC Tunnel Path Broken,User Plane Fault,8,0.18424547261239446,0.18424547261239446
GTPC Tunnel Path Broken,User Plane Fault,9,0.1660395727357486,0.1660395727357486
GTPC Tunnel Path Broken,User Plane Fault,10,0.1422597683523749,0.1422597683523749
GTPC Tunnel Path Broken,User Plane Fault,11,0.1321001508294679,0.1321001508294679
GTPC Tunnel Path Broken,User Plane Fault,12,0.12410432402378131,0.12410432402378131
GTPC Tunnel Path Broken,X2 Interface Fault,-12,0.11805324426183081,0.11805324426183081
GTPC Tunnel Path Broken,X2 Interface Fault,-11,0.0883969315880602,0.0883969315880602
GTPC Tunnel Path Broken,X2 Interface Fault,-10,0.12241556158432128,0.12241556158432128
GTPC Tunnel Path Broken,X2 Interface Fault,-9,0.0978332897490033,0.0978332897490033
GTPC Tunnel Path Broken,X2 Interface Fault,-8,0.10277077604038834,0.10277077604038834
GTPC Tunnel Path Broken,X2 Interface Fault,-7,0.11138157240555024,0.11138157240555024
GTPC Tunnel Path Broken,X2 Interface Fault,-6,0.10048034894820193,0.10048034894820193
GTPC Tunnel Path Broken,X2 Interface Fault,-5,0.14413628212474267,0.14413628212474267
GTPC Tunnel Path Broken,X2 Interface Fault,-4,0.12625320116113883,0.12625320116113883
GTPC Tunnel Path Broken,X2 Interface Fault,-3,0.1350924521357521,0.1350924521357521
GTPC Tunnel Path Broken,X2 Interface Fault,-2,0.14634575681062437,0.14634575681062437
GTPC Tunnel Path Broken,X2 Interface Fault,-1,0.1522514834785044,0.1522514834785044
GTPC Tunnel Path Broken,X2 Interface Fault,0,0.1914744207053056,0.1914744207053056
GTPC Tunnel Path Broken,X2 Interface Fault,1,0.18126450083579415,0.18126450083579415
GTPC Tunnel Path Broken,X2 Interface Fault,2,0.1819209093667476,0.1819209093667476
GTPC Tunnel Path Broken,X2 Interface Fault,3,0.1866221741192515,0.1866221741192515
GTPC Tunnel Path Broken,X2 Interface Fault,4,0.17845245356010256,0.17845245356010256
GTPC Tunnel Path Broken,X2 Interface Fault,5,0.18486801333877412,0.18486801333877412
GTPC Tunnel Path Broken,X2 Interface Fault,6,0.1678509087526652,0.1678509087526652
GTPC Tunnel Path Broken,X2 Interface Fault,7,0.15703041298656975,0.15703041298656975
GTPC Tunnel Path Broken,X2 Interface Fault,8,0.1743142401487605,0.1743142401487605
GTPC Tunnel Path Broken,X2 Interface Fault,9,0.1452646975819055,0.1452646975819055
GTPC Tunnel Path Broken,X2 Interface Fault,10,0.12331991077137139,0.12331991077137139
GTPC Tunnel Path Broken,X2 Interface Fault,11,0.12342874042548484,0.12342874042548484
GTPC Tunnel Path Broken,X2 Interface Fault,12,0.11480520200854409,0.11480520200854409
High Temperature (35Â°),IP PM Activation Failure,-12,-0.0018736492616090049,0.0018736492616090049
High Temperature (35Â°),IP PM Activation Failure,-11,0.004861460938913866,0.004861460938913866
High Temperature (35Â°),IP PM Activation Failure,-10,0.009175911650990213,0.009175911650990213
High Temperature (35Â°),IP PM Activation Failure,-9,0.008578907826646758,0.008578907826646758
High Temperature (35Â°),IP PM Activation Failure,-8,0.015012119930704204,0.015012119930704204
High Temperature (35Â°),IP PM Activation Failure,-7,0.027499381238612182,0.027499381238612182
High Temperature (35Â°),IP PM Activation Failure,-6,0.03781929227057006,0.03781929227057006
High Temperature (35Â°),IP PM Activation Failure,-5,0.03455812343863021,0.03455812343863021
High Temperature (35Â°),IP PM Activation Failure,-4,0.0482859175632471,0.0482859175632471
High Temperature (35Â°),IP PM Activation Failure,-3,0.04278080210264902,0.04278080210264902
High Temperature (35Â°),IP PM Activation Failure,-2,0.04893736939183409,0.04893736939183409
High Temperature (35Â°),IP PM Activation Failure,-1,0.05218382723851602,0.05218382723851602
High Temperature (35Â°),IP PM Activation Failure,0,0.0481524483316484,0.0481524483316484
High Temperature (35Â°),IP PM Activation Failure,1,0.030863115975514336,0.030863115975514336
High Temperature (35Â°),IP PM Activation Failure,2,0.035276402752812165,0.035276402752812165
High Temperature (35Â°),IP PM Activation Failure,3,0.0185352780628855,0.0185352780628855
High Temperature (35Â°),IP PM Activation Failure,4,0.013098293541469649,0.013098293541469649
High Temperature (35Â°),IP PM Activation Failure,5,0.009786525613448808,0.009786525613448808
High Temperature (35Â°),IP PM Activation Failure,6,0.0023188779021131043,0.0023188779021131043
High Temperature (35Â°),IP PM Activation Failure,7,0.003896991402838541,0.003896991402838541
High Temperature (35Â°),IP PM Activation Failure,8,0.0061356592867846185,0.0061356592867846185
High Temperature (35Â°),IP PM Activation Failure,9,0.010091446131638027,0.010091446131638027
High Temperature (35Â°),IP PM Activation Failure,10,0.02201083198398476,0.02201083198398476
High Temperature (35Â°),IP PM Activation Failure,11,0.005405095722944537,0.005405095722944537
High Temperature (35Â°),IP PM Activation Failure,12,0.015546935814184587,0.015546935814184587
High Temperature (35Â°),Local Cell Unusable,-12,0.02874749058481995,0.02874749058481995
High Temperature (35Â°),Local Cell Unusable,-11,0.027560333285999956,0.027560333285999956
High Temperature (35Â°),Local Cell Unusable,-10,0.06089797850988019,0.06089797850988019
High Temperature (35Â°),Local Cell Unusable,-9,0.06878163821122642,0.06878163821122642
High Temperature (35Â°),Local Cell Unusable,-8,0.10934231496760279,0.10934231496760279
High Temperature (35Â°),Local Cell Unusable,-7,0.13986865157652417,0.13986865157652417
High Temperature (35Â°),Local Cell Unusable,-6,0.16626873374612733,0.16626873374612733
High Temperature (35Â°),Local Cell Unusable,-5,0.21472384241323123,0.21472384241323123
High Temperature (35Â°),Local Cell Unusable,-4,0.24569219943229284,0.24569219943229284
High Temperature (35Â°),Local Cell Unusable,-3,0.2881588438832614,0.2881588438832614
High Temperature (35Â°),Local Cell Unusable,-2,0.3038031923878534,0.3038031923878534
High Temperature (35Â°),Local Cell Unusable,-1,0.27971813111731125,0.27971813111731125
High Temperature (35Â°),Local Cell Unusable,0,0.3829894465550562,0.3829894465550562
High Temperature (35Â°),Local Cell Unusable,1,0.24179024512313463,0.24179024512313463
High Temperature (35Â°),Local Cell Unusable,2,0.24625540042216063,0.24625540042216063
High Temperature (35Â°),Local Cell Unusable,3,0.1943849134510812,0.1943849134510812
High Temperature (35Â°),Local Cell Unusable,4,0.16237927076727596,0.16237927076727596
High Temperature (35Â°),Local Cell Unusable,5,0.1519006274819724,0.1519006274819724
High Temperature (35Â°),Local Cell Unusable,6,0.09288267816264066,0.09288267816264066
High Temperature (35Â°),Local Cell Unusable,7,0.07835922416519052,0.07835922416519052
High Temperature (35Â°),Local Cell Unusable,8,0.0574720860841842,0.0574720860841842
High Temperature (35Â°),Local Cell Unusable,9,0.03886192990859379,0.03886192990859379
High Temperature (35Â°),Local Cell Unusable,10,0.04510746756061913,0.04510746756061913
High Temperature (35Â°),Local Cell Unusable,11,0.021769741690543607,0.021769741690543607
High Temperature (35Â°),Local Cell Unusable,12,0.048205469211540605,0.048205469211540605
High Temperature (35Â°),Parallel Alarm Exceeds the Limit,-12,0.0461508461328206,0.0461508461328206
High Temperature (35Â°),Parallel Alarm Exceeds the Limit,-11,0.027038786878779413,0.027038786878779413
High Temperature (35Â°),Parallel Alarm Exceeds the Limit,-10,0.052604632920441,0.052604632920441
High Temperature (35Â°),Parallel Alarm Exceeds the Limit,-9,0.030675332451978746,0.030675332451978746
High Temperature (35Â°),Parallel Alarm Exceeds the Limit,-8,0.04088096548568453,0.04088096548568453
High Temperature (35Â°),Parallel Alarm Exceeds the Limit,-7,0.0601807923463835,0.0601807923463835
High Temperature (35Â°),Parallel Alarm Exceeds the Limit,-6,0.043630729280102205,0.043630729280102205
High Temperature (35Â°),Parallel Alarm Exceeds the Limit,-5,0.06532477594684015,0.06532477594684015
High Temperature (35Â°),Parallel Alarm Exceeds the Limit,-4,0.049466371147286435,0.049466371147286435
High Temperature (35Â°),Parallel Alarm Exceeds the Limit,-3,0.0601873716910751,0.0601873716910751
High Temperature (35Â°),Parallel Alarm Exceeds the Limit,-2,0.06237356620576273,0.06237356620576273
High Temperature (35Â°),Parallel Alarm Exceeds the Limit,-1,0.06810377204915322,0.06810377204915322
High Temperature (35Â°),Parallel Alarm Exceeds the Limit,0,0.13329585425088294,0.13329585425088294
High Temperature (35Â°),Parallel Alarm Exceeds the Limit,1,0.04695252396235011,0.04695252396235011
High Temperature (35Â°),Parallel Alarm Exceeds the Limit,2,0.04946804456227432,0.04946804456227432
High Temperature (35Â°),Parallel Alarm Exceeds the Limit,3,0.07327839517012252,0.07327839517012252
High Temperature (35Â°),Parallel Alarm Exceeds the Limit,4,0.04717425043366022,0.04717425043366022
High Temperature (35Â°),Parallel Alarm Exceeds the Limit,5,0.08285436598720783,0.08285436598720783
High Temperature (35Â°),Parallel Alarm Exceeds the Limit,6,0.03744668077582686,0.03744668077582686
High Temperature (35Â°),Parallel Alarm Exceeds the Limit,7,0.05770158755140326,0.05770158755140326
High Temperature (35Â°),Parallel Alarm Exceeds the Limit,8,0.07868014421563378,0.07868014421563378
High Temperature (35Â°),Parallel Alarm Exceeds the Limit,9,0.033214822072885106,0.033214822072885106
High Temperature (35Â°),Parallel Alarm Exceeds the Limit,10,0.045565669365002504,0.045565669365002504
High Temperature (35Â°),Parallel Alarm Exceeds the Limit,11,0.04184506310534275,0.04184506310534275
High Temperature (35Â°),Parallel Alarm Exceeds the Limit,12,0.03238764838415632,0.03238764838415632
High Temperature (35Â°),RF Unit RX Channel RTWP/RSSI Unbalanced,-12,0.2642179664719541,0.2642179664719541
High Temperature (35Â°),RF Unit RX Channel RTWP/RSSI Unbalanced,-11,0.2660454947680085,0.2660454947680085
High Temperature (35Â°),RF Unit RX Channel RTWP/RSSI Unbalanced,-10,0.28241114755044133,0.28241114755044133
High Temperature (35Â°),RF Unit RX Channel RTWP/RSSI Unbalanced,-9,0.28934707168232077,0.28934707168232077
High Temperature (35Â°),RF Unit RX Channel RTWP/RSSI Unbalanced,-8,0.30503546197541,0.30503546197541
High Temperature (35Â°),RF Unit RX Channel RTWP/RSSI Unbalanced,-7,0.3134894574328168,0.3134894574328168
High Temperature (35Â°),RF Unit RX Channel RTWP/RSSI Unbalanced,-6,0.32309573243074746,0.32309573243074746
High Temperature (35Â°),RF Unit RX Channel RTWP/RSSI Unbalanced,-5,0.332385970506232,0.332385970506232
High Temperature (35Â°),RF Unit RX Channel RTWP/RSSI Unbalanced,-4,0.3519796780166363,0.3519796780166363
High Temperature (35Â°),RF Unit RX Channel RTWP/RSSI Unbalanced,-3,0.36560185890350966,0.36560185890350966
High Temperature (35Â°),RF Unit RX Channel RTWP/RSSI Unbalanced,-2,0.40969631147743424,0.40969631147743424
High Temperature (35Â°),RF Unit RX Channel RTWP/RSSI Unbalanced,-1,0.4296052747370692,0.4296052747370692
High Temperature (35Â°),RF Unit RX Channel RTWP/RSSI Unbalanced,0,0.523433613911791,0.523433613911791
High Temperature (35Â°),RF Unit RX Channel RTWP/RSSI Unbalanced,1,0.4933638729055962,0.4933638729055962
High Temperature (35Â°),RF Unit RX Channel RTWP/RSSI Unbalanced,2,0.4736729596757245,0.4736729596757245
High Temperature (35Â°),RF Unit RX Channel RTWP/RSSI Unbalanced,3,0.45237718068822425,0.45237718068822425
High Temperature (35Â°),RF Unit RX Channel RTWP/RSSI Unbalanced,4,0.4158345257961833,0.4158345257961833
High Temperature (35Â°),RF Unit RX Channel RTWP/RSSI Unbalanced,5,0.3698652700008572,0.3698652700008572
High Temperature (35Â°),RF Unit RX Channel RTWP/RSSI Unbalanced,6,0.33881496182939913,0.33881496182939913
High Temperature (35Â°),RF Unit RX Channel RTWP/RSSI Unbalanced,7,0.3097831858032131,0.3097831858032131
High Temperature (35Â°),RF Unit RX Channel RTWP/RSSI Unbalanced,8,0.29800225351690746,0.29800225351690746
High Temperature (35Â°),RF Unit RX Channel RTWP/RSSI Unbalanced,9,0.27653107971821095,0.27653107971821095
High Temperature (35Â°),RF Unit RX Channel RTWP/RSSI Unbalanced,10,0.27668058558966985,0.27668058558966985
High Temperature (35Â°),RF Unit RX Channel RTWP/RSSI Unbalanced,11,0.26666493255088375,0.26666493255088375
High Temperature (35Â°),RF Unit RX Channel RTWP/RSSI Unbalanced,12,0.27179700676063,0.27179700676063
High Temperature (35Â°),RF Unit VSWR Threshold Crossed,-12,0.15660809624974312,0.15660809624974312
High Temperature (35Â°),RF Unit VSWR Threshold Crossed,-11,0.1544050385642328,0.1544050385642328
High Temperature (35Â°),RF Unit VSWR Threshold Crossed,-10,0.18685699311899562,0.18685699311899562
High Temperature (35Â°),RF Unit VSWR Threshold Crossed,-9,0.16741678009023214,0.16741678009023214
High Temperature (35Â°),RF Unit VSWR Threshold Crossed,-8,0.21786991177192466,0.21786991177192466
High Temperature (35Â°),RF Unit VSWR Threshold Crossed,-7,0.22917365046096255,0.22917365046096255
High Temperature (35Â°),RF Unit VSWR Threshold Crossed,-6,0.23818285002303274,0.23818285002303274
High Temperature (35Â°),RF Unit VSWR Threshold Crossed,-5,0.2954192567981336,0.2954192567981336
High Temperature (35Â°),RF Unit VSWR Threshold Crossed,-4,0.269137976578337,0.269137976578337
High Temperature (35Â°),RF Unit VSWR Threshold Crossed,-3,0.3283848322898049,0.3283848322898049
High Temperature (35Â°),RF Unit VSWR Threshold Crossed,-2,0.32355375911895157,0.32355375911895157
High Temperature (35Â°),RF Unit VSWR Threshold Crossed,-1,0.29475208809109454,0.29475208809109454
High Temperature (35Â°),RF Unit VSWR Threshold Crossed,0,0.47978907799810605,0.47978907799810605
High Temperature (35Â°),RF Unit VSWR Threshold Crossed,1,0.2577584777513567,0.2577584777513567
High Temperature (35Â°),RF Unit VSWR Threshold Crossed,2,0.27773183373388033,0.27773183373388033
High Temperature (35Â°),RF Unit VSWR Threshold Crossed,3,0.2678780345311782,0.2678780345311782
High Temperature (35Â°),RF Unit VSWR Threshold Crossed,4,0.22454844279225242,0.22454844279225242
High Temperature (35Â°),RF Unit VSWR Threshold Crossed,5,0.22231507148396343,0.22231507148396343
High Temperature (35Â°),RF Unit VSWR Threshold Crossed,6,0.16733031126322861,0.16733031126322861
High Temperature (35Â°),RF Unit VSWR Threshold Crossed,7,0.18831813891857202,0.18831813891857202
High Temperature (35Â°),RF Unit VSWR Threshold Crossed,8,0.16314752486311213,0.16314752486311213
High Temperature (35Â°),RF Unit VSWR Threshold Crossed,9,0.14096141322641104,0.14096141322641104
High Temperature (35Â°),RF Unit VSWR Threshold Crossed,10,0.17287669448043969,0.17287669448043969
High Temperature (35Â°),RF Unit VSWR Threshold Crossed,11,0.1322992957506086,0.1322992957506086
High Temperature (35Â°),RF Unit VSWR Threshold Crossed,12,0.1620924352716496,0.1620924352716496
High Temperature (35Â°),S1ap Link Down,-12,0.028926084506552638,0.028926084506552638
High Temperature (35Â°),S1ap Link Down,-11,0.030942235664263566,0.030942235664263566
High Temperature (35Â°),S1ap Link Down,-10,0.040143996591389154,0.040143996591389154
High Temperature (35Â°),S1ap Link Down,-9,0.030473464432243635,0.030473464432243635
High Temperature (35Â°),S1ap Link Down,-8,0.0413545928383308,0.0413545928383308
High Temperature (35Â°),S1ap Link Down,-7,0.047705734015217285,0.047705734015217285
High Temperature (35Â°),S1ap Link Down,-6,0.03760393076709274,0.03760393076709274
High Temperature (35Â°),S1ap Link Down,-5,0.06728568724232362,0.06728568724232362
High Temperature (35Â°),S1ap Link Down,-4,0.05804073504461455,0.05804073504461455
High Temperature (35Â°),S1ap Link Down,-3,0.07131496153584327,0.07131496153584327
High Temperature (35Â°),S1ap Link Down,-2,0.07942389234955809,0.07942389234955809
High Temperature (35Â°),S1ap Link Down,-1,0.08062155612861342,0.08062155612861342
High Temperature (35Â°),S1ap Link Down,0,0.11723246509777327,0.11723246509777327
High Temperature (35Â°),S1ap Link Down,1,0.06554862452615505,0.06554862452615505
High Temperature (35Â°),S1ap Link Down,2,0.07494433717003475,0.07494433717003475
High Temperature (35Â°),S1ap Link Down,3,0.08566658710439237,0.08566658710439237
High Temperature (35Â°),S1ap Link Down,4,0.06154450639345249,0.06154450639345249
High Temperature (35Â°),S1ap Link Down,5,0.06327838189883854,0.06327838189883854
High Temperature (35Â°),S1ap Link Down,6,0.04591766929992289,0.04591766929992289
High Temperature (35Â°),S1ap Link Down,7,0.05857958266003991,0.05857958266003991
High Temperature (35Â°),S1ap Link Down,8,0.05811506148824547,0.05811506148824547
High Temperature (35Â°),S1ap Link Down,9,0.046870524748033424,0.046870524748033424
High Temperature (35Â°),S1ap Link Down,10,0.042365596342444294,0.042365596342444294
High Temperature (35Â°),S1ap Link Down,11,0.04594414909897813,0.04594414909897813
High Temperature (35Â°),S1ap Link Down,12,0.03861775819864547,0.03861775819864547
High Temperature (35Â°),SCTP Link Fault,-12,0.08445337609410553,0.08445337609410553
High Temperature (35Â°),SCTP Link Fault,-11,0.06426912858644655,0.06426912858644655
High Temperature (35Â°),SCTP Link Fault,-10,0.07051148362734251,0.07051148362734251
High Temperature (35Â°),SCTP Link Fault,-9,0.08489038026366022,0.08489038026366022
High Temperature (35Â°),SCTP Link Fault,-8,0.08236680054577851,0.08236680054577851
High Temperature (35Â°),SCTP Link Fault,-7,0.10302275213448994,0.10302275213448994
High Temperature (35Â°),SCTP Link Fault,-6,0.1084572455116155,0.1084572455116155
High Temperature (35Â°),SCTP Link Fault,-5,0.13678728900265785,0.13678728900265785
High Temperature (35Â°),SCTP Link Fault,-4,0.14940573261434392,0.14940573261434392
High Temperature (35Â°),SCTP Link Fault,-3,0.1492375891892013,0.1492375891892013
High Temperature (35Â°),SCTP Link Fault,-2,0.17904369107523155,0.17904369107523155
High Temperature (35Â°),SCTP Link Fault,-1,0.16050054951004086,0.16050054951004086
High Temperature (35Â°),SCTP Link Fault,0,0.1996449384962838,0.1996449384962838
High Temperature (35Â°),SCTP Link Fault,1,0.17266226309305083,0.17266226309305083
High Temperature (35Â°),SCTP Link Fault,2,0.16060641953794022,0.16060641953794022
High Temperature (35Â°),SCTP Link Fault,3,0.15747670085928736,0.15747670085928736
High Temperature (35Â°),SCTP Link Fault,4,0.1214744856627034,0.1214744856627034
High Temperature (35Â°),SCTP Link Fault,5,0.12733140643457463,0.12733140643457463
High Temperature (35Â°),SCTP Link Fault,6,0.09583462227748615,0.09583462227748615
High Temperature (35Â°),SCTP Link Fault,7,0.08185911959959795,0.08185911959959795
High Temperature (35Â°),SCTP Link Fault,8,0.08634206193548301,0.08634206193548301
High Temperature (35Â°),SCTP Link Fault,9,0.07467643791675163,0.07467643791675163
High Temperature (35Â°),SCTP Link Fault,10,0.06734679294992939,0.06734679294992939
High Temperature (35Â°),SCTP Link Fault,11,0.06779190200386973,0.06779190200386973
High Temperature (35Â°),SCTP Link Fault,12,0.10293815785989748,0.10293815785989748
High Temperature (35Â°),SDH/SONET Tributary Excessive Slip Frames,-12,0.2137950390702675,0.2137950390702675
High Temperature (35Â°),SDH/SONET Tributary Excessive Slip Frames,-11,0.2004930563789033,0.2004930563789033
High Temperature (35Â°),SDH/SONET Tributary Excessive Slip Frames,-10,0.24445291038903333,0.24445291038903333
High Temperature (35Â°),SDH/SONET Tributary Excessive Slip Frames,-9,0.19068655908498197,0.19068655908498197
High Temperature (35Â°),SDH/SONET Tributary Excessive Slip Frames,-8,0.2571163465574775,0.2571163465574775
High Temperature (35Â°),SDH/SONET Tributary Excessive Slip Frames,-7,0.2355693239939342,0.2355693239939342
High Temperature (35Â°),SDH/SONET Tributary Excessive Slip Frames,-6,0.22675090401023246,0.22675090401023246
High Temperature (35Â°),SDH/SONET Tributary Excessive Slip Frames,-5,0.28045224987243933,0.28045224987243933
High Temperature (35Â°),SDH/SONET Tributary Excessive Slip Frames,-4,0.23245595458834387,0.23245595458834387
High Temperature (35Â°),SDH/SONET Tributary Excessive Slip Frames,-3,0.2817519838954409,0.2817519838954409
High Temperature (35Â°),SDH/SONET Tributary Excessive Slip Frames,-2,0.2661084542770768,0.2661084542770768
High Temperature (35Â°),SDH/SONET Tributary Excessive Slip Frames,-1,0.22237127801278206,0.22237127801278206
High Temperature (35Â°),SDH/SONET Tributary Excessive Slip Frames,0,0.5181805276186261,0.5181805276186261
High Temperature (35Â°),SDH/SONET Tributary Excessive Slip Frames,1,0.19126141976492056,0.19126141976492056
High Temperature (35Â°),SDH/SONET Tributary Excessive Slip Frames,2,0.25225443303835704,0.25225443303835704
High Temperature (35Â°),SDH/SONET Tributary Excessive Slip Frames,3,0.2707849686255178,0.2707849686255178
High Temperature (35Â°),SDH/SONET Tributary Excessive Slip Frames,4,0.2457795177670647,0.2457795177670647
High Temperature (35Â°),SDH/SONET Tributary Excessive Slip Frames,5,0.2780385728652098,0.2780385728652098
High Temperature (35Â°),SDH/SONET Tributary Excessive Slip Frames,6,0.22240679557016454,0.22240679557016454
High Temperature (35Â°),SDH/SONET Tributary Excessive Slip Frames,7,0.26667726597126995,0.26667726597126995
High Temperature (35Â°),SDH/SONET Tributary Excessive Slip Frames,8,0.24374138811118104,0.24374138811118104
High Temperature (35Â°),SDH/SONET Tributary Excessive Slip Frames,9,0.21694189283237084,0.21694189283237084
High Temperature (35Â°),SDH/SONET Tributary Excessive Slip Frames,10,0.2642870535700407,0.2642870535700407
High Temperature (35Â°),SDH/SONET Tributary Excessive Slip Frames,11,0.18969278815146837,0.18969278815146837
High Temperature (35Â°),SDH/SONET Tributary Excessive Slip Frames,12,0.23006618719976746,0.23006618719976746
High Temperature (35Â°),Statistical Alarm,-12,0.07322433640821825,0.07322433640821825
High Temperature (35Â°),Statistical Alarm,-11,0.05503775153558793,0.05503775153558793
High Temperature (35Â°),Statistical Alarm,-10,0.06365095784236677,0.06365095784236677
High Temperature (35Â°),Statistical Alarm,-9,0.042905540954424205,0.042905540954424205
High Temperature (35Â°),Statistical Alarm,-8,0.07104676906588692,0.07104676906588692
High Temperature (35Â°),Statistical Alarm,-7,0.09346027888138032,0.09346027888138032
High Temperature (35Â°),Statistical Alarm,-6,0.0920165037666698,0.0920165037666698
High Temperature (35Â°),Statistical Alarm,-5,0.086988000759948,0.086988000759948
High Temperature (35Â°),Statistical Alarm,-4,0.09648849439678547,0.09648849439678547
High Temperature (35Â°),Statistical Alarm,-3,0.10820736451861808,0.10820736451861808
High Temperature (35Â°),Statistical Alarm,-2,0.0990428540393242,0.0990428540393242
High Temperature (35Â°),Statistical Alarm,-1,0.10867613831064281,0.10867613831064281
High Temperature (35Â°),Statistical Alarm,0,0.16052065077493516,0.16052065077493516
High Temperature (35Â°),Statistical Alarm,1,0.09680055532410224,0.09680055532410224
High Temperature (35Â°),Statistical Alarm,2,0.1078679800215414,0.1078679800215414
High Temperature (35Â°),Statistical Alarm,3,0.0759057864152794,0.0759057864152794
High Temperature (35Â°),Statistical Alarm,4,0.07689897291559253,0.07689897291559253
High Temperature (35Â°),Statistical Alarm,5,0.06993689355684418,0.06993689355684418
High Temperature (35Â°),Statistical Alarm,6,0.07057094511911158,0.07057094511911158
High Temperature (35Â°),Statistical Alarm,7,0.0667874703824696,0.0667874703824696
High Temperature (35Â°),Statistical Alarm,8,0.06840490182539592,0.06840490182539592
High Temperature (35Â°),Statistical Alarm,9,0.057526114012249885,0.057526114012249885
High Temperature (35Â°),Statistical Alarm,10,0.07366946441676317,0.07366946441676317
High Temperature (35Â°),Statistical Alarm,11,0.051778884813234435,0.051778884813234435
High Temperature (35Â°),Statistical Alarm,12,0.06789955840585622,0.06789955840585622
High Temperature (35Â°),UMTS Cell MC-HSDPA Function Fault,-12,0.26382674453068944,0.26382674453068944
High Temperature (35Â°),UMTS Cell MC-HSDPA Function Fault,-11,0.22178103851498276,0.22178103851498276
High Temperature (35Â°),UMTS Cell MC-HSDPA Function Fault,-10,0.19509413852682653,0.19509413852682653
High Temperature (35Â°),UMTS Cell MC-HSDPA Function Fault,-9,0.11239962465027836,0.11239962465027836
High Temperature (35Â°),UMTS Cell MC-HSDPA Function Fault,-8,0.09968226285555032,0.09968226285555032
High Temperature (35Â°),UMTS Cell MC-HSDPA Function Fault,-7,0.06925797838764707,0.06925797838764707
High Temperature (35Â°),UMTS Cell MC-HSDPA Function Fault,-6,0.03192469500762603,0.03192469500762603
High Temperature (35Â°),UMTS Cell MC-HSDPA Function Fault,-5,0.035818056196883497,0.035818056196883497
High Temperature (35Â°),UMTS Cell MC-HSDPA Function Fault,-4,0.0060479916479975245,0.0060479916479975245
High Temperature (35Â°),UMTS Cell MC-HSDPA Function Fault,-3,-0.00045386385913125186,0.00045386385913125186
High Temperature (35Â°),UMTS Cell MC-HSDPA Function Fault,-2,-0.013250276128996015,0.013250276128996015
High Temperature (35Â°),UMTS Cell MC-HSDPA Function Fault,-1,-0.030225150350457353,0.030225150350457353
High Temperature (35Â°),UMTS Cell MC-HSDPA Function Fault,0,-0.0006354792879938896,0.0006354792879938896
High Temperature (35Â°),UMTS Cell MC-HSDPA Function Fault,1,-0.01322815792379384,0.01322815792379384
High Temperature (35Â°),UMTS Cell MC-HSDPA Function Fault,2,-0.016483370531260418,0.016483370531260418
High Temperature (35Â°),UMTS Cell MC-HSDPA Function Fault,3,-0.0029603818500940826,0.0029603818500940826
High Temperature (35Â°),UMTS Cell MC-HSDPA Function Fault,4,0.019023531051444477,0.019023531051444477
High Temperature (35Â°),UMTS Cell MC-HSDPA Function Fault,5,0.07860053897020855,0.07860053897020855
High Temperature (35Â°),UMTS Cell MC-HSDPA Function Fault,6,0.1284143895629818,0.1284143895629818
High Temperature (35Â°),UMTS Cell MC-HSDPA Function Fault,7,0.2051912821095115,0.2051912821095115
High Temperature (35Â°),UMTS Cell MC-HSDPA Function Fault,8,0.26349260712921635,0.26349260712921635
High Temperature (35Â°),UMTS Cell MC-HSDPA Function Fault,9,0.29005013042501854,0.29005013042501854
High Temperature (35Â°),UMTS Cell MC-HSDPA Function Fault,10,0.3106435421954852,0.3106435421954852
High Temperature (35Â°),UMTS Cell MC-HSDPA Function Fault,11,0.29317550091439565,0.29317550091439565
High Temperature (35Â°),UMTS Cell MC-HSDPA Function Fault,12,0.27272330487102686,0.27272330487102686
High Temperature (35Â°),UMTS Cell Unavailable,-12,0.0849813429019881,0.0849813429019881
High Temperature (35Â°),UMTS Cell Unavailable,-11,0.07481682837031295,0.07481682837031295
High Temperature (35Â°),UMTS Cell Unavailable,-10,0.09769417746470066,0.09769417746470066
High Temperature (35Â°),UMTS Cell Unavailable,-9,0.09074609164720976,0.09074609164720976
High Temperature (35Â°),UMTS Cell Unavailable,-8,0.11433245083560227,0.11433245083560227
High Temperature (35Â°),UMTS Cell Unavailable,-7,0.11332852534140991,0.11332852534140991
High Temperature (35Â°),UMTS Cell Unavailable,-6,0.12379378297991982,0.12379378297991982
High Temperature (35Â°),UMTS Cell Unavailable,-5,0.151510729079932,0.151510729079932
High Temperature (35Â°),UMTS Cell Unavailable,-4,0.15092926059261716,0.15092926059261716
High Temperature (35Â°),UMTS Cell Unavailable,-3,0.17734885137166428,0.17734885137166428
High Temperature (35Â°),UMTS Cell Unavailable,-2,0.1908407348141343,0.1908407348141343
High Temperature (35Â°),UMTS Cell Unavailable,-1,0.1709831875132444,0.1709831875132444
High Temperature (35Â°),UMTS Cell Unavailable,0,0.27918190059665476,0.27918190059665476
High Temperature (35Â°),UMTS Cell Unavailable,1,0.17138075743766626,0.17138075743766626
High Temperature (35Â°),UMTS Cell Unavailable,2,0.17609921819540844,0.17609921819540844
High Temperature (35Â°),UMTS Cell Unavailable,3,0.17419962274782536,0.17419962274782536
High Temperature (35Â°),UMTS Cell Unavailable,4,0.14830272884067192,0.14830272884067192
High Temperature (35Â°),UMTS Cell Unavailable,5,0.14961563884020096,0.14961563884020096
High Temperature (35Â°),UMTS Cell Unavailable,6,0.10676431292981899,0.10676431292981899
High Temperature (35Â°),UMTS Cell Unavailable,7,0.11365034748931246,0.11365034748931246
High Temperature (35Â°),UMTS Cell Unavailable,8,0.1221082047243631,0.1221082047243631
High Temperature (35Â°),UMTS Cell Unavailable,9,0.09689450903134164,0.09689450903134164
High Temperature (35Â°),UMTS Cell Unavailable,10,0.10125228128778672,0.10125228128778672
High Temperature (35Â°),UMTS Cell Unavailable,11,0.0899743588842282,0.0899743588842282
High Temperature (35Â°),UMTS Cell Unavailable,12,0.09867756028322476,0.09867756028322476
High Temperature (35Â°),User Plane Fault,-12,0.1770535726948948,0.1770535726948948
High Temperature (35Â°),User Plane Fault,-11,0.16032824091327544,0.16032824091327544
High Temperature (35Â°),User Plane Fault,-10,0.20216725427454965,0.20216725427454965
High Temperature (35Â°),User Plane Fault,-9,0.17839407822512354,0.17839407822512354
High Temperature (35Â°),User Plane Fault,-8,0.20744815352775306,0.20744815352775306
High Temperature (35Â°),User Plane Fault,-7,0.23730396314383295,0.23730396314383295
High Temperature (35Â°),User Plane Fault,-6,0.24731187431037918,0.24731187431037918
High Temperature (35Â°),User Plane Fault,-5,0.294313894892076,0.294313894892076
High Temperature (35Â°),User Plane Fault,-4,0.2957673691728597,0.2957673691728597
High Temperature (35Â°),User Plane Fault,-3,0.33201213444046335,0.33201213444046335
High Temperature (35Â°),User Plane Fault,-2,0.36196456222577755,0.36196456222577755
High Temperature (35Â°),User Plane Fault,-1,0.331347019996205,0.331347019996205
High Temperature (35Â°),User Plane Fault,0,0.527119328261722,0.527119328261722
High Temperature (35Â°),User Plane Fault,1,0.3514571825131506,0.3514571825131506
High Temperature (35Â°),User Plane Fault,2,0.3454719274023227,0.3454719274023227
High Temperature (35Â°),User Plane Fault,3,0.34681267370152136,0.34681267370152136
High Temperature (35Â°),User Plane Fault,4,0.2848919688259413,0.2848919688259413
High Temperature (35Â°),User Plane Fault,5,0.3003840221184107,0.3003840221184107
High Temperature (35Â°),User Plane Fault,6,0.24485862133727604,0.24485862133727604
High Temperature (35Â°),User Plane Fault,7,0.23848630704789026,0.23848630704789026
High Temperature (35Â°),User Plane Fault,8,0.23380388308576563,0.23380388308576563
High Temperature (35Â°),User Plane Fault,9,0.19059705256684456,0.19059705256684456
High Temperature (35Â°),User Plane Fault,10,0.2073035595299127,0.2073035595299127
High Temperature (35Â°),User Plane Fault,11,0.1753293564055008,0.1753293564055008
High Temperature (35Â°),User Plane Fault,12,0.17354712942694384,0.17354712942694384
High Temperature (35Â°),X2 Interface Fault,-12,0.16316513022384668,0.16316513022384668
High Temperature (35Â°),X2 Interface Fault,-11,0.139896139259621,0.139896139259621
High Temperature (35Â°),X2 Interface Fault,-10,0.16787906191923743,0.16787906191923743
High Temperature (35Â°),X2 Interface Fault,-9,0.16971925701122612,0.16971925701122612
High Temperature (35Â°),X2 Interface Fault,-8,0.1911107300225059,0.1911107300225059
High Temperature (35Â°),X2 Interface Fault,-7,0.21896249527961958,0.21896249527961958
High Temperature (35Â°),X2 Interface Fault,-6,0.24206538772026553,0.24206538772026553
High Temperature (35Â°),X2 Interface Fault,-5,0.28013324861595934,0.28013324861595934
High Temperature (35Â°),X2 Interface Fault,-4,0.30609728313399176,0.30609728313399176
High Temperature (35Â°),X2 Interface Fault,-3,0.3274435412372414,0.3274435412372414
High Temperature (35Â°),X2 Interface Fault,-2,0.36578071941191403,0.36578071941191403
High Temperature (35Â°),X2 Interface Fault,-1,0.3409270200116264,0.3409270200116264
High Temperature (35Â°),X2 Interface Fault,0,0.4797439055906914,0.4797439055906914
High Temperature (35Â°),X2 Interface Fault,1,0.3730759083284133,0.3730759083284133
High Temperature (35Â°),X2 Interface Fault,2,0.3588625009960463,0.3588625009960463
High Temperature (35Â°),X2 Interface Fault,3,0.3425877447006641,0.3425877447006641
High Temperature (35Â°),X2 Interface Fault,4,0.27811054742492164,0.27811054742492164
High Temperature (35Â°),X2 Interface Fault,5,0.2837107814013787,0.2837107814013787
High Temperature (35Â°),X2 Interface Fault,6,0.22081641166017826,0.22081641166017826
High Temperature (35Â°),X2 Interface Fault,7,0.20866922846007904,0.20866922846007904
High Temperature (35Â°),X2 Interface Fault,8,0.21038301793873995,0.21038301793873995
High Temperature (35Â°),X2 Interface Fault,9,0.16962037877336839,0.16962037877336839
High Temperature (35Â°),X2 Interface Fault,10,0.16907067401261205,0.16907067401261205
High Temperature (35Â°),X2 Interface Fault,11,0.1590036968963298,0.1590036968963298
High Temperature (35Â°),X2 Interface Fault,12,0.1510355944076678,0.1510355944076678
IP PM Activation Failure,Local Cell Unusable,-12,0.010924857397000762,0.010924857397000762
IP PM Activation Failure,Local Cell Unusable,-11,0.010747343352649773,0.010747343352649773
IP PM Activation Failure,Local Cell Unusable,-10,0.0021342191246278746,0.0021342191246278746
IP PM Activation Failure,Local Cell Unusable,-9,-0.003227304856845825,0.003227304856845825
IP PM Activation Failure,Local Cell Unusable,-8,0.00046581427624752317,0.00046581427624752317
IP PM Activation Failure,Local Cell Unusable,-7,0.00563152407793332,0.00563152407793332
IP PM Activation Failure,Local Cell Unusable,-6,0.002627261907537237,0.002627261907537237
IP PM Activation Failure,Local Cell Unusable,-5,0.015792908148055725,0.015792908148055725
IP PM Activation Failure,Local Cell Unusable,-4,0.008944916490022681,0.008944916490022681
IP PM Activation Failure,Local Cell Unusable,-3,0.014805433687286644,0.014805433687286644
IP PM Activation Failure,Local Cell Unusable,-2,0.02607905775533067,0.02607905775533067
IP PM Activation Failure,Local Cell Unusable,-1,0.02231573523045832,0.02231573523045832
IP PM Activation Failure,Local Cell Unusable,0,0.038783241491002034,0.038783241491002034
IP PM Activation Failure,Local Cell Unusable,1,0.04368636906523056,0.04368636906523056
IP PM Activation Failure,Local Cell Unusable,2,0.043081591648887335,0.043081591648887335
IP PM Activation Failure,Local Cell Unusable,3,0.03046293155777949,0.03046293155777949
IP PM Activation Failure,Local Cell Unusable,4,0.021548229262507,0.021548229262507
IP PM Activation Failure,Local Cell Unusable,5,0.004468663470974661,0.004468663470974661
IP PM Activation Failure,Local Cell Unusable,6,0.014344083530082518,0.014344083530082518
IP PM Activation Failure,Local Cell Unusable,7,0.017386085619976673,0.017386085619976673
IP PM Activation Failure,Local Cell Unusable,8,0.0006184136993609492,0.0006184136993609492
IP PM Activation Failure,Local Cell Unusable,9,9.755647090534132e-05,9.755647090534132e-05
IP PM Activation Failure,Local Cell Unusable,10,0.0005035600433970131,0.0005035600433970131
IP PM Activation Failure,Local Cell Unusable,11,0.0056120723777493015,0.0056120723777493015
IP PM Activation Failure,Local Cell Unusable,12,-0.0036983769546692514,0.0036983769546692514
IP PM Activation Failure,Parallel Alarm Exceeds the Limit,-12,0.03355729421240543,0.03355729421240543
IP PM Activation Failure,Parallel Alarm Exceeds the Limit,-11,-0.004173631101137003,0.004173631101137003
IP PM Activation Failure,Parallel Alarm Exceeds the Limit,-10,0.016318991912341912,0.016318991912341912
IP PM Activation Failure,Parallel Alarm Exceeds the Limit,-9,0.0043133824224844035,0.0043133824224844035
IP PM Activation Failure,Parallel Alarm Exceeds the Limit,-8,-0.001813426899616571,0.001813426899616571
IP PM Activation Failure,Parallel Alarm Exceeds the Limit,-7,-0.004922002668064466,0.004922002668064466
IP PM Activation Failure,Parallel Alarm Exceeds the Limit,-6,-0.002140212314508562,0.002140212314508562
IP PM Activation Failure,Parallel Alarm Exceeds the Limit,-5,0.018853691051244938,0.018853691051244938
IP PM Activation Failure,Parallel Alarm Exceeds the Limit,-4,-0.002728493363543916,0.002728493363543916
IP PM Activation Failure,Parallel Alarm Exceeds the Limit,-3,0.007093194307982616,0.007093194307982616
IP PM Activation Failure,Parallel Alarm Exceeds the Limit,-2,0.021147303417127793,0.021147303417127793
IP PM Activation Failure,Parallel Alarm Exceeds the Limit,-1,0.018117031915886254,0.018117031915886254
IP PM Activation Failure,Parallel Alarm Exceeds the Limit,0,0.05174400191887801,0.05174400191887801
IP PM Activation Failure,Parallel Alarm Exceeds the Limit,1,0.03779210627736534,0.03779210627736534
IP PM Activation Failure,Parallel Alarm Exceeds the Limit,2,0.031464502518487744,0.031464502518487744
IP PM Activation Failure,Parallel Alarm Exceeds the Limit,3,-0.0012946361521990254,0.0012946361521990254
IP PM Activation Failure,Parallel Alarm Exceeds the Limit,4,-0.0010503223056834176,0.0010503223056834176
IP PM Activation Failure,Parallel Alarm Exceeds the Limit,5,-0.004339044568182004,0.004339044568182004
IP PM Activation Failure,Parallel Alarm Exceeds the Limit,6,-0.00338173179768656,0.00338173179768656
IP PM Activation Failure,Parallel Alarm Exceeds the Limit,7,-0.0011165134210093625,0.0011165134210093625
IP PM Activation Failure,Parallel Alarm Exceeds the Limit,8,0.02457626707061641,0.02457626707061641
IP PM Activation Failure,Parallel Alarm Exceeds the Limit,9,-0.003560835003914274,0.003560835003914274
IP PM Activation Failure,Parallel Alarm Exceeds the Limit,10,0.012372568852038664,0.012372568852038664
IP PM Activation Failure,Parallel Alarm Exceeds the Limit,11,0.018416409756572005,0.018416409756572005
IP PM Activation Failure,Parallel Alarm Exceeds the Limit,12,0.0033062649227927564,0.0033062649227927564
IP PM Activation Failure,RF Unit RX Channel RTWP/RSSI Unbalanced,-12,0.004926291934673956,0.004926291934673956
IP PM Activation Failure,RF Unit RX Channel RTWP/RSSI Unbalanced,-11,0.019545278093527702,0.019545278093527702
IP PM Activation Failure,RF Unit RX Channel RTWP/RSSI Unbalanced,-10,0.030163648844831026,0.030163648844831026
IP PM Activation Failure,RF Unit RX Channel RTWP/RSSI Unbalanced,-9,0.040511938383039764,0.040511938383039764
IP PM Activation Failure,RF Unit RX Channel RTWP/RSSI Unbalanced,-8,0.03513945158807416,0.03513945158807416
IP PM Activation Failure,RF Unit RX Channel RTWP/RSSI Unbalanced,-7,0.026235965260236912,0.026235965260236912
IP PM Activation Failure,RF Unit RX Channel RTWP/RSSI Unbalanced,-6,0.02050360857553612,0.02050360857553612
IP PM Activation Failure,RF Unit RX Channel RTWP/RSSI Unbalanced,-5,0.013666208108713608,0.013666208108713608
IP PM Activation Failure,RF Unit RX Channel RTWP/RSSI Unbalanced,-4,0.009213499920237397,0.009213499920237397
IP PM Activation Failure,RF Unit RX Channel RTWP/RSSI Unbalanced,-3,0.013098996144483364,0.013098996144483364
IP PM Activation Failure,RF Unit RX Channel RTWP/RSSI Unbalanced,-2,0.0210899611786987,0.0210899611786987
IP PM Activation Failure,RF Unit RX Channel RTWP/RSSI Unbalanced,-1,0.04157051968120443,0.04157051968120443
IP PM Activation Failure,RF Unit RX Channel RTWP/RSSI Unbalanced,0,0.03994193018869716,0.03994193018869716
IP PM Activation Failure,RF Unit RX Channel RTWP/RSSI Unbalanced,1,0.05362187085713939,0.05362187085713939
IP PM Activation Failure,RF Unit RX Channel RTWP/RSSI Unbalanced,2,0.052639115392637645,0.052639115392637645
IP PM Activation Failure,RF Unit RX Channel RTWP/RSSI Unbalanced,3,0.04045114391945259,0.04045114391945259
IP PM Activation Failure,RF Unit RX Channel RTWP/RSSI Unbalanced,4,0.04379087939658835,0.04379087939658835
IP PM Activation Failure,RF Unit RX Channel RTWP/RSSI Unbalanced,5,0.04681630180045306,0.04681630180045306
IP PM Activation Failure,RF Unit RX Channel RTWP/RSSI Unbalanced,6,0.042741875087500665,0.042741875087500665
IP PM Activation Failure,RF Unit RX Channel RTWP/RSSI Unbalanced,7,0.03746862456158421,0.03746862456158421
IP PM Activation Failure,RF Unit RX Channel RTWP/RSSI Unbalanced,8,0.03016563831398684,0.03016563831398684
IP PM Activation Failure,RF Unit RX Channel RTWP/RSSI Unbalanced,9,0.017664149976132144,0.017664149976132144
IP PM Activation Failure,RF Unit RX Channel RTWP/RSSI Unbalanced,10,0.005629296388505561,0.005629296388505561
IP PM Activation Failure,RF Unit RX Channel RTWP/RSSI Unbalanced,11,0.021204859962621732,0.021204859962621732
IP PM Activation Failure,RF Unit RX Channel RTWP/RSSI Unbalanced,12,0.013444167290888962,0.013444167290888962
IP PM Activation Failure,RF Unit VSWR Threshold Crossed,-12,0.005080609390007429,0.005080609390007429
IP PM Activation Failure,RF Unit VSWR Threshold Crossed,-11,0.007546774110944325,0.007546774110944325
IP PM Activation Failure,RF Unit VSWR Threshold Crossed,-10,0.020900421833110548,0.020900421833110548
IP PM Activation Failure,RF Unit VSWR Threshold Crossed,-9,0.009577995290563884,0.009577995290563884
IP PM Activation Failure,RF Unit VSWR Threshold Crossed,-8,0.0034163247221746383,0.0034163247221746383
IP PM Activation Failure,RF Unit VSWR Threshold Crossed,-7,0.004971879758295192,0.004971879758295192
IP PM Activation Failure,RF Unit VSWR Threshold Crossed,-6,0.01782563620344391,0.01782563620344391
IP PM Activation Failure,RF Unit VSWR Threshold Crossed,-5,0.010661555154632471,0.010661555154632471
IP PM Activation Failure,RF Unit VSWR Threshold Crossed,-4,0.014863812257506721,0.014863812257506721
IP PM Activation Failure,RF Unit VSWR Threshold Crossed,-3,0.012474488078154378,0.012474488078154378
IP PM Activation Failure,RF Unit VSWR Threshold Crossed,-2,0.03364332132698629,0.03364332132698629
IP PM Activation Failure,RF Unit VSWR Threshold Crossed,-1,0.03191020357702792,0.03191020357702792
IP PM Activation Failure,RF Unit VSWR Threshold Crossed,0,0.05422887787247558,0.05422887787247558
IP PM Activation Failure,RF Unit VSWR Threshold Crossed,1,0.047035486191487126,0.047035486191487126
IP PM Activation Failure,RF Unit VSWR Threshold Crossed,2,0.04176086111513349,0.04176086111513349
IP PM Activation Failure,RF Unit VSWR Threshold Crossed,3,0.02175862258531137,0.02175862258531137
IP PM Activation Failure,RF Unit VSWR Threshold Crossed,4,0.021359531003855667,0.021359531003855667
IP PM Activation Failure,RF Unit VSWR Threshold Crossed,5,0.025840971600459058,0.025840971600459058
IP PM Activation Failure,RF Unit VSWR Threshold Crossed,6,0.021953233864353217,0.021953233864353217
IP PM Activation Failure,RF Unit VSWR Threshold Crossed,7,0.007710812625206577,0.007710812625206577
IP PM Activation Failure,RF Unit VSWR Threshold Crossed,8,0.020990325070175182,0.020990325070175182
IP PM Activation Failure,RF Unit VSWR Threshold Crossed,9,0.003521089254805527,0.003521089254805527
IP PM Activation Failure,RF Unit VSWR Threshold Crossed,10,0.007393676977842838,0.007393676977842838
IP PM Activation Failure,RF Unit VSWR Threshold Crossed,11,0.009080983871748159,0.009080983871748159
IP PM Activation Failure,RF Unit VSWR Threshold Crossed,12,0.013893999492713555,0.013893999492713555
IP PM Activation Failure,S1ap Link Down,-12,-5.961242466206309e-06,5.961242466206309e-06
IP PM Activation Failure,S1ap Link Down,-11,0.0013646612595127558,0.0013646612595127558
IP PM Activation Failure,S1ap Link Down,-10,0.006595565529633641,0.006595565529633641
IP PM Activation Failure,S1ap Link Down,-9,0.0039038925091146263,0.0039038925091146263
IP PM Activation Failure,S1ap Link Down,-8,0.0051174080838787914,0.0051174080838787914
IP PM Activation Failure,S1ap Link Down,-7,-0.001654172236526137,0.001654172236526137
IP PM Activation Failure,S1ap Link Down,-6,0.00390787552256219,0.00390787552256219
IP PM Activation Failure,S1ap Link Down,-5,0.0037963795896182742,0.0037963795896182742
IP PM Activation Failure,S1ap Link Down,-4,0.004020244845838991,0.004020244845838991
IP PM Activation Failure,S1ap Link Down,-3,0.047820248550218054,0.047820248550218054
IP PM Activation Failure,S1ap Link Down,-2,0.019471694007590155,0.019471694007590155
IP PM Activation Failure,S1ap Link Down,-1,0.013402610334616958,0.013402610334616958
IP PM Activation Failure,S1ap Link Down,0,0.04899183162164888,0.04899183162164888
IP PM Activation Failure,S1ap Link Down,1,0.03057817028807934,0.03057817028807934
IP PM Activation Failure,S1ap Link Down,2,0.01849406807983866,0.01849406807983866
IP PM Activation Failure,S1ap Link Down,3,0.005519418109028734,0.005519418109028734
IP PM Activation Failure,S1ap Link Down,4,0.00447424207992785,0.00447424207992785
IP PM Activation Failure,S1ap Link Down,5,0.002519921469828489,0.002519921469828489
IP PM Activation Failure,S1ap Link Down,6,0.0011647899587698463,0.0011647899587698463
IP PM Activation Failure,S1ap Link Down,7,0.006163601629820306,0.006163601629820306
IP PM Activation Failure,S1ap Link Down,8,-0.0010274583147830154,0.0010274583147830154
IP PM Activation Failure,S1ap Link Down,9,-0.004583173178027198,0.004583173178027198
IP PM Activation Failure,S1ap Link Down,10,0.00024570604373462226,0.00024570604373462226
IP PM Activation Failure,S1ap Link Down,11,-0.0003759405925508788,0.0003759405925508788
IP PM Activation Failure,S1ap Link Down,12,0.004545658618386429,0.004545658618386429
IP PM Activation Failure,SCTP Link Fault,-12,0.031044627801858817,0.031044627801858817
IP PM Activation Failure,SCTP Link Fault,-11,0.0060778993875855005,0.0060778993875855005
IP PM Activation Failure,SCTP Link Fault,-10,0.01061666510965823,0.01061666510965823
IP PM Activation Failure,SCTP Link Fault,-9,0.006965013004805691,0.006965013004805691
IP PM Activation Failure,SCTP Link Fault,-8,0.0015364609757142717,0.0015364609757142717
IP PM Activation Failure,SCTP Link Fault,-7,-0.0022740901370478885,0.0022740901370478885
IP PM Activation Failure,SCTP Link Fault,-6,0.0002002603430720784,0.0002002603430720784
IP PM Activation Failure,SCTP Link Fault,-5,0.00849751583084983,0.00849751583084983
IP PM Activation Failure,SCTP Link Fault,-4,0.011297549257529032,0.011297549257529032
IP PM Activation Failure,SCTP Link Fault,-3,0.008434054262179611,0.008434054262179611
IP PM Activation Failure,SCTP Link Fault,-2,0.008842180809092898,0.008842180809092898
IP PM Activation Failure,SCTP Link Fault,-1,0.017533766272920158,0.017533766272920158
IP PM Activation Failure,SCTP Link Fault,0,0.05496725581134763,0.05496725581134763
IP PM Activation Failure,SCTP Link Fault,1,0.02836173730149701,0.02836173730149701
IP PM Activation Failure,SCTP Link Fault,2,0.022168793667452995,0.022168793667452995
IP PM Activation Failure,SCTP Link Fault,3,0.01961524282260063,0.01961524282260063
IP PM Activation Failure,SCTP Link Fault,4,0.022424093828252237,0.022424093828252237
IP PM Activation Failure,SCTP Link Fault,5,0.012013363787264442,0.012013363787264442
IP PM Activation Failure,SCTP Link Fault,6,0.008082870854984932,0.008082870854984932
IP PM Activation Failure,SCTP Link Fault,7,0.004837995982094249,0.004837995982094249
IP PM Activation Failure,SCTP Link Fault,8,0.009318598520734436,0.009318598520734436
IP PM Activation Failure,SCTP Link Fault,9,0.006495867214299082,0.006495867214299082
IP PM Activation Failure,SCTP Link Fault,10,0.008366776339574456,0.008366776339574456
IP PM Activation Failure,SCTP Link Fault,11,0.005211546035435601,0.005211546035435601
IP PM Activation Failure,SCTP Link Fault,12,0.012770280011681756,0.012770280011681756
IP PM Activation Failure,SDH/SONET Tributary Excessive Slip Frames,-12,0.024551822553750616,0.024551822553750616
IP PM Activation Failure,SDH/SONET Tributary Excessive Slip Frames,-11,0.01393744755381488,0.01393744755381488
IP PM Activation Failure,SDH/SONET Tributary Excessive Slip Frames,-10,0.037370082332337594,0.037370082332337594
IP PM Activation Failure,SDH/SONET Tributary Excessive Slip Frames,-9,0.012509694827881213,0.012509694827881213
IP PM Activation Failure,SDH/SONET Tributary Excessive Slip Frames,-8,0.009507131868636425,0.009507131868636425
IP PM Activation Failure,SDH/SONET Tributary Excessive Slip Frames,-7,0.0207322828310738,0.0207322828310738
IP PM Activation Failure,SDH/SONET Tributary Excessive Slip Frames,-6,0.015945361900616937,0.015945361900616937
IP PM Activation Failure,SDH/SONET Tributary Excessive Slip Frames,-5,0.019888070432748893,0.019888070432748893
IP PM Activation Failure,SDH/SONET Tributary Excessive Slip Frames,-4,0.02866131310566637,0.02866131310566637
IP PM Activation Failure,SDH/SONET Tributary Excessive Slip Frames,-3,0.022290707084785057,0.022290707084785057
IP PM Activation Failure,SDH/SONET Tributary Excessive Slip Frames,-2,0.03494290148777548,0.03494290148777548
IP PM Activation Failure,SDH/SONET Tributary Excessive Slip Frames,-1,0.021678742596013795,0.021678742596013795
IP PM Activation Failure,SDH/SONET Tributary Excessive Slip Frames,0,0.036377982520582455,0.036377982520582455
IP PM Activation Failure,SDH/SONET Tributary Excessive Slip Frames,1,0.02320411077250485,0.02320411077250485
IP PM Activation Failure,SDH/SONET Tributary Excessive Slip Frames,2,0.021082904655835396,0.021082904655835396
IP PM Activation Failure,SDH/SONET Tributary Excessive Slip Frames,3,0.010980967088676965,0.010980967088676965
IP PM Activation Failure,SDH/SONET Tributary Excessive Slip Frames,4,0.009642693403001792,0.009642693403001792
IP PM Activation Failure,SDH/SONET Tributary Excessive Slip Frames,5,0.015924848817097242,0.015924848817097242
IP PM Activation Failure,SDH/SONET Tributary Excessive Slip Frames,6,0.013490658541923337,0.013490658541923337
IP PM Activation Failure,SDH/SONET Tributary Excessive Slip Frames,7,0.005674885804019965,0.005674885804019965
IP PM Activation Failure,SDH/SONET Tributary Excessive Slip Frames,8,0.029894971527516058,0.029894971527516058
IP PM Activation Failure,SDH/SONET Tributary Excessive Slip Frames,9,0.016736679284504438,0.016736679284504438
IP PM Activation Failure,SDH/SONET Tributary Excessive Slip Frames,10,0.016317295977310048,0.016317295977310048
IP PM Activation Failure,SDH/SONET Tributary Excessive Slip Frames,11,0.01917684660005583,0.01917684660005583
IP PM Activation Failure,SDH/SONET Tributary Excessive Slip Frames,12,0.0251931876033626,0.0251931876033626
IP PM Activation Failure,Statistical Alarm,-12,0.015023432428340845,0.015023432428340845
IP PM Activation Failure,Statistical Alarm,-11,-0.004354043038638175,0.004354043038638175
IP PM Activation Failure,Statistical Alarm,-10,0.005905680404364944,0.005905680404364944
IP PM Activation Failure,Statistical Alarm,-9,0.011178354921416275,0.011178354921416275
IP PM Activation Failure,Statistical Alarm,-8,0.12364177346714833,0.12364177346714833
IP PM Activation Failure,Statistical Alarm,-7,-0.002882387531694098,0.002882387531694098
IP PM Activation Failure,Statistical Alarm,-6,-0.0004519152551949728,0.0004519152551949728
IP PM Activation Failure,Statistical Alarm,-5,0.01851130212147377,0.01851130212147377
IP PM Activation Failure,Statistical Alarm,-4,0.008990073640005286,0.008990073640005286
IP PM Activation Failure,Statistical Alarm,-3,0.013816485766464834,0.013816485766464834
IP PM Activation Failure,Statistical Alarm,-2,0.01677691161296534,0.01677691161296534
IP PM Activation Failure,Statistical Alarm,-1,0.008408800347190699,0.008408800347190699
IP PM Activation Failure,Statistical Alarm,0,0.033703139463712235,0.033703139463712235
IP PM Activation Failure,Statistical Alarm,1,0.033952314489425164,0.033952314489425164
IP PM Activation Failure,Statistical Alarm,2,0.008952849292686211,0.008952849292686211
IP PM Activation Failure,Statistical Alarm,3,0.010799240907191237,0.010799240907191237
IP PM Activation Failure,Statistical Alarm,4,0.007695257702441392,0.007695257702441392
IP PM Activation Failure,Statistical Alarm,5,0.003450617138161495,0.003450617138161495
IP PM Activation Failure,Statistical Alarm,6,0.0020417055729010794,0.0020417055729010794
IP PM Activation Failure,Statistical Alarm,7,0.003435123155235833,0.003435123155235833
IP PM Activation Failure,Statistical Alarm,8,0.033899743249177196,0.033899743249177196
IP PM Activation Failure,Statistical Alarm,9,0.011914900128556581,0.011914900128556581
IP PM Activation Failure,Statistical Alarm,10,0.03982797438287142,0.03982797438287142
IP PM Activation Failure,Statistical Alarm,11,0.006196181685127432,0.006196181685127432
IP PM Activation Failure,Statistical Alarm,12,0.018699576232868623,0.018699576232868623
IP PM Activation Failure,UMTS Cell MC-HSDPA Function Fault,-12,0.027631049376224286,0.027631049376224286
IP PM Activation Failure,UMTS Cell MC-HSDPA Function Fault,-11,0.027604811815661795,0.027604811815661795
IP PM Activation Failure,UMTS Cell MC-HSDPA Function Fault,-10,0.04366975820675762,0.04366975820675762
IP PM Activation Failure,UMTS Cell MC-HSDPA Function Fault,-9,0.016731101449398024,0.016731101449398024
IP PM Activation Failure,UMTS Cell MC-HSDPA Function Fault,-8,0.019926013436291492,0.019926013436291492
IP PM Activation Failure,UMTS Cell MC-HSDPA Function Fault,-7,0.021530355025311997,0.021530355025311997
IP PM Activation Failure,UMTS Cell MC-HSDPA Function Fault,-6,-0.005590966164051299,0.005590966164051299
IP PM Activation Failure,UMTS Cell MC-HSDPA Function Fault,-5,0.0030045879981381775,0.0030045879981381775
IP PM Activation Failure,UMTS Cell MC-HSDPA Function Fault,-4,-0.00024746833943058714,0.00024746833943058714
IP PM Activation Failure,UMTS Cell MC-HSDPA Function Fault,-3,-0.0005090222285946689,0.0005090222285946689
IP PM Activation Failure,UMTS Cell MC-HSDPA Function Fault,-2,0.009424134546727784,0.009424134546727784
IP PM Activation Failure,UMTS Cell MC-HSDPA Function Fault,-1,0.046673928229508235,0.046673928229508235
IP PM Activation Failure,UMTS Cell MC-HSDPA Function Fault,0,0.038356754929599675,0.038356754929599675
IP PM Activation Failure,UMTS Cell MC-HSDPA Function Fault,1,-0.003066872229329105,0.003066872229329105
IP PM Activation Failure,UMTS Cell MC-HSDPA Function Fault,2,-0.020971064805274935,0.020971064805274935
IP PM Activation Failure,UMTS Cell MC-HSDPA Function Fault,3,-0.02461779657259691,0.02461779657259691
IP PM Activation Failure,UMTS Cell MC-HSDPA Function Fault,4,-0.02450158191527557,0.02450158191527557
IP PM Activation Failure,UMTS Cell MC-HSDPA Function Fault,5,-0.022342274262988817,0.022342274262988817
IP PM Activation Failure,UMTS Cell MC-HSDPA Function Fault,6,-0.017392810204743595,0.017392810204743595
IP PM Activation Failure,UMTS Cell MC-HSDPA Function Fault,7,-0.0024350856308680644,0.0024350856308680644
IP PM Activation Failure,UMTS Cell MC-HSDPA Function Fault,8,0.007037141660508951,0.007037141660508951
IP PM Activation Failure,UMTS Cell MC-HSDPA Function Fault,9,0.012667658354536707,0.012667658354536707
IP PM Activation Failure,UMTS Cell MC-HSDPA Function Fault,10,0.030939612182868056,0.030939612182868056
IP PM Activation Failure,UMTS Cell MC-HSDPA Function Fault,11,0.03404514020509214,0.03404514020509214
IP PM Activation Failure,UMTS Cell MC-HSDPA Function Fault,12,0.02134720363018322,0.02134720363018322
IP PM Activation Failure,UMTS Cell Unavailable,-12,0.04039084272334258,0.04039084272334258
IP PM Activation Failure,UMTS Cell Unavailable,-11,0.002662027751382007,0.002662027751382007
IP PM Activation Failure,UMTS Cell Unavailable,-10,0.01645255131790538,0.01645255131790538
IP PM Activation Failure,UMTS Cell Unavailable,-9,0.02716919619524245,0.02716919619524245
IP PM Activation Failure,UMTS Cell Unavailable,-8,0.02838050300064143,0.02838050300064143
IP PM Activation Failure,UMTS Cell Unavailable,-7,0.053182277472089846,0.053182277472089846
IP PM Activation Failure,UMTS Cell Unavailable,-6,0.005147549698619623,0.005147549698619623
IP PM Activation Failure,UMTS Cell Unavailable,-5,0.011436322480320851,0.011436322480320851
IP PM Activation Failure,UMTS Cell Unavailable,-4,0.016324305889737368,0.016324305889737368
IP PM Activation Failure,UMTS Cell Unavailable,-3,0.0011785149014251451,0.0011785149014251451
IP PM Activation Failure,UMTS Cell Unavailable,-2,0.02499233358820956,0.02499233358820956
IP PM Activation Failure,UMTS Cell Unavailable,-1,0.018935866227130713,0.018935866227130713
IP PM Activation Failure,UMTS Cell Unavailable,0,0.05793991274134185,0.05793991274134185
IP PM Activation Failure,UMTS Cell Unavailable,1,0.04744922520672564,0.04744922520672564
IP PM Activation Failure,UMTS Cell Unavailable,2,0.035880859943620766,0.035880859943620766
IP PM Activation Failure,UMTS Cell Unavailable,3,0.0070998306638071045,0.0070998306638071045
IP PM Activation Failure,UMTS Cell Unavailable,4,0.014645545180465614,0.014645545180465614
IP PM Activation Failure,UMTS Cell Unavailable,5,0.011505582803681191,0.011505582803681191
IP PM Activation Failure,UMTS Cell Unavailable,6,0.010679435207309603,0.010679435207309603
IP PM Activation Failure,UMTS Cell Unavailable,7,0.012368637583049303,0.012368637583049303
IP PM Activation Failure,UMTS Cell Unavailable,8,0.008072347163651112,0.008072347163651112
IP PM Activation Failure,UMTS Cell Unavailable,9,-0.0015000589932695808,0.0015000589932695808
IP PM Activation Failure,UMTS Cell Unavailable,10,0.05638741662947097,0.05638741662947097
IP PM Activation Failure,UMTS Cell Unavailable,11,0.0028077216426789075,0.0028077216426789075
IP PM Activation Failure,UMTS Cell Unavailable,12,0.011928414815988714,0.011928414815988714
IP PM Activation Failure,User Plane Fault,-12,0.028021048890915508,0.028021048890915508
IP PM Activation Failure,User Plane Fault,-11,0.01734951687497525,0.01734951687497525
IP PM Activation Failure,User Plane Fault,-10,0.029439696723718198,0.029439696723718198
IP PM Activation Failure,User Plane Fault,-9,0.013779799436233262,0.013779799436233262
IP PM Activation Failure,User Plane Fault,-8,0.0024305763217537736,0.0024305763217537736
IP PM Activation Failure,User Plane Fault,-7,0.003008185391562145,0.003008185391562145
IP PM Activation Failure,User Plane Fault,-6,0.007943675662283083,0.007943675662283083
IP PM Activation Failure,User Plane Fault,-5,0.01393924081152778,0.01393924081152778
IP PM Activation Failure,User Plane Fault,-4,0.030032101481424944,0.030032101481424944
IP PM Activation Failure,User Plane Fault,-3,0.014274048569738266,0.014274048569738266
IP PM Activation Failure,User Plane Fault,-2,0.03469373648699707,0.03469373648699707
IP PM Activation Failure,User Plane Fault,-1,0.03766035498683683,0.03766035498683683
IP PM Activation Failure,User Plane Fault,0,0.0896939904285754,0.0896939904285754
IP PM Activation Failure,User Plane Fault,1,0.0639198253626568,0.0639198253626568
IP PM Activation Failure,User Plane Fault,2,0.048900211367247405,0.048900211367247405
IP PM Activation Failure,User Plane Fault,3,0.025585054639479025,0.025585054639479025
IP PM Activation Failure,User Plane Fault,4,0.03951327293684159,0.03951327293684159
IP PM Activation Failure,User Plane Fault,5,0.028092476192756993,0.028092476192756993
IP PM Activation Failure,User Plane Fault,6,0.023455578807322876,0.023455578807322876
IP PM Activation Failure,User Plane Fault,7,0.01282868461784185,0.01282868461784185
IP PM Activation Failure,User Plane Fault,8,0.007313819190474064,0.007313819190474064
IP PM Activation Failure,User Plane Fault,9,-0.0003470623693972614,0.0003470623693972614
IP PM Activation Failure,User Plane Fault,10,0.014655592856771836,0.014655592856771836
IP PM Activation Failure,User Plane Fault,11,0.011133466879493268,0.011133466879493268
IP PM Activation Failure,User Plane Fault,12,0.015815042738856606,0.015815042738856606
IP PM Activation Failure,X2 Interface Fault,-12,0.020707793131769806,0.020707793131769806
IP PM Activation Failure,X2 Interface Fault,-11,0.026956455501492678,0.026956455501492678
IP PM Activation Failure,X2 Interface Fault,-10,0.03208018237547925,0.03208018237547925
IP PM Activation Failure,X2 Interface Fault,-9,0.019837884590733473,0.019837884590733473
IP PM Activation Failure,X2 Interface Fault,-8,0.005758976758933248,0.005758976758933248
IP PM Activation Failure,X2 Interface Fault,-7,-0.005147352452179387,0.005147352452179387
IP PM Activation Failure,X2 Interface Fault,-6,0.015396620365257347,0.015396620365257347
IP PM Activation Failure,X2 Interface Fault,-5,0.020396203579252925,0.020396203579252925
IP PM Activation Failure,X2 Interface Fault,-4,0.03570511133118835,0.03570511133118835
IP PM Activation Failure,X2 Interface Fault,-3,0.018044796307942715,0.018044796307942715
IP PM Activation Failure,X2 Interface Fault,-2,0.034895366427723215,0.034895366427723215
IP PM Activation Failure,X2 Interface Fault,-1,0.04026107502020474,0.04026107502020474
IP PM Activation Failure,X2 Interface Fault,0,0.10050837234940807,0.10050837234940807
IP PM Activation Failure,X2 Interface Fault,1,0.07212097021563658,0.07212097021563658
IP PM Activation Failure,X2 Interface Fault,2,0.05087381728463294,0.05087381728463294
IP PM Activation Failure,X2 Interface Fault,3,0.03127833726177792,0.03127833726177792
IP PM Activation Failure,X2 Interface Fault,4,0.044814951301404976,0.044814951301404976
IP PM Activation Failure,X2 Interface Fault,5,0.03653584586580567,0.03653584586580567
IP PM Activation Failure,X2 Interface Fault,6,0.02105987806918967,0.02105987806918967
IP PM Activation Failure,X2 Interface Fault,7,0.018003837171006825,0.018003837171006825
IP PM Activation Failure,X2 Interface Fault,8,0.014684207824524285,0.014684207824524285
IP PM Activation Failure,X2 Interface Fault,9,0.009549883172197817,0.009549883172197817
IP PM Activation Failure,X2 Interface Fault,10,0.019913128269073068,0.019913128269073068
IP PM Activation Failure,X2 Interface Fault,11,0.02495107827000795,0.02495107827000795
IP PM Activation Failure,X2 Interface Fault,12,0.011635702080245315,0.011635702080245315
Local Cell Unusable,Parallel Alarm Exceeds the Limit,-12,0.01879593654489263,0.01879593654489263
Local Cell Unusable,Parallel Alarm Exceeds the Limit,-11,0.018923574311385676,0.018923574311385676
Local Cell Unusable,Parallel Alarm Exceeds the Limit,-10,0.03072138344424201,0.03072138344424201
Local Cell Unusable,Parallel Alarm Exceeds the Limit,-9,0.023013674350173874,0.023013674350173874
Local Cell Unusable,Parallel Alarm Exceeds the Limit,-8,0.021420533985828178,0.021420533985828178
Local Cell Unusable,Parallel Alarm Exceeds the Limit,-7,0.027558553619922942,0.027558553619922942
Local Cell Unusable,Parallel Alarm Exceeds the Limit,-6,0.03490891211456115,0.03490891211456115
Local Cell Unusable,Parallel Alarm Exceeds the Limit,-5,0.03484100062344185,0.03484100062344185
Local Cell Unusable,Parallel Alarm Exceeds the Limit,-4,0.029526419378525553,0.029526419378525553
Local Cell Unusable,Parallel Alarm Exceeds the Limit,-3,0.0556915820065204,0.0556915820065204
Local Cell Unusable,Parallel Alarm Exceeds the Limit,-2,0.05618242755335897,0.05618242755335897
Local Cell Unusable,Parallel Alarm Exceeds the Limit,-1,0.06627845585694361,0.06627845585694361
Local Cell Unusable,Parallel Alarm Exceeds the Limit,0,0.0896530362787685,0.0896530362787685
Local Cell Unusable,Parallel Alarm Exceeds the Limit,1,0.036877174108161125,0.036877174108161125
Local Cell Unusable,Parallel Alarm Exceeds the Limit,2,0.049700725279626705,0.049700725279626705
Local Cell Unusable,Parallel Alarm Exceeds the Limit,3,0.060748765396070735,0.060748765396070735
Local Cell Unusable,Parallel Alarm Exceeds the Limit,4,0.048195678524926115,0.048195678524926115
Local Cell Unusable,Parallel Alarm Exceeds the Limit,5,0.032930319063694445,0.032930319063694445
Local Cell Unusable,Parallel Alarm Exceeds the Limit,6,0.04017566192117326,0.04017566192117326
Local Cell Unusable,Parallel Alarm Exceeds the Limit,7,0.04875818749843398,0.04875818749843398
Local Cell Unusable,Parallel Alarm Exceeds the Limit,8,0.05270471906851397,0.05270471906851397
Local Cell Unusable,Parallel Alarm Exceeds the Limit,9,0.025029521289215304,0.025029521289215304
Local Cell Unusable,Parallel Alarm Exceeds the Limit,10,0.02656703370824653,0.02656703370824653
Local Cell Unusable,Parallel Alarm Exceeds the Limit,11,0.01002413569386709,0.01002413569386709
Local Cell Unusable,Parallel Alarm Exceeds the Limit,12,0.035511365560779155,0.035511365560779155
Local Cell Unusable,RF Unit RX Channel RTWP/RSSI Unbalanced,-12,0.12014774862873132,0.12014774862873132
Local Cell Unusable,RF Unit RX Channel RTWP/RSSI Unbalanced,-11,0.12433721550089712,0.12433721550089712
Local Cell Unusable,RF Unit RX Channel RTWP/RSSI Unbalanced,-10,0.13292599201930957,0.13292599201930957
Local Cell Unusable,RF Unit RX Channel RTWP/RSSI Unbalanced,-9,0.15083293917915097,0.15083293917915097
Local Cell Unusable,RF Unit RX Channel RTWP/RSSI Unbalanced,-8,0.16425273616550037,0.16425273616550037
Local Cell Unusable,RF Unit RX Channel RTWP/RSSI Unbalanced,-7,0.1802284245262921,0.1802284245262921
Local Cell Unusable,RF Unit RX Channel RTWP/RSSI Unbalanced,-6,0.17350310306852376,0.17350310306852376
Local Cell Unusable,RF Unit RX Channel RTWP/RSSI Unbalanced,-5,0.18342632517621102,0.18342632517621102
Local Cell Unusable,RF Unit RX Channel RTWP/RSSI Unbalanced,-4,0.18450284588621685,0.18450284588621685
Local Cell Unusable,RF Unit RX Channel RTWP/RSSI Unbalanced,-3,0.19607533878323122,0.19607533878323122
Local Cell Unusable,RF Unit RX Channel RTWP/RSSI Unbalanced,-2,0.21882151527337887,0.21882151527337887
Local Cell Unusable,RF Unit RX Channel RTWP/RSSI Unbalanced,-1,0.2518619717133846,0.2518619717133846
Local Cell Unusable,RF Unit RX Channel RTWP/RSSI Unbalanced,0,0.2937689678944518,0.2937689678944518
Local Cell Unusable,RF Unit RX Channel RTWP/RSSI Unbalanced,1,0.279413073610832,0.279413073610832
Local Cell Unusable,RF Unit RX Channel RTWP/RSSI Unbalanced,2,0.28662774774703553,0.28662774774703553
Local Cell Unusable,RF Unit RX Channel RTWP/RSSI Unbalanced,3,0.2936473671955796,0.2936473671955796
Local Cell Unusable,RF Unit RX Channel RTWP/RSSI Unbalanced,4,0.2772079479625368,0.2772079479625368
Local Cell Unusable,RF Unit RX Channel RTWP/RSSI Unbalanced,5,0.24147508856528685,0.24147508856528685
Local Cell Unusable,RF Unit RX Channel RTWP/RSSI Unbalanced,6,0.21834337935209117,0.21834337935209117
Local Cell Unusable,RF Unit RX Channel RTWP/RSSI Unbalanced,7,0.18101250104951788,0.18101250104951788
Local Cell Unusable,RF Unit RX Channel RTWP/RSSI Unbalanced,8,0.17860681157385533,0.17860681157385533
Local Cell Unusable,RF Unit RX Channel RTWP/RSSI Unbalanced,9,0.14421266580442904,0.14421266580442904
Local Cell Unusable,RF Unit RX Channel RTWP/RSSI Unbalanced,10,0.13620393666580594,0.13620393666580594
Local Cell Unusable,RF Unit RX Channel RTWP/RSSI Unbalanced,11,0.12189105077845923,0.12189105077845923
Local Cell Unusable,RF Unit RX Channel RTWP/RSSI Unbalanced,12,0.11760709266744498,0.11760709266744498
Local Cell Unusable,RF Unit VSWR Threshold Crossed,-12,0.0915572221428271,0.0915572221428271
Local Cell Unusable,RF Unit VSWR Threshold Crossed,-11,0.087360865791664,0.087360865791664
Local Cell Unusable,RF Unit VSWR Threshold Crossed,-10,0.10661357697377462,0.10661357697377462
Local Cell Unusable,RF Unit VSWR Threshold Crossed,-9,0.1073868466199657,0.1073868466199657
Local Cell Unusable,RF Unit VSWR Threshold Crossed,-8,0.12477152337739662,0.12477152337739662
Local Cell Unusable,RF Unit VSWR Threshold Crossed,-7,0.1255114219360929,0.1255114219360929
Local Cell Unusable,RF Unit VSWR Threshold Crossed,-6,0.1503499227953954,0.1503499227953954
Local Cell Unusable,RF Unit VSWR Threshold Crossed,-5,0.17983061410735532,0.17983061410735532
Local Cell Unusable,RF Unit VSWR Threshold Crossed,-4,0.17379063747889478,0.17379063747889478
Local Cell Unusable,RF Unit VSWR Threshold Crossed,-3,0.23385273373627447,0.23385273373627447
Local Cell Unusable,RF Unit VSWR Threshold Crossed,-2,0.23039337200057217,0.23039337200057217
Local Cell Unusable,RF Unit VSWR Threshold Crossed,-1,0.23537351405063023,0.23537351405063023
Local Cell Unusable,RF Unit VSWR Threshold Crossed,0,0.34975674812893387,0.34975674812893387
Local Cell Unusable,RF Unit VSWR Threshold Crossed,1,0.23837384571939818,0.23837384571939818
Local Cell Unusable,RF Unit VSWR Threshold Crossed,2,0.23688096314165943,0.23688096314165943
Local Cell Unusable,RF Unit VSWR Threshold Crossed,3,0.2349666656364635,0.2349666656364635
Local Cell Unusable,RF Unit VSWR Threshold Crossed,4,0.19205988606397215,0.19205988606397215
Local Cell Unusable,RF Unit VSWR Threshold Crossed,5,0.1740358880957082,0.1740358880957082
Local Cell Unusable,RF Unit VSWR Threshold Crossed,6,0.13031990090879883,0.13031990090879883
Local Cell Unusable,RF Unit VSWR Threshold Crossed,7,0.11672992394021149,0.11672992394021149
Local Cell Unusable,RF Unit VSWR Threshold Crossed,8,0.10428171240621964,0.10428171240621964
Local Cell Unusable,RF Unit VSWR Threshold Crossed,9,0.08175083472937174,0.08175083472937174
Local Cell Unusable,RF Unit VSWR Threshold Crossed,10,0.09622629570865072,0.09622629570865072
Local Cell Unusable,RF Unit VSWR Threshold Crossed,11,0.07306696715787939,0.07306696715787939
Local Cell Unusable,RF Unit VSWR Threshold Crossed,12,0.08914199228686893,0.08914199228686893
Local Cell Unusable,S1ap Link Down,-12,0.014433792734121466,0.014433792734121466
Local Cell Unusable,S1ap Link Down,-11,0.023211380417165455,0.023211380417165455
Local Cell Unusable,S1ap Link Down,-10,0.03357128688062636,0.03357128688062636
Local Cell Unusable,S1ap Link Down,-9,0.014505425648993197,0.014505425648993197
Local Cell Unusable,S1ap Link Down,-8,0.021201451501265168,0.021201451501265168
Local Cell Unusable,S1ap Link Down,-7,0.04952442544475181,0.04952442544475181
Local Cell Unusable,S1ap Link Down,-6,0.04056587434394241,0.04056587434394241
Local Cell Unusable,S1ap Link Down,-5,0.03602557889276117,0.03602557889276117
Local Cell Unusable,S1ap Link Down,-4,0.035724121308318695,0.035724121308318695
Local Cell Unusable,S1ap Link Down,-3,0.043540377090716065,0.043540377090716065
Local Cell Unusable,S1ap Link Down,-2,0.048635105609495424,0.048635105609495424
Local Cell Unusable,S1ap Link Down,-1,0.06466859095575389,0.06466859095575389
Local Cell Unusable,S1ap Link Down,0,0.0780579249483766,0.0780579249483766
Local Cell Unusable,S1ap Link Down,1,0.054887138331637685,0.054887138331637685
Local Cell Unusable,S1ap Link Down,2,0.06627324766877513,0.06627324766877513
Local Cell Unusable,S1ap Link Down,3,0.07523471556042671,0.07523471556042671
Local Cell Unusable,S1ap Link Down,4,0.05415206096095613,0.05415206096095613
Local Cell Unusable,S1ap Link Down,5,0.04411661769049431,0.04411661769049431
Local Cell Unusable,S1ap Link Down,6,0.03580113465052322,0.03580113465052322
Local Cell Unusable,S1ap Link Down,7,0.030638896864331668,0.030638896864331668
Local Cell Unusable,S1ap Link Down,8,0.02696527498800557,0.02696527498800557
Local Cell Unusable,S1ap Link Down,9,0.030859354771619135,0.030859354771619135
Local Cell Unusable,S1ap Link Down,10,0.03068343137621321,0.03068343137621321
Local Cell Unusable,S1ap Link Down,11,0.015007042937937188,0.015007042937937188
Local Cell Unusable,S1ap Link Down,12,0.03990579382062935,0.03990579382062935
Local Cell Unusable,SCTP Link Fault,-12,0.02019551022554852,0.02019551022554852
Local Cell Unusable,SCTP Link Fault,-11,0.02148843164760981,0.02148843164760981
Local Cell Unusable,SCTP Link Fault,-10,0.0231389721752682,0.0231389721752682
Local Cell Unusable,SCTP Link Fault,-9,0.03153918543921324,0.03153918543921324
Local Cell Unusable,SCTP Link Fault,-8,0.023346171016234388,0.023346171016234388
Local Cell Unusable,SCTP Link Fault,-7,0.033905246810264814,0.033905246810264814
Local Cell Unusable,SCTP Link Fault,-6,0.040783782192069816,0.040783782192069816
Local Cell Unusable,SCTP Link Fault,-5,0.0505886911545856,0.0505886911545856
Local Cell Unusable,SCTP Link Fault,-4,0.05671100623012657,0.05671100623012657
Local Cell Unusable,SCTP Link Fault,-3,0.08663215158934762,0.08663215158934762
Local Cell Unusable,SCTP Link Fault,-2,0.08833473710451605,0.08833473710451605
Local Cell Unusable,SCTP Link Fault,-1,0.09057064161217535,0.09057064161217535
Local Cell Unusable,SCTP Link Fault,0,0.12442546424185551,0.12442546424185551
Local Cell Unusable,SCTP Link Fault,1,0.123723491626627,0.123723491626627
Local Cell Unusable,SCTP Link Fault,2,0.11736510478966874,0.11736510478966874
Local Cell Unusable,SCTP Link Fault,3,0.11010187598325132,0.11010187598325132
Local Cell Unusable,SCTP Link Fault,4,0.07132596479262575,0.07132596479262575
Local Cell Unusable,SCTP Link Fault,5,0.0665639461479859,0.0665639461479859
Local Cell Unusable,SCTP Link Fault,6,0.07455097664594793,0.07455097664594793
Local Cell Unusable,SCTP Link Fault,7,0.051319233838998404,0.051319233838998404
Local Cell Unusable,SCTP Link Fault,8,0.04669149324307885,0.04669149324307885
Local Cell Unusable,SCTP Link Fault,9,0.026058537544303827,0.026058537544303827
Local Cell Unusable,SCTP Link Fault,10,0.03602646421946159,0.03602646421946159
Local Cell Unusable,SCTP Link Fault,11,0.02669842334720016,0.02669842334720016
Local Cell Unusable,SCTP Link Fault,12,0.050869000334622674,0.050869000334622674
Local Cell Unusable,SDH/SONET Tributary Excessive Slip Frames,-12,0.1434737700399173,0.1434737700399173
Local Cell Unusable,SDH/SONET Tributary Excessive Slip Frames,-11,0.12394950537911537,0.12394950537911537
Local Cell Unusable,SDH/SONET Tributary Excessive Slip Frames,-10,0.14714204787578725,0.14714204787578725
Local Cell Unusable,SDH/SONET Tributary Excessive Slip Frames,-9,0.1212770935987116,0.1212770935987116
Local Cell Unusable,SDH/SONET Tributary Excessive Slip Frames,-8,0.14881304553165703,0.14881304553165703
Local Cell Unusable,SDH/SONET Tributary Excessive Slip Frames,-7,0.1449510874302503,0.1449510874302503
Local Cell Unusable,SDH/SONET Tributary Excessive Slip Frames,-6,0.13912218676564686,0.13912218676564686
Local Cell Unusable,SDH/SONET Tributary Excessive Slip Frames,-5,0.173453589601256,0.173453589601256
Local Cell Unusable,SDH/SONET Tributary Excessive Slip Frames,-4,0.14222588922115775,0.14222588922115775
Local Cell Unusable,SDH/SONET Tributary Excessive Slip Frames,-3,0.16631620580017603,0.16631620580017603
Local Cell Unusable,SDH/SONET Tributary Excessive Slip Frames,-2,0.16436058922307442,0.16436058922307442
Local Cell Unusable,SDH/SONET Tributary Excessive Slip Frames,-1,0.1478650257487525,0.1478650257487525
Local Cell Unusable,SDH/SONET Tributary Excessive Slip Frames,0,0.26204021555504303,0.26204021555504303
Local Cell Unusable,SDH/SONET Tributary Excessive Slip Frames,1,0.12713608463073772,0.12713608463073772
Local Cell Unusable,SDH/SONET Tributary Excessive Slip Frames,2,0.14899543195270593,0.14899543195270593
Local Cell Unusable,SDH/SONET Tributary Excessive Slip Frames,3,0.16371999982598687,0.16371999982598687
Local Cell Unusable,SDH/SONET Tributary Excessive Slip Frames,4,0.14347817199385934,0.14347817199385934
Local Cell Unusable,SDH/SONET Tributary Excessive Slip Frames,5,0.15915422465538048,0.15915422465538048
Local Cell Unusable,SDH/SONET Tributary Excessive Slip Frames,6,0.13719163931690673,0.13719163931690673
Local Cell Unusable,SDH/SONET Tributary Excessive Slip Frames,7,0.15052447141860592,0.15052447141860592
Local Cell Unusable,SDH/SONET Tributary Excessive Slip Frames,8,0.1514838589625364,0.1514838589625364
Local Cell Unusable,SDH/SONET Tributary Excessive Slip Frames,9,0.13475728982823568,0.13475728982823568
Local Cell Unusable,SDH/SONET Tributary Excessive Slip Frames,10,0.15214170898292148,0.15214170898292148
Local Cell Unusable,SDH/SONET Tributary Excessive Slip Frames,11,0.11846445757963033,0.11846445757963033
Local Cell Unusable,SDH/SONET Tributary Excessive Slip Frames,12,0.13726812598706872,0.13726812598706872
Local Cell Unusable,Statistical Alarm,-12,0.050777248784086765,0.050777248784086765
Local Cell Unusable,Statistical Alarm,-11,0.05541396577826102,0.05541396577826102
Local Cell Unusable,Statistical Alarm,-10,0.03842748554193819,0.03842748554193819
Local Cell Unusable,Statistical Alarm,-9,0.029200768540915113,0.029200768540915113
Local Cell Unusable,Statistical Alarm,-8,0.05751108301125978,0.05751108301125978
Local Cell Unusable,Statistical Alarm,-7,0.02887752451110456,0.02887752451110456
Local Cell Unusable,Statistical Alarm,-6,0.049478118299352065,0.049478118299352065
Local Cell Unusable,Statistical Alarm,-5,0.06268726346165528,0.06268726346165528
Local Cell Unusable,Statistical Alarm,-4,0.06896994533490572,0.06896994533490572
Local Cell Unusable,Statistical Alarm,-3,0.08198624266666503,0.08198624266666503
Local Cell Unusable,Statistical Alarm,-2,0.09152057767233557,0.09152057767233557
Local Cell Unusable,Statistical Alarm,-1,0.0953378891268095,0.0953378891268095
Local Cell Unusable,Statistical Alarm,0,0.1402949348076861,0.1402949348076861
Local Cell Unusable,Statistical Alarm,1,0.1003719054379929,0.1003719054379929
Local Cell Unusable,Statistical Alarm,2,0.08403665771762574,0.08403665771762574
Local Cell Unusable,Statistical Alarm,3,0.06822330739619492,0.06822330739619492
Local Cell Unusable,Statistical Alarm,4,0.08122758377784361,0.08122758377784361
Local Cell Unusable,Statistical Alarm,5,0.05932643307250147,0.05932643307250147
Local Cell Unusable,Statistical Alarm,6,0.054107859955668636,0.054107859955668636
Local Cell Unusable,Statistical Alarm,7,0.04261074616566661,0.04261074616566661
Local Cell Unusable,Statistical Alarm,8,0.051822457263706934,0.051822457263706934
Local Cell Unusable,Statistical Alarm,9,0.0459882510543656,0.0459882510543656
Local Cell Unusable,Statistical Alarm,10,0.06191768972912192,0.06191768972912192
Local Cell Unusable,Statistical Alarm,11,0.03327575023453192,0.03327575023453192
Local Cell Unusable,Statistical Alarm,12,0.04284271291053945,0.04284271291053945
Local Cell Unusable,UMTS Cell MC-HSDPA Function Fault,-12,0.1943120446544193,0.1943120446544193
Local Cell Unusable,UMTS Cell MC-HSDPA Function Fault,-11,0.2107229643505521,0.2107229643505521
Local Cell Unusable,UMTS Cell MC-HSDPA Function Fault,-10,0.168021561770331,0.168021561770331
Local Cell Unusable,UMTS Cell MC-HSDPA Function Fault,-9,0.12841193788752706,0.12841193788752706
Local Cell Unusable,UMTS Cell MC-HSDPA Function Fault,-8,0.09179432340384391,0.09179432340384391
Local Cell Unusable,UMTS Cell MC-HSDPA Function Fault,-7,0.05477119377233307,0.05477119377233307
Local Cell Unusable,UMTS Cell MC-HSDPA Function Fault,-6,0.01456732962055684,0.01456732962055684
Local Cell Unusable,UMTS Cell MC-HSDPA Function Fault,-5,-0.003058975817067657,0.003058975817067657
Local Cell Unusable,UMTS Cell MC-HSDPA Function Fault,-4,-0.0237591737717056,0.0237591737717056
Local Cell Unusable,UMTS Cell MC-HSDPA Function Fault,-3,-0.021666115777632007,0.021666115777632007
Local Cell Unusable,UMTS Cell MC-HSDPA Function Fault,-2,-0.03396425635581957,0.03396425635581957
Local Cell Unusable,UMTS Cell MC-HSDPA Function Fault,-1,-0.033797710077717785,0.033797710077717785
Local Cell Unusable,UMTS Cell MC-HSDPA Function Fault,0,-0.007213748379177877,0.007213748379177877
Local Cell Unusable,UMTS Cell MC-HSDPA Function Fault,1,-0.02285131787094811,0.02285131787094811
Local Cell Unusable,UMTS Cell MC-HSDPA Function Fault,2,-0.04118310282404324,0.04118310282404324
Local Cell Unusable,UMTS Cell MC-HSDPA Function Fault,3,-0.03818422530783786,0.03818422530783786
Local Cell Unusable,UMTS Cell MC-HSDPA Function Fault,4,-0.03114240442647071,0.03114240442647071
Local Cell Unusable,UMTS Cell MC-HSDPA Function Fault,5,-0.013650516865617357,0.013650516865617357
Local Cell Unusable,UMTS Cell MC-HSDPA Function Fault,6,0.017914458519319918,0.017914458519319918
Local Cell Unusable,UMTS Cell MC-HSDPA Function Fault,7,0.06660005619862572,0.06660005619862572
Local Cell Unusable,UMTS Cell MC-HSDPA Function Fault,8,0.11836785182589424,0.11836785182589424
Local Cell Unusable,UMTS Cell MC-HSDPA Function Fault,9,0.18470013503824345,0.18470013503824345
Local Cell Unusable,UMTS Cell MC-HSDPA Function Fault,10,0.2600257162311645,0.2600257162311645
Local Cell Unusable,UMTS Cell MC-HSDPA Function Fault,11,0.2383989242446467,0.2383989242446467
Local Cell Unusable,UMTS Cell MC-HSDPA Function Fault,12,0.20261823308419996,0.20261823308419996
Local Cell Unusable,UMTS Cell Unavailable,-12,0.034978917348493614,0.034978917348493614
Local Cell Unusable,UMTS Cell Unavailable,-11,0.04684395043347855,0.04684395043347855
Local Cell Unusable,UMTS Cell Unavailable,-10,0.05138101031305,0.05138101031305
Local Cell Unusable,UMTS Cell Unavailable,-9,0.04692975707083129,0.04692975707083129
Local Cell Unusable,UMTS Cell Unavailable,-8,0.04622771662855146,0.04622771662855146
Local Cell Unusable,UMTS Cell Unavailable,-7,0.06366819730367572,0.06366819730367572
Local Cell Unusable,UMTS Cell Unavailable,-6,0.06586629506021235,0.06586629506021235
Local Cell Unusable,UMTS Cell Unavailable,-5,0.06654531253079278,0.06654531253079278
Local Cell Unusable,UMTS Cell Unavailable,-4,0.06923369769572005,0.06923369769572005
Local Cell Unusable,UMTS Cell Unavailable,-3,0.10060032390494006,0.10060032390494006
Local Cell Unusable,UMTS Cell Unavailable,-2,0.11568331382205937,0.11568331382205937
Local Cell Unusable,UMTS Cell Unavailable,-1,0.11878665339680462,0.11878665339680462
Local Cell Unusable,UMTS Cell Unavailable,0,0.2055955771105901,0.2055955771105901
Local Cell Unusable,UMTS Cell Unavailable,1,0.12929929440806248,0.12929929440806248
Local Cell Unusable,UMTS Cell Unavailable,2,0.14913707666596818,0.14913707666596818
Local Cell Unusable,UMTS Cell Unavailable,3,0.11026151367432045,0.11026151367432045
Local Cell Unusable,UMTS Cell Unavailable,4,0.10595317228287263,0.10595317228287263
Local Cell Unusable,UMTS Cell Unavailable,5,0.09226296900315231,0.09226296900315231
Local Cell Unusable,UMTS Cell Unavailable,6,0.07002459314183072,0.07002459314183072
Local Cell Unusable,UMTS Cell Unavailable,7,0.06724542629247443,0.06724542629247443
Local Cell Unusable,UMTS Cell Unavailable,8,0.05243939871342817,0.05243939871342817
Local Cell Unusable,UMTS Cell Unavailable,9,0.04643302820233,0.04643302820233
Local Cell Unusable,UMTS Cell Unavailable,10,0.06759942358662134,0.06759942358662134
Local Cell Unusable,UMTS Cell Unavailable,11,0.026476172267664248,0.026476172267664248
Local Cell Unusable,UMTS Cell Unavailable,12,0.06062129097421816,0.06062129097421816
Local Cell Unusable,User Plane Fault,-12,0.08515219783308654,0.08515219783308654
Local Cell Unusable,User Plane Fault,-11,0.07682099982230595,0.07682099982230595
Local Cell Unusable,User Plane Fault,-10,0.08093068586650441,0.08093068586650441
Local Cell Unusable,User Plane Fault,-9,0.0798329501002835,0.0798329501002835
Local Cell Unusable,User Plane Fault,-8,0.0795522359632069,0.0795522359632069
Local Cell Unusable,User Plane Fault,-7,0.0926347069245039,0.0926347069245039
Local Cell Unusable,User Plane Fault,-6,0.10751312143057903,0.10751312143057903
Local Cell Unusable,User Plane Fault,-5,0.13971451812032895,0.13971451812032895
Local Cell Unusable,User Plane Fault,-4,0.15162880338556928,0.15162880338556928
Local Cell Unusable,User Plane Fault,-3,0.18571158225256765,0.18571158225256765
Local Cell Unusable,User Plane Fault,-2,0.2155599790280193,0.2155599790280193
Local Cell Unusable,User Plane Fault,-1,0.21563460590219133,0.21563460590219133
Local Cell Unusable,User Plane Fault,0,0.33109701192829594,0.33109701192829594
Local Cell Unusable,User Plane Fault,1,0.23815089632436762,0.23815089632436762
Local Cell Unusable,User Plane Fault,2,0.2419218687437088,0.2419218687437088
Local Cell Unusable,User Plane Fault,3,0.22401766019066355,0.22401766019066355
Local Cell Unusable,User Plane Fault,4,0.19313676690527837,0.19313676690527837
Local Cell Unusable,User Plane Fault,5,0.18525788693609255,0.18525788693609255
Local Cell Unusable,User Plane Fault,6,0.1523045627108156,0.1523045627108156
Local Cell Unusable,User Plane Fault,7,0.13406126403314977,0.13406126403314977
Local Cell Unusable,User Plane Fault,8,0.12477763924002791,0.12477763924002791
Local Cell Unusable,User Plane Fault,9,0.10191489287100104,0.10191489287100104
Local Cell Unusable,User Plane Fault,10,0.10396222204822214,0.10396222204822214
Local Cell Unusable,User Plane Fault,11,0.06703213224792509,0.06703213224792509
Local Cell Unusable,User Plane Fault,12,0.0850156499159803,0.0850156499159803
Local Cell Unusable,X2 Interface Fault,-12,0.07169222186345882,0.07169222186345882
Local Cell Unusable,X2 Interface Fault,-11,0.06359065552807797,0.06359065552807797
Local Cell Unusable,X2 Interface Fault,-10,0.07074527067701633,0.07074527067701633
Local Cell Unusable,X2 Interface Fault,-9,0.07732032565423362,0.07732032565423362
Local Cell Unusable,X2 Interface Fault,-8,0.07848111560200483,0.07848111560200483
Local Cell Unusable,X2 Interface Fault,-7,0.09261659871580857,0.09261659871580857
Local Cell Unusable,X2 Interface Fault,-6,0.10488236051184707,0.10488236051184707
Local Cell Unusable,X2 Interface Fault,-5,0.12676886479248256,0.12676886479248256
Local Cell Unusable,X2 Interface Fault,-4,0.1588216321917011,0.1588216321917011
Local Cell Unusable,X2 Interface Fault,-3,0.18878559189607177,0.18878559189607177
Local Cell Unusable,X2 Interface Fault,-2,0.2189768670187448,0.2189768670187448
Local Cell Unusable,X2 Interface Fault,-1,0.22458158452254573,0.22458158452254573
Local Cell Unusable,X2 Interface Fault,0,0.3194896542659012,0.3194896542659012
Local Cell Unusable,X2 Interface Fault,1,0.26358093849377323,0.26358093849377323
Local Cell Unusable,X2 Interface Fault,2,0.26294201583239857,0.26294201583239857
Local Cell Unusable,X2 Interface Fault,3,0.23584893287900976,0.23584893287900976
Local Cell Unusable,X2 Interface Fault,4,0.2065614044875475,0.2065614044875475
Local Cell Unusable,X2 Interface Fault,5,0.18866335315298707,0.18866335315298707
Local Cell Unusable,X2 Interface Fault,6,0.153832937430565,0.153832937430565
Local Cell Unusable,X2 Interface Fault,7,0.13344861957704054,0.13344861957704054
Local Cell Unusable,X2 Interface Fault,8,0.11917927280077535,0.11917927280077535
Local Cell Unusable,X2 Interface Fault,9,0.09070747162582868,0.09070747162582868
Local Cell Unusable,X2 Interface Fault,10,0.08577669569924126,0.08577669569924126
Local Cell Unusable,X2 Interface Fault,11,0.059074214765843104,0.059074214765843104
Local Cell Unusable,X2 Interface Fault,12,0.06780068563889276,0.06780068563889276
Parallel Alarm Exceeds the Limit,RF Unit RX Channel RTWP/RSSI Unbalanced,-12,0.052005109927106295,0.052005109927106295
Parallel Alarm Exceeds the Limit,RF Unit RX Channel RTWP/RSSI Unbalanced,-11,0.07959041827597824,0.07959041827597824
Parallel Alarm Exceeds the Limit,RF Unit RX Channel RTWP/RSSI Unbalanced,-10,0.08249153405076154,0.08249153405076154
Parallel Alarm Exceeds the Limit,RF Unit RX Channel RTWP/RSSI Unbalanced,-9,0.09136561365287298,0.09136561365287298
Parallel Alarm Exceeds the Limit,RF Unit RX Channel RTWP/RSSI Unbalanced,-8,0.084453409604193,0.084453409604193
Parallel Alarm Exceeds the Limit,RF Unit RX Channel RTWP/RSSI Unbalanced,-7,0.08655323512442985,0.08655323512442985
Parallel Alarm Exceeds the Limit,RF Unit RX Channel RTWP/RSSI Unbalanced,-6,0.0736943825179024,0.0736943825179024
Parallel Alarm Exceeds the Limit,RF Unit RX Channel RTWP/RSSI Unbalanced,-5,0.07915346628969155,0.07915346628969155
Parallel Alarm Exceeds the Limit,RF Unit RX Channel RTWP/RSSI Unbalanced,-4,0.09696154349264212,0.09696154349264212
Parallel Alarm Exceeds the Limit,RF Unit RX Channel RTWP/RSSI Unbalanced,-3,0.07496062938367576,0.07496062938367576
Parallel Alarm Exceeds the Limit,RF Unit RX Channel RTWP/RSSI Unbalanced,-2,0.07615728600872115,0.07615728600872115
Parallel Alarm Exceeds the Limit,RF Unit RX Channel RTWP/RSSI Unbalanced,-1,0.06681294027618252,0.06681294027618252
Parallel Alarm Exceeds the Limit,RF Unit RX Channel RTWP/RSSI Unbalanced,0,0.095937057386154,0.095937057386154
Parallel Alarm Exceeds the Limit,RF Unit RX Channel RTWP/RSSI Unbalanced,1,0.091974419698156,0.091974419698156
Parallel Alarm Exceeds the Limit,RF Unit RX Channel RTWP/RSSI Unbalanced,2,0.07829538071362449,0.07829538071362449
Parallel Alarm Exceeds the Limit,RF Unit RX Channel RTWP/RSSI Unbalanced,3,0.10224212792594609,0.10224212792594609
Parallel Alarm Exceeds the Limit,RF Unit RX Channel RTWP/RSSI Unbalanced,4,0.09204026868771203,0.09204026868771203
Parallel Alarm Exceeds the Limit,RF Unit RX Channel RTWP/RSSI Unbalanced,5,0.10378444537399743,0.10378444537399743
Parallel Alarm Exceeds the Limit,RF Unit RX Channel RTWP/RSSI Unbalanced,6,0.07797233060037526,0.07797233060037526
Parallel Alarm Exceeds the Limit,RF Unit RX Channel RTWP/RSSI Unbalanced,7,0.08443205324907677,0.08443205324907677
Parallel Alarm Exceeds the Limit,RF Unit RX Channel RTWP/RSSI Unbalanced,8,0.06502556255630897,0.06502556255630897
Parallel Alarm Exceeds the Limit,RF Unit RX Channel RTWP/RSSI Unbalanced,9,0.05018660814927834,0.05018660814927834
Parallel Alarm Exceeds the Limit,RF Unit RX Channel RTWP/RSSI Unbalanced,10,0.05424897983928181,0.05424897983928181
Parallel Alarm Exceeds the Limit,RF Unit RX Channel RTWP/RSSI Unbalanced,11,0.052337637887696756,0.052337637887696756
Parallel Alarm Exceeds the Limit,RF Unit RX Channel RTWP/RSSI Unbalanced,12,0.05992044604567128,0.05992044604567128
Parallel Alarm Exceeds the Limit,RF Unit VSWR Threshold Crossed,-12,0.06683903208486702,0.06683903208486702
Parallel Alarm Exceeds the Limit,RF Unit VSWR Threshold Crossed,-11,0.07006347565991977,0.07006347565991977
Parallel Alarm Exceeds the Limit,RF Unit VSWR Threshold Crossed,-10,0.0812495968242178,0.0812495968242178
Parallel Alarm Exceeds the Limit,RF Unit VSWR Threshold Crossed,-9,0.0577587169414194,0.0577587169414194
Parallel Alarm Exceeds the Limit,RF Unit VSWR Threshold Crossed,-8,0.08431289648142205,0.08431289648142205
Parallel Alarm Exceeds the Limit,RF Unit VSWR Threshold Crossed,-7,0.06230051079486607,0.06230051079486607
Parallel Alarm Exceeds the Limit,RF Unit VSWR Threshold Crossed,-6,0.06865475813109143,0.06865475813109143
Parallel Alarm Exceeds the Limit,RF Unit VSWR Threshold Crossed,-5,0.09153286479961896,0.09153286479961896
Parallel Alarm Exceeds the Limit,RF Unit VSWR Threshold Crossed,-4,0.0649681574833304,0.0649681574833304
Parallel Alarm Exceeds the Limit,RF Unit VSWR Threshold Crossed,-3,0.08746695329913683,0.08746695329913683
Parallel Alarm Exceeds the Limit,RF Unit VSWR Threshold Crossed,-2,0.08039759203112318,0.08039759203112318
Parallel Alarm Exceeds the Limit,RF Unit VSWR Threshold Crossed,-1,0.06447740545153265,0.06447740545153265
Parallel Alarm Exceeds the Limit,RF Unit VSWR Threshold Crossed,0,0.18898797102924791,0.18898797102924791
Parallel Alarm Exceeds the Limit,RF Unit VSWR Threshold Crossed,1,0.09531712078645957,0.09531712078645957
Parallel Alarm Exceeds the Limit,RF Unit VSWR Threshold Crossed,2,0.0963921514341637,0.0963921514341637
Parallel Alarm Exceeds the Limit,RF Unit VSWR Threshold Crossed,3,0.09086715379298715,0.09086715379298715
Parallel Alarm Exceeds the Limit,RF Unit VSWR Threshold Crossed,4,0.08896656805556358,0.08896656805556358
Parallel Alarm Exceeds the Limit,RF Unit VSWR Threshold Crossed,5,0.0881273195591837,0.0881273195591837
Parallel Alarm Exceeds the Limit,RF Unit VSWR Threshold Crossed,6,0.06941295843055476,0.06941295843055476
Parallel Alarm Exceeds the Limit,RF Unit VSWR Threshold Crossed,7,0.08600513021327318,0.08600513021327318
Parallel Alarm Exceeds the Limit,RF Unit VSWR Threshold Crossed,8,0.06794983697258779,0.06794983697258779
Parallel Alarm Exceeds the Limit,RF Unit VSWR Threshold Crossed,9,0.04847429412208962,0.04847429412208962
Parallel Alarm Exceeds the Limit,RF Unit VSWR Threshold Crossed,10,0.07690040616226898,0.07690040616226898
Parallel Alarm Exceeds the Limit,RF Unit VSWR Threshold Crossed,11,0.055055990882709294,0.055055990882709294
Parallel Alarm Exceeds the Limit,RF Unit VSWR Threshold Crossed,12,0.05847807652607518,0.05847807652607518
Parallel Alarm Exceeds the Limit,S1ap Link Down,-12,-0.0003882335516087766,0.0003882335516087766
Parallel Alarm Exceeds the Limit,S1ap Link Down,-11,0.02496822107882401,0.02496822107882401
Parallel Alarm Exceeds the Limit,S1ap Link Down,-10,0.019200735550010554,0.019200735550010554
Parallel Alarm Exceeds the Limit,S1ap Link Down,-9,0.008818897233545845,0.008818897233545845
Parallel Alarm Exceeds the Limit,S1ap Link Down,-8,0.007519663235496787,0.007519663235496787
Parallel Alarm Exceeds the Limit,S1ap Link Down,-7,6.500374759911464e-06,6.500374759911464e-06
Parallel Alarm Exceeds the Limit,S1ap Link Down,-6,0.009453869429211618,0.009453869429211618
Parallel Alarm Exceeds the Limit,S1ap Link Down,-5,0.014133942039731446,0.014133942039731446
Parallel Alarm Exceeds the Limit,S1ap Link Down,-4,0.012058447118429629,0.012058447118429629
Parallel Alarm Exceeds the Limit,S1ap Link Down,-3,0.024546469852535474,0.024546469852535474
Parallel Alarm Exceeds the Limit,S1ap Link Down,-2,0.028375163100335197,0.028375163100335197
Parallel Alarm Exceeds the Limit,S1ap Link Down,-1,0.02918847476139276,0.02918847476139276
Parallel Alarm Exceeds the Limit,S1ap Link Down,0,0.19174498640985457,0.19174498640985457
Parallel Alarm Exceeds the Limit,S1ap Link Down,1,0.025960890388049218,0.025960890388049218
Parallel Alarm Exceeds the Limit,S1ap Link Down,2,0.03094942927604438,0.03094942927604438
Parallel Alarm Exceeds the Limit,S1ap Link Down,3,0.037040082348219344,0.037040082348219344
Parallel Alarm Exceeds the Limit,S1ap Link Down,4,0.028643496243150896,0.028643496243150896
Parallel Alarm Exceeds the Limit,S1ap Link Down,5,0.036548637218946266,0.036548637218946266
Parallel Alarm Exceeds the Limit,S1ap Link Down,6,0.022618009674208416,0.022618009674208416
Parallel Alarm Exceeds the Limit,S1ap Link Down,7,0.018444681886531675,0.018444681886531675
Parallel Alarm Exceeds the Limit,S1ap Link Down,8,0.013239129482695882,0.013239129482695882
Parallel Alarm Exceeds the Limit,S1ap Link Down,9,0.01126227863646832,0.01126227863646832
Parallel Alarm Exceeds the Limit,S1ap Link Down,10,0.00431973891950963,0.00431973891950963
Parallel Alarm Exceeds the Limit,S1ap Link Down,11,0.009403714849075194,0.009403714849075194
Parallel Alarm Exceeds the Limit,S1ap Link Down,12,0.009184255185699966,0.009184255185699966
Parallel Alarm Exceeds the Limit,SCTP Link Fault,-12,0.013582455276827811,0.013582455276827811
Parallel Alarm Exceeds the Limit,SCTP Link Fault,-11,0.024093779417388914,0.024093779417388914
Parallel Alarm Exceeds the Limit,SCTP Link Fault,-10,0.015148112683110834,0.015148112683110834
Parallel Alarm Exceeds the Limit,SCTP Link Fault,-9,0.013892076838178542,0.013892076838178542
Parallel Alarm Exceeds the Limit,SCTP Link Fault,-8,0.009675663558074631,0.009675663558074631
Parallel Alarm Exceeds the Limit,SCTP Link Fault,-7,0.006096485250205856,0.006096485250205856
Parallel Alarm Exceeds the Limit,SCTP Link Fault,-6,0.012242394328283002,0.012242394328283002
Parallel Alarm Exceeds the Limit,SCTP Link Fault,-5,0.015302556535109741,0.015302556535109741
Parallel Alarm Exceeds the Limit,SCTP Link Fault,-4,0.011093741944914238,0.011093741944914238
Parallel Alarm Exceeds the Limit,SCTP Link Fault,-3,0.03162981528972195,0.03162981528972195
Parallel Alarm Exceeds the Limit,SCTP Link Fault,-2,0.016891316016493026,0.016891316016493026
Parallel Alarm Exceeds the Limit,SCTP Link Fault,-1,0.029920067557908058,0.029920067557908058
Parallel Alarm Exceeds the Limit,SCTP Link Fault,0,0.1382231169087862,0.1382231169087862
Parallel Alarm Exceeds the Limit,SCTP Link Fault,1,0.042706969748898975,0.042706969748898975
Parallel Alarm Exceeds the Limit,SCTP Link Fault,2,0.030573777587917378,0.030573777587917378
Parallel Alarm Exceeds the Limit,SCTP Link Fault,3,0.03260771764580367,0.03260771764580367
Parallel Alarm Exceeds the Limit,SCTP Link Fault,4,0.027018695779034718,0.027018695779034718
Parallel Alarm Exceeds the Limit,SCTP Link Fault,5,0.0343644574884172,0.0343644574884172
Parallel Alarm Exceeds the Limit,SCTP Link Fault,6,0.017739756043961333,0.017739756043961333
Parallel Alarm Exceeds the Limit,SCTP Link Fault,7,0.019679416350110487,0.019679416350110487
Parallel Alarm Exceeds the Limit,SCTP Link Fault,8,0.009426759706721702,0.009426759706721702
Parallel Alarm Exceeds the Limit,SCTP Link Fault,9,0.011506192849188482,0.011506192849188482
Parallel Alarm Exceeds the Limit,SCTP Link Fault,10,0.01569268919563745,0.01569268919563745
Parallel Alarm Exceeds the Limit,SCTP Link Fault,11,0.025631837203546486,0.025631837203546486
Parallel Alarm Exceeds the Limit,SCTP Link Fault,12,0.01938470792313668,0.01938470792313668
Parallel Alarm Exceeds the Limit,SDH/SONET Tributary Excessive Slip Frames,-12,0.06426139429476602,0.06426139429476602
Parallel Alarm Exceeds the Limit,SDH/SONET Tributary Excessive Slip Frames,-11,0.06504690189025712,0.06504690189025712
Parallel Alarm Exceeds the Limit,SDH/SONET Tributary Excessive Slip Frames,-10,0.07038253191895025,0.07038253191895025
Parallel Alarm Exceeds the Limit,SDH/SONET Tributary Excessive Slip Frames,-9,0.041761888179545174,0.041761888179545174
Parallel Alarm Exceeds the Limit,SDH/SONET Tributary Excessive Slip Frames,-8,0.0856834859701871,0.0856834859701871
Parallel Alarm Exceeds the Limit,SDH/SONET Tributary Excessive Slip Frames,-7,0.06328012475621346,0.06328012475621346
Parallel Alarm Exceeds the Limit,SDH/SONET Tributary Excessive Slip Frames,-6,0.05668194439272198,0.05668194439272198
Parallel Alarm Exceeds the Limit,SDH/SONET Tributary Excessive Slip Frames,-5,0.08789291729316803,0.08789291729316803
Parallel Alarm Exceeds the Limit,SDH/SONET Tributary Excessive Slip Frames,-4,0.06300871497511498,0.06300871497511498
Parallel Alarm Exceeds the Limit,SDH/SONET Tributary Excessive Slip Frames,-3,0.10337856675064334,0.10337856675064334
Parallel Alarm Exceeds the Limit,SDH/SONET Tributary Excessive Slip Frames,-2,0.06514128332664049,0.06514128332664049
Parallel Alarm Exceeds the Limit,SDH/SONET Tributary Excessive Slip Frames,-1,0.06784910479529269,0.06784910479529269
Parallel Alarm Exceeds the Limit,SDH/SONET Tributary Excessive Slip Frames,0,0.20623681122138393,0.20623681122138393
Parallel Alarm Exceeds the Limit,SDH/SONET Tributary Excessive Slip Frames,1,0.05952016211391211,0.05952016211391211
Parallel Alarm Exceeds the Limit,SDH/SONET Tributary Excessive Slip Frames,2,0.08316904070625562,0.08316904070625562
Parallel Alarm Exceeds the Limit,SDH/SONET Tributary Excessive Slip Frames,3,0.07731439314682452,0.07731439314682452
Parallel Alarm Exceeds the Limit,SDH/SONET Tributary Excessive Slip Frames,4,0.07100196245158755,0.07100196245158755
Parallel Alarm Exceeds the Limit,SDH/SONET Tributary Excessive Slip Frames,5,0.08100421272059988,0.08100421272059988
Parallel Alarm Exceeds the Limit,SDH/SONET Tributary Excessive Slip Frames,6,0.0705833484738134,0.0705833484738134
Parallel Alarm Exceeds the Limit,SDH/SONET Tributary Excessive Slip Frames,7,0.10893711671799078,0.10893711671799078
Parallel Alarm Exceeds the Limit,SDH/SONET Tributary Excessive Slip Frames,8,0.05634349931534296,0.05634349931534296
Parallel Alarm Exceeds the Limit,SDH/SONET Tributary Excessive Slip Frames,9,0.05829971198535985,0.05829971198535985
Parallel Alarm Exceeds the Limit,SDH/SONET Tributary Excessive Slip Frames,10,0.09690498479029468,0.09690498479029468
Parallel Alarm Exceeds the Limit,SDH/SONET Tributary Excessive Slip Frames,11,0.05941433545898324,0.05941433545898324
Parallel Alarm Exceeds the Limit,SDH/SONET Tributary Excessive Slip Frames,12,0.07495787904917404,0.07495787904917404
Parallel Alarm Exceeds the Limit,Statistical Alarm,-12,0.011572345574652414,0.011572345574652414
Parallel Alarm Exceeds the Limit,Statistical Alarm,-11,0.010422131891091257,0.010422131891091257
Parallel Alarm Exceeds the Limit,Statistical Alarm,-10,0.00879086448022778,0.00879086448022778
Parallel Alarm Exceeds the Limit,Statistical Alarm,-9,0.010566924264839081,0.010566924264839081
Parallel Alarm Exceeds the Limit,Statistical Alarm,-8,0.011937301143555916,0.011937301143555916
Parallel Alarm Exceeds the Limit,Statistical Alarm,-7,0.01867954418013974,0.01867954418013974
Parallel Alarm Exceeds the Limit,Statistical Alarm,-6,0.018992424589915083,0.018992424589915083
Parallel Alarm Exceeds the Limit,Statistical Alarm,-5,0.020609832793823456,0.020609832793823456
Parallel Alarm Exceeds the Limit,Statistical Alarm,-4,0.024651930713532347,0.024651930713532347
Parallel Alarm Exceeds the Limit,Statistical Alarm,-3,0.046814751484005795,0.046814751484005795
Parallel Alarm Exceeds the Limit,Statistical Alarm,-2,0.03421805951177958,0.03421805951177958
Parallel Alarm Exceeds the Limit,Statistical Alarm,-1,0.022654096434928397,0.022654096434928397
Parallel Alarm Exceeds the Limit,Statistical Alarm,0,0.11464912681254036,0.11464912681254036
Parallel Alarm Exceeds the Limit,Statistical Alarm,1,0.0680039409981774,0.0680039409981774
Parallel Alarm Exceeds the Limit,Statistical Alarm,2,0.02748976798375263,0.02748976798375263
Parallel Alarm Exceeds the Limit,Statistical Alarm,3,0.0355595965026942,0.0355595965026942
Parallel Alarm Exceeds the Limit,Statistical Alarm,4,0.03296993836971572,0.03296993836971572
Parallel Alarm Exceeds the Limit,Statistical Alarm,5,0.01784992468693543,0.01784992468693543
Parallel Alarm Exceeds the Limit,Statistical Alarm,6,0.02735472452948922,0.02735472452948922
Parallel Alarm Exceeds the Limit,Statistical Alarm,7,0.019427109805400983,0.019427109805400983
Parallel Alarm Exceeds the Limit,Statistical Alarm,8,0.017476959149814515,0.017476959149814515
Parallel Alarm Exceeds the Limit,Statistical Alarm,9,0.008433871536669555,0.008433871536669555
Parallel Alarm Exceeds the Limit,Statistical Alarm,10,0.08757200112605977,0.08757200112605977
Parallel Alarm Exceeds the Limit,Statistical Alarm,11,0.015017716150695309,0.015017716150695309
Parallel Alarm Exceeds the Limit,Statistical Alarm,12,0.015015627774371374,0.015015627774371374
Parallel Alarm Exceeds the Limit,UMTS Cell MC-HSDPA Function Fault,-12,0.0708759894967808,0.0708759894967808
Parallel Alarm Exceeds the Limit,UMTS Cell MC-HSDPA Function Fault,-11,0.08770416298906003,0.08770416298906003
Parallel Alarm Exceeds the Limit,UMTS Cell MC-HSDPA Function Fault,-10,0.05857917953886612,0.05857917953886612
Parallel Alarm Exceeds the Limit,UMTS Cell MC-HSDPA Function Fault,-9,0.017933401378577768,0.017933401378577768
Parallel Alarm Exceeds the Limit,UMTS Cell MC-HSDPA Function Fault,-8,0.019233891651550573,0.019233891651550573
Parallel Alarm Exceeds the Limit,UMTS Cell MC-HSDPA Function Fault,-7,-0.0030306288549645753,0.0030306288549645753
Parallel Alarm Exceeds the Limit,UMTS Cell MC-HSDPA Function Fault,-6,-0.008503342593879724,0.008503342593879724
Parallel Alarm Exceeds the Limit,UMTS Cell MC-HSDPA Function Fault,-5,-0.0024224712179052275,0.0024224712179052275
Parallel Alarm Exceeds the Limit,UMTS Cell MC-HSDPA Function Fault,-4,-0.004931588784856234,0.004931588784856234
Parallel Alarm Exceeds the Limit,UMTS Cell MC-HSDPA Function Fault,-3,0.009808039706201673,0.009808039706201673
Parallel Alarm Exceeds the Limit,UMTS Cell MC-HSDPA Function Fault,-2,0.007092587728091744,0.007092587728091744
Parallel Alarm Exceeds the Limit,UMTS Cell MC-HSDPA Function Fault,-1,0.012365450519317138,0.012365450519317138
Parallel Alarm Exceeds the Limit,UMTS Cell MC-HSDPA Function Fault,0,0.0436591051004815,0.0436591051004815
Parallel Alarm Exceeds the Limit,UMTS Cell MC-HSDPA Function Fault,1,0.014276224155642158,0.014276224155642158
Parallel Alarm Exceeds the Limit,UMTS Cell MC-HSDPA Function Fault,2,-0.002120405115077638,0.002120405115077638
Parallel Alarm Exceeds the Limit,UMTS Cell MC-HSDPA Function Fault,3,0.001623718855474482,0.001623718855474482
Parallel Alarm Exceeds the Limit,UMTS Cell MC-HSDPA Function Fault,4,0.010657048272521522,0.010657048272521522
Parallel Alarm Exceeds the Limit,UMTS Cell MC-HSDPA Function Fault,5,0.016649658102343468,0.016649658102343468
Parallel Alarm Exceeds the Limit,UMTS Cell MC-HSDPA Function Fault,6,0.019551212153790624,0.019551212153790624
Parallel Alarm Exceeds the Limit,UMTS Cell MC-HSDPA Function Fault,7,0.05616631911877682,0.05616631911877682
Parallel Alarm Exceeds the Limit,UMTS Cell MC-HSDPA Function Fault,8,0.03473265515853287,0.03473265515853287
Parallel Alarm Exceeds the Limit,UMTS Cell MC-HSDPA Function Fault,9,0.04233604963391345,0.04233604963391345
Parallel Alarm Exceeds the Limit,UMTS Cell MC-HSDPA Function Fault,10,0.07138605230159682,0.07138605230159682
Parallel Alarm Exceeds the Limit,UMTS Cell MC-HSDPA Function Fault,11,0.06758073524421968,0.06758073524421968
Parallel Alarm Exceeds the Limit,UMTS Cell MC-HSDPA Function Fault,12,0.082825409029631,0.082825409029631
Parallel Alarm Exceeds the Limit,UMTS Cell Unavailable,-12,0.015772498173312503,0.015772498173312503
Parallel Alarm Exceeds the Limit,UMTS Cell Unavailable,-11,0.03688965108558027,0.03688965108558027
Parallel Alarm Exceeds the Limit,UMTS Cell Unavailable,-10,0.032107251914779464,0.032107251914779464
Parallel Alarm Exceeds the Limit,UMTS Cell Unavailable,-9,0.028025112413270253,0.028025112413270253
Parallel Alarm Exceeds the Limit,UMTS Cell Unavailable,-8,0.027973272323197185,0.027973272323197185
Parallel Alarm Exceeds the Limit,UMTS Cell Unavailable,-7,0.019457544339222574,0.019457544339222574
Parallel Alarm Exceeds the Limit,UMTS Cell Unavailable,-6,0.024041062481883736,0.024041062481883736
Parallel Alarm Exceeds the Limit,UMTS Cell Unavailable,-5,0.02686437008734121,0.02686437008734121
Parallel Alarm Exceeds the Limit,UMTS Cell Unavailable,-4,0.03467323560273059,0.03467323560273059
Parallel Alarm Exceeds the Limit,UMTS Cell Unavailable,-3,0.033748239497168125,0.033748239497168125
Parallel Alarm Exceeds the Limit,UMTS Cell Unavailable,-2,0.036512099315785355,0.036512099315785355
Parallel Alarm Exceeds the Limit,UMTS Cell Unavailable,-1,0.05023960332408525,0.05023960332408525
Parallel Alarm Exceeds the Limit,UMTS Cell Unavailable,0,0.36927129034877915,0.36927129034877915
Parallel Alarm Exceeds the Limit,UMTS Cell Unavailable,1,0.052280755665938275,0.052280755665938275
Parallel Alarm Exceeds the Limit,UMTS Cell Unavailable,2,0.06780047824105828,0.06780047824105828
Parallel Alarm Exceeds the Limit,UMTS Cell Unavailable,3,0.05098962555066605,0.05098962555066605
Parallel Alarm Exceeds the Limit,UMTS Cell Unavailable,4,0.05971874713388726,0.05971874713388726
Parallel Alarm Exceeds the Limit,UMTS Cell Unavailable,5,0.0513879277416738,0.0513879277416738
Parallel Alarm Exceeds the Limit,UMTS Cell Unavailable,6,0.03654153891356931,0.03654153891356931
Parallel Alarm Exceeds the Limit,UMTS Cell Unavailable,7,0.02845097434576686,0.02845097434576686
Parallel Alarm Exceeds the Limit,UMTS Cell Unavailable,8,0.028936807963526146,0.028936807963526146
Parallel Alarm Exceeds the Limit,UMTS Cell Unavailable,9,0.020029487951086635,0.020029487951086635
Parallel Alarm Exceeds the Limit,UMTS Cell Unavailable,10,0.0203026279323886,0.0203026279323886
Parallel Alarm Exceeds the Limit,UMTS Cell Unavailable,11,0.026079567993377836,0.026079567993377836
Parallel Alarm Exceeds the Limit,UMTS Cell Unavailable,12,0.04312222930024789,0.04312222930024789
Parallel Alarm Exceeds the Limit,User Plane Fault,-12,0.04820129306184692,0.04820129306184692
Parallel Alarm Exceeds the Limit,User Plane Fault,-11,0.07559772770653221,0.07559772770653221
Parallel Alarm Exceeds the Limit,User Plane Fault,-10,0.09260044190550462,0.09260044190550462
Parallel Alarm Exceeds the Limit,User Plane Fault,-9,0.054686125688607194,0.054686125688607194
Parallel Alarm Exceeds the Limit,User Plane Fault,-8,0.07171303146681002,0.07171303146681002
Parallel Alarm Exceeds the Limit,User Plane Fault,-7,0.041278155205783935,0.041278155205783935
Parallel Alarm Exceeds the Limit,User Plane Fault,-6,0.05980375135550076,0.05980375135550076
Parallel Alarm Exceeds the Limit,User Plane Fault,-5,0.0702854521839025,0.0702854521839025
Parallel Alarm Exceeds the Limit,User Plane Fault,-4,0.056505488606308434,0.056505488606308434
Parallel Alarm Exceeds the Limit,User Plane Fault,-3,0.0971540220663904,0.0971540220663904
Parallel Alarm Exceeds the Limit,User Plane Fault,-2,0.07232470499330484,0.07232470499330484
Parallel Alarm Exceeds the Limit,User Plane Fault,-1,0.0827361448465526,0.0827361448465526
Parallel Alarm Exceeds the Limit,User Plane Fault,0,0.36154234603678065,0.36154234603678065
Parallel Alarm Exceeds the Limit,User Plane Fault,1,0.10694419055304484,0.10694419055304484
Parallel Alarm Exceeds the Limit,User Plane Fault,2,0.10697551130559704,0.10697551130559704
Parallel Alarm Exceeds the Limit,User Plane Fault,3,0.09135140146372452,0.09135140146372452
Parallel Alarm Exceeds the Limit,User Plane Fault,4,0.09570112690618748,0.09570112690618748
Parallel Alarm Exceeds the Limit,User Plane Fault,5,0.09793050351886771,0.09793050351886771
Parallel Alarm Exceeds the Limit,User Plane Fault,6,0.0780071574033162,0.0780071574033162
Parallel Alarm Exceeds the Limit,User Plane Fault,7,0.06383662162486095,0.06383662162486095
Parallel Alarm Exceeds the Limit,User Plane Fault,8,0.0385436477025841,0.0385436477025841
Parallel Alarm Exceeds the Limit,User Plane Fault,9,0.047435418083917026,0.047435418083917026
Parallel Alarm Exceeds the Limit,User Plane Fault,10,0.05560338359708589,0.05560338359708589
Parallel Alarm Exceeds the Limit,User Plane Fault,11,0.04689734464616126,0.04689734464616126
Parallel Alarm Exceeds the Limit,User Plane Fault,12,0.06105035908345087,0.06105035908345087
Parallel Alarm Exceeds the Limit,X2 Interface Fault,-12,0.04787752383119049,0.04787752383119049
Parallel Alarm Exceeds the Limit,X2 Interface Fault,-11,0.07369366082605962,0.07369366082605962
Parallel Alarm Exceeds the Limit,X2 Interface Fault,-10,0.05774783191879369,0.05774783191879369
Parallel Alarm Exceeds the Limit,X2 Interface Fault,-9,0.055409075648315924,0.055409075648315924
Parallel Alarm Exceeds the Limit,X2 Interface Fault,-8,0.05209315137637398,0.05209315137637398
Parallel Alarm Exceeds the Limit,X2 Interface Fault,-7,0.029351937343702433,0.029351937343702433
Parallel Alarm Exceeds the Limit,X2 Interface Fault,-6,0.05204955604319273,0.05204955604319273
Parallel Alarm Exceeds the Limit,X2 Interface Fault,-5,0.0597013027169811,0.0597013027169811
Parallel Alarm Exceeds the Limit,X2 Interface Fault,-4,0.05741832488081445,0.05741832488081445
Parallel Alarm Exceeds the Limit,X2 Interface Fault,-3,0.0863120119084762,0.0863120119084762
Parallel Alarm Exceeds the Limit,X2 Interface Fault,-2,0.06582957293080674,0.06582957293080674
Parallel Alarm Exceeds the Limit,X2 Interface Fault,-1,0.07305776047550547,0.07305776047550547
Parallel Alarm Exceeds the Limit,X2 Interface Fault,0,0.28898038313416924,0.28898038313416924
Parallel Alarm Exceeds the Limit,X2 Interface Fault,1,0.11290182514020582,0.11290182514020582
Parallel Alarm Exceeds the Limit,X2 Interface Fault,2,0.12388033670450403,0.12388033670450403
Parallel Alarm Exceeds the Limit,X2 Interface Fault,3,0.10408663647668075,0.10408663647668075
Parallel Alarm Exceeds the Limit,X2 Interface Fault,4,0.1054954247687417,0.1054954247687417
Parallel Alarm Exceeds the Limit,X2 Interface Fault,5,0.09181031941482536,0.09181031941482536
Parallel Alarm Exceeds the Limit,X2 Interface Fault,6,0.06757500904974784,0.06757500904974784
Parallel Alarm Exceeds the Limit,X2 Interface Fault,7,0.06488324018084286,0.06488324018084286
Parallel Alarm Exceeds the Limit,X2 Interface Fault,8,0.03972414568199693,0.03972414568199693
Parallel Alarm Exceeds the Limit,X2 Interface Fault,9,0.048294765207478274,0.048294765207478274
Parallel Alarm Exceeds the Limit,X2 Interface Fault,10,0.04459590519923275,0.04459590519923275
Parallel Alarm Exceeds the Limit,X2 Interface Fault,11,0.04025227907765244,0.04025227907765244
Parallel Alarm Exceeds the Limit,X2 Interface Fault,12,0.03927807566027096,0.03927807566027096
RF Unit RX Channel RTWP/RSSI Unbalanced,RF Unit VSWR Threshold Crossed,-12,0.39917561450170824,0.39917561450170824
RF Unit RX Channel RTWP/RSSI Unbalanced,RF Unit VSWR Threshold Crossed,-11,0.3989919554237835,0.3989919554237835
RF Unit RX Channel RTWP/RSSI Unbalanced,RF Unit VSWR Threshold Crossed,-10,0.4041094104121463,0.4041094104121463
RF Unit RX Channel RTWP/RSSI Unbalanced,RF Unit VSWR Threshold Crossed,-9,0.41607570756839446,0.41607570756839446
RF Unit RX Channel RTWP/RSSI Unbalanced,RF Unit VSWR Threshold Crossed,-8,0.4413545042568031,0.4413545042568031
RF Unit RX Channel RTWP/RSSI Unbalanced,RF Unit VSWR Threshold Crossed,-7,0.45814850243731664,0.45814850243731664
RF Unit RX Channel RTWP/RSSI Unbalanced,RF Unit VSWR Threshold Crossed,-6,0.48437895127188746,0.48437895127188746
RF Unit RX Channel RTWP/RSSI Unbalanced,RF Unit VSWR Threshold Crossed,-5,0.5108853047146265,0.5108853047146265
RF Unit RX Channel RTWP/RSSI Unbalanced,RF Unit VSWR Threshold Crossed,-4,0.5077871833209201,0.5077871833209201
RF Unit RX Channel RTWP/RSSI Unbalanced,RF Unit VSWR Threshold Crossed,-3,0.5387087980625609,0.5387087980625609
RF Unit RX Channel RTWP/RSSI Unbalanced,RF Unit VSWR Threshold Crossed,-2,0.5274872454777864,0.5274872454777864
RF Unit RX Channel RTWP/RSSI Unbalanced,RF Unit VSWR Threshold Crossed,-1,0.5626827799710835,0.5626827799710835
RF Unit RX Channel RTWP/RSSI Unbalanced,RF Unit VSWR Threshold Crossed,0,0.5643464962518858,0.5643464962518858
RF Unit RX Channel RTWP/RSSI Unbalanced,RF Unit VSWR Threshold Crossed,1,0.48083790686859645,0.48083790686859645
RF Unit RX Channel RTWP/RSSI Unbalanced,RF Unit VSWR Threshold Crossed,2,0.4656954410748094,0.4656954410748094
RF Unit RX Channel RTWP/RSSI Unbalanced,RF Unit VSWR Threshold Crossed,3,0.4461072418901103,0.4461072418901103
RF Unit RX Channel RTWP/RSSI Unbalanced,RF Unit VSWR Threshold Crossed,4,0.4233359970348425,0.4233359970348425
RF Unit RX Channel RTWP/RSSI Unbalanced,RF Unit VSWR Threshold Crossed,5,0.42158337628947695,0.42158337628947695
RF Unit RX Channel RTWP/RSSI Unbalanced,RF Unit VSWR Threshold Crossed,6,0.40567206357871244,0.40567206357871244
RF Unit RX Channel RTWP/RSSI Unbalanced,RF Unit VSWR Threshold Crossed,7,0.42419217083259875,0.42419217083259875
RF Unit RX Channel RTWP/RSSI Unbalanced,RF Unit VSWR Threshold Crossed,8,0.414864760040822,0.414864760040822
RF Unit RX Channel RTWP/RSSI Unbalanced,RF Unit VSWR Threshold Crossed,9,0.4113364779817781,0.4113364779817781
RF Unit RX Channel RTWP/RSSI Unbalanced,RF Unit VSWR Threshold Crossed,10,0.40744566800059584,0.40744566800059584
RF Unit RX Channel RTWP/RSSI Unbalanced,RF Unit VSWR Threshold Crossed,11,0.3985945479385322,0.3985945479385322
RF Unit RX Channel RTWP/RSSI Unbalanced,RF Unit VSWR Threshold Crossed,12,0.3910475689221565,0.3910475689221565
RF Unit RX Channel RTWP/RSSI Unbalanced,S1ap Link Down,-12,0.054081158631971986,0.054081158631971986
RF Unit RX Channel RTWP/RSSI Unbalanced,S1ap Link Down,-11,0.05637733472117212,0.05637733472117212
RF Unit RX Channel RTWP/RSSI Unbalanced,S1ap Link Down,-10,0.059228222611906474,0.059228222611906474
RF Unit RX Channel RTWP/RSSI Unbalanced,S1ap Link Down,-9,0.06078504981358101,0.06078504981358101
RF Unit RX Channel RTWP/RSSI Unbalanced,S1ap Link Down,-8,0.07075549963051789,0.07075549963051789
RF Unit RX Channel RTWP/RSSI Unbalanced,S1ap Link Down,-7,0.07798091626725256,0.07798091626725256
RF Unit RX Channel RTWP/RSSI Unbalanced,S1ap Link Down,-6,0.09454691650505273,0.09454691650505273
RF Unit RX Channel RTWP/RSSI Unbalanced,S1ap Link Down,-5,0.10586638884783643,0.10586638884783643
RF Unit RX Channel RTWP/RSSI Unbalanced,S1ap Link Down,-4,0.08751505777340098,0.08751505777340098
RF Unit RX Channel RTWP/RSSI Unbalanced,S1ap Link Down,-3,0.10142945318041241,0.10142945318041241
RF Unit RX Channel RTWP/RSSI Unbalanced,S1ap Link Down,-2,0.0989718219258042,0.0989718219258042
RF Unit RX Channel RTWP/RSSI Unbalanced,S1ap Link Down,-1,0.11397946750447294,0.11397946750447294
RF Unit RX Channel RTWP/RSSI Unbalanced,S1ap Link Down,0,0.11339162652036101,0.11339162652036101
RF Unit RX Channel RTWP/RSSI Unbalanced,S1ap Link Down,1,0.09085996455694843,0.09085996455694843
RF Unit RX Channel RTWP/RSSI Unbalanced,S1ap Link Down,2,0.08375832976524428,0.08375832976524428
RF Unit RX Channel RTWP/RSSI Unbalanced,S1ap Link Down,3,0.06487080602926225,0.06487080602926225
RF Unit RX Channel RTWP/RSSI Unbalanced,S1ap Link Down,4,0.06470848931829087,0.06470848931829087
RF Unit RX Channel RTWP/RSSI Unbalanced,S1ap Link Down,5,0.07264454834615784,0.07264454834615784
RF Unit RX Channel RTWP/RSSI Unbalanced,S1ap Link Down,6,0.07158109787909232,0.07158109787909232
RF Unit RX Channel RTWP/RSSI Unbalanced,S1ap Link Down,7,0.07657398984812314,0.07657398984812314
RF Unit RX Channel RTWP/RSSI Unbalanced,S1ap Link Down,8,0.08207865400440105,0.08207865400440105
RF Unit RX Channel RTWP/RSSI Unbalanced,S1ap Link Down,9,0.08739172431823364,0.08739172431823364
RF Unit RX Channel RTWP/RSSI Unbalanced,S1ap Link Down,10,0.08420229441728863,0.08420229441728863
RF Unit RX Channel RTWP/RSSI Unbalanced,S1ap Link Down,11,0.07387734596091101,0.07387734596091101
RF Unit RX Channel RTWP/RSSI Unbalanced,S1ap Link Down,12,0.05287955818819693,0.05287955818819693
RF Unit RX Channel RTWP/RSSI Unbalanced,SCTP Link Fault,-12,0.11535539760339149,0.11535539760339149
RF Unit RX Channel RTWP/RSSI Unbalanced,SCTP Link Fault,-11,0.11384694870334505,0.11384694870334505
RF Unit RX Channel RTWP/RSSI Unbalanced,SCTP Link Fault,-10,0.10456934010436682,0.10456934010436682
RF Unit RX Channel RTWP/RSSI Unbalanced,SCTP Link Fault,-9,0.11484462260345847,0.11484462260345847
RF Unit RX Channel RTWP/RSSI Unbalanced,SCTP Link Fault,-8,0.13455970405759304,0.13455970405759304
RF Unit RX Channel RTWP/RSSI Unbalanced,SCTP Link Fault,-7,0.1430366992750639,0.1430366992750639
RF Unit RX Channel RTWP/RSSI Unbalanced,SCTP Link Fault,-6,0.13572656816414377,0.13572656816414377
RF Unit RX Channel RTWP/RSSI Unbalanced,SCTP Link Fault,-5,0.16523306670718815,0.16523306670718815
RF Unit RX Channel RTWP/RSSI Unbalanced,SCTP Link Fault,-4,0.17433886950168961,0.17433886950168961
RF Unit RX Channel RTWP/RSSI Unbalanced,SCTP Link Fault,-3,0.19110782821493952,0.19110782821493952
RF Unit RX Channel RTWP/RSSI Unbalanced,SCTP Link Fault,-2,0.18861582311081443,0.18861582311081443
RF Unit RX Channel RTWP/RSSI Unbalanced,SCTP Link Fault,-1,0.19210953234766387,0.19210953234766387
RF Unit RX Channel RTWP/RSSI Unbalanced,SCTP Link Fault,0,0.18280920459818867,0.18280920459818867
RF Unit RX Channel RTWP/RSSI Unbalanced,SCTP Link Fault,1,0.184421738780663,0.184421738780663
RF Unit RX Channel RTWP/RSSI Unbalanced,SCTP Link Fault,2,0.1724155774529151,0.1724155774529151
RF Unit RX Channel RTWP/RSSI Unbalanced,SCTP Link Fault,3,0.14939227951576373,0.14939227951576373
RF Unit RX Channel RTWP/RSSI Unbalanced,SCTP Link Fault,4,0.13488685698604358,0.13488685698604358
RF Unit RX Channel RTWP/RSSI Unbalanced,SCTP Link Fault,5,0.15026696566645892,0.15026696566645892
RF Unit RX Channel RTWP/RSSI Unbalanced,SCTP Link Fault,6,0.13363592706851918,0.13363592706851918
RF Unit RX Channel RTWP/RSSI Unbalanced,SCTP Link Fault,7,0.138116391211483,0.138116391211483
RF Unit RX Channel RTWP/RSSI Unbalanced,SCTP Link Fault,8,0.13616238155866336,0.13616238155866336
RF Unit RX Channel RTWP/RSSI Unbalanced,SCTP Link Fault,9,0.1385653495445632,0.1385653495445632
RF Unit RX Channel RTWP/RSSI Unbalanced,SCTP Link Fault,10,0.14285936652982356,0.14285936652982356
RF Unit RX Channel RTWP/RSSI Unbalanced,SCTP Link Fault,11,0.13030283271320506,0.13030283271320506
RF Unit RX Channel RTWP/RSSI Unbalanced,SCTP Link Fault,12,0.11458783286185167,0.11458783286185167
RF Unit RX Channel RTWP/RSSI Unbalanced,SDH/SONET Tributary Excessive Slip Frames,-12,0.4015247777972251,0.4015247777972251
RF Unit RX Channel RTWP/RSSI Unbalanced,SDH/SONET Tributary Excessive Slip Frames,-11,0.40447387367647786,0.40447387367647786
RF Unit RX Channel RTWP/RSSI Unbalanced,SDH/SONET Tributary Excessive Slip Frames,-10,0.41513764907199996,0.41513764907199996
RF Unit RX Channel RTWP/RSSI Unbalanced,SDH/SONET Tributary Excessive Slip Frames,-9,0.4143809876582878,0.4143809876582878
RF Unit RX Channel RTWP/RSSI Unbalanced,SDH/SONET Tributary Excessive Slip Frames,-8,0.4374932953738034,0.4374932953738034
RF Unit RX Channel RTWP/RSSI Unbalanced,SDH/SONET Tributary Excessive Slip Frames,-7,0.43323024946109545,0.43323024946109545
RF Unit RX Channel RTWP/RSSI Unbalanced,SDH/SONET Tributary Excessive Slip Frames,-6,0.44130498073382673,0.44130498073382673
RF Unit RX Channel RTWP/RSSI Unbalanced,SDH/SONET Tributary Excessive Slip Frames,-5,0.45038317539493555,0.45038317539493555
RF Unit RX Channel RTWP/RSSI Unbalanced,SDH/SONET Tributary Excessive Slip Frames,-4,0.45015825394193937,0.45015825394193937
RF Unit RX Channel RTWP/RSSI Unbalanced,SDH/SONET Tributary Excessive Slip Frames,-3,0.4759814453483756,0.4759814453483756
RF Unit RX Channel RTWP/RSSI Unbalanced,SDH/SONET Tributary Excessive Slip Frames,-2,0.46221400642592786,0.46221400642592786
RF Unit RX Channel RTWP/RSSI Unbalanced,SDH/SONET Tributary Excessive Slip Frames,-1,0.49864311777029846,0.49864311777029846
RF Unit RX Channel RTWP/RSSI Unbalanced,SDH/SONET Tributary Excessive Slip Frames,0,0.5229525876031724,0.5229525876031724
RF Unit RX Channel RTWP/RSSI Unbalanced,SDH/SONET Tributary Excessive Slip Frames,1,0.421000030826121,0.421000030826121
RF Unit RX Channel RTWP/RSSI Unbalanced,SDH/SONET Tributary Excessive Slip Frames,2,0.43902784879955564,0.43902784879955564
RF Unit RX Channel RTWP/RSSI Unbalanced,SDH/SONET Tributary Excessive Slip Frames,3,0.43911340830027235,0.43911340830027235
RF Unit RX Channel RTWP/RSSI Unbalanced,SDH/SONET Tributary Excessive Slip Frames,4,0.4331339865746713,0.4331339865746713
RF Unit RX Channel RTWP/RSSI Unbalanced,SDH/SONET Tributary Excessive Slip Frames,5,0.4415939080462349,0.4415939080462349
RF Unit RX Channel RTWP/RSSI Unbalanced,SDH/SONET Tributary Excessive Slip Frames,6,0.4279569022681715,0.4279569022681715
RF Unit RX Channel RTWP/RSSI Unbalanced,SDH/SONET Tributary Excessive Slip Frames,7,0.44466902793822677,0.44466902793822677
RF Unit RX Channel RTWP/RSSI Unbalanced,SDH/SONET Tributary Excessive Slip Frames,8,0.4192454110263575,0.4192454110263575
RF Unit RX Channel RTWP/RSSI Unbalanced,SDH/SONET Tributary Excessive Slip Frames,9,0.414916251111426,0.414916251111426
RF Unit RX Channel RTWP/RSSI Unbalanced,SDH/SONET Tributary Excessive Slip Frames,10,0.40996981118750003,0.40996981118750003
RF Unit RX Channel RTWP/RSSI Unbalanced,SDH/SONET Tributary Excessive Slip Frames,11,0.3968369905785627,0.3968369905785627
RF Unit RX Channel RTWP/RSSI Unbalanced,SDH/SONET Tributary Excessive Slip Frames,12,0.40322236929515215,0.40322236929515215
RF Unit RX Channel RTWP/RSSI Unbalanced,Statistical Alarm,-12,0.11432093795928161,0.11432093795928161
RF Unit RX Channel RTWP/RSSI Unbalanced,Statistical Alarm,-11,0.10937340841791827,0.10937340841791827
RF Unit RX Channel RTWP/RSSI Unbalanced,Statistical Alarm,-10,0.0996025780879848,0.0996025780879848
RF Unit RX Channel RTWP/RSSI Unbalanced,Statistical Alarm,-9,0.11519000097991057,0.11519000097991057
RF Unit RX Channel RTWP/RSSI Unbalanced,Statistical Alarm,-8,0.13128998238302367,0.13128998238302367
RF Unit RX Channel RTWP/RSSI Unbalanced,Statistical Alarm,-7,0.1499460161415727,0.1499460161415727
RF Unit RX Channel RTWP/RSSI Unbalanced,Statistical Alarm,-6,0.15307232451652888,0.15307232451652888
RF Unit RX Channel RTWP/RSSI Unbalanced,Statistical Alarm,-5,0.14661056194656044,0.14661056194656044
RF Unit RX Channel RTWP/RSSI Unbalanced,Statistical Alarm,-4,0.16723371692149014,0.16723371692149014
RF Unit RX Channel RTWP/RSSI Unbalanced,Statistical Alarm,-3,0.14942114010813956,0.14942114010813956
RF Unit RX Channel RTWP/RSSI Unbalanced,Statistical Alarm,-2,0.16160575040804545,0.16160575040804545
RF Unit RX Channel RTWP/RSSI Unbalanced,Statistical Alarm,-1,0.15970289242951435,0.15970289242951435
RF Unit RX Channel RTWP/RSSI Unbalanced,Statistical Alarm,0,0.18475672868072865,0.18475672868072865
RF Unit RX Channel RTWP/RSSI Unbalanced,Statistical Alarm,1,0.14627660516185684,0.14627660516185684
RF Unit RX Channel RTWP/RSSI Unbalanced,Statistical Alarm,2,0.1258860556133218,0.1258860556133218
RF Unit RX Channel RTWP/RSSI Unbalanced,Statistical Alarm,3,0.1318731318985117,0.1318731318985117
RF Unit RX Channel RTWP/RSSI Unbalanced,Statistical Alarm,4,0.1214580215862208,0.1214580215862208
RF Unit RX Channel RTWP/RSSI Unbalanced,Statistical Alarm,5,0.12821832163705513,0.12821832163705513
RF Unit RX Channel RTWP/RSSI Unbalanced,Statistical Alarm,6,0.1410290879585908,0.1410290879585908
RF Unit RX Channel RTWP/RSSI Unbalanced,Statistical Alarm,7,0.1416140551108281,0.1416140551108281
RF Unit RX Channel RTWP/RSSI Unbalanced,Statistical Alarm,8,0.1397490302389569,0.1397490302389569
RF Unit RX Channel RTWP/RSSI Unbalanced,Statistical Alarm,9,0.13272987103722628,0.13272987103722628
RF Unit RX Channel RTWP/RSSI Unbalanced,Statistical Alarm,10,0.13488420737696258,0.13488420737696258
RF Unit RX Channel RTWP/RSSI Unbalanced,Statistical Alarm,11,0.11211348962297533,0.11211348962297533
RF Unit RX Channel RTWP/RSSI Unbalanced,Statistical Alarm,12,0.11765395085210849,0.11765395085210849
RF Unit RX Channel RTWP/RSSI Unbalanced,UMTS Cell MC-HSDPA Function Fault,-12,0.1483926379002861,0.1483926379002861
RF Unit RX Channel RTWP/RSSI Unbalanced,UMTS Cell MC-HSDPA Function Fault,-11,0.16333010375631107,0.16333010375631107
RF Unit RX Channel RTWP/RSSI Unbalanced,UMTS Cell MC-HSDPA Function Fault,-10,0.14942581534288538,0.14942581534288538
RF Unit RX Channel RTWP/RSSI Unbalanced,UMTS Cell MC-HSDPA Function Fault,-9,0.15368137037059368,0.15368137037059368
RF Unit RX Channel RTWP/RSSI Unbalanced,UMTS Cell MC-HSDPA Function Fault,-8,0.1956257183107577,0.1956257183107577
RF Unit RX Channel RTWP/RSSI Unbalanced,UMTS Cell MC-HSDPA Function Fault,-7,0.18613435421230837,0.18613435421230837
RF Unit RX Channel RTWP/RSSI Unbalanced,UMTS Cell MC-HSDPA Function Fault,-6,0.2004099837689954,0.2004099837689954
RF Unit RX Channel RTWP/RSSI Unbalanced,UMTS Cell MC-HSDPA Function Fault,-5,0.1747825594028683,0.1747825594028683
RF Unit RX Channel RTWP/RSSI Unbalanced,UMTS Cell MC-HSDPA Function Fault,-4,0.16604084762153384,0.16604084762153384
RF Unit RX Channel RTWP/RSSI Unbalanced,UMTS Cell MC-HSDPA Function Fault,-3,0.14426981822862367,0.14426981822862367
RF Unit RX Channel RTWP/RSSI Unbalanced,UMTS Cell MC-HSDPA Function Fault,-2,0.13522724158118146,0.13522724158118146
RF Unit RX Channel RTWP/RSSI Unbalanced,UMTS Cell MC-HSDPA Function Fault,-1,0.11806099986175661,0.11806099986175661
RF Unit RX Channel RTWP/RSSI Unbalanced,UMTS Cell MC-HSDPA Function Fault,0,0.13457896727327043,0.13457896727327043
RF Unit RX Channel RTWP/RSSI Unbalanced,UMTS Cell MC-HSDPA Function Fault,1,0.08960269161615389,0.08960269161615389
RF Unit RX Channel RTWP/RSSI Unbalanced,UMTS Cell MC-HSDPA Function Fault,2,0.07323925485333073,0.07323925485333073
RF Unit RX Channel RTWP/RSSI Unbalanced,UMTS Cell MC-HSDPA Function Fault,3,0.041262493004080254,0.041262493004080254
RF Unit RX Channel RTWP/RSSI Unbalanced,UMTS Cell MC-HSDPA Function Fault,4,0.06672034698248198,0.06672034698248198
RF Unit RX Channel RTWP/RSSI Unbalanced,UMTS Cell MC-HSDPA Function Fault,5,0.1847557776910637,0.1847557776910637
RF Unit RX Channel RTWP/RSSI Unbalanced,UMTS Cell MC-HSDPA Function Fault,6,0.23648562633889775,0.23648562633889775
RF Unit RX Channel RTWP/RSSI Unbalanced,UMTS Cell MC-HSDPA Function Fault,7,0.2876403637955492,0.2876403637955492
RF Unit RX Channel RTWP/RSSI Unbalanced,UMTS Cell MC-HSDPA Function Fault,8,0.3517422743296714,0.3517422743296714
RF Unit RX Channel RTWP/RSSI Unbalanced,UMTS Cell MC-HSDPA Function Fault,9,0.38064044311302486,0.38064044311302486
RF Unit RX Channel RTWP/RSSI Unbalanced,UMTS Cell MC-HSDPA Function Fault,10,0.31513692712908886,0.31513692712908886
RF Unit RX Channel RTWP/RSSI Unbalanced,UMTS Cell MC-HSDPA Function Fault,11,0.22474403669398496,0.22474403669398496
RF Unit RX Channel RTWP/RSSI Unbalanced,UMTS Cell MC-HSDPA Function Fault,12,0.15946587129789802,0.15946587129789802
RF Unit RX Channel RTWP/RSSI Unbalanced,UMTS Cell Unavailable,-12,0.1474573179095559,0.1474573179095559
RF Unit RX Channel RTWP/RSSI Unbalanced,UMTS Cell Unavailable,-11,0.14943988507085773,0.14943988507085773
RF Unit RX Channel RTWP/RSSI Unbalanced,UMTS Cell Unavailable,-10,0.1426696044467173,0.1426696044467173
RF Unit RX Channel RTWP/RSSI Unbalanced,UMTS Cell Unavailable,-9,0.13380909305536115,0.13380909305536115
RF Unit RX Channel RTWP/RSSI Unbalanced,UMTS Cell Unavailable,-8,0.17141644892180954,0.17141644892180954
RF Unit RX Channel RTWP/RSSI Unbalanced,UMTS Cell Unavailable,-7,0.16048871869225487,0.16048871869225487
RF Unit RX Channel RTWP/RSSI Unbalanced,UMTS Cell Unavailable,-6,0.1858628179898149,0.1858628179898149
RF Unit RX Channel RTWP/RSSI Unbalanced,UMTS Cell Unavailable,-5,0.1998346173576766,0.1998346173576766
RF Unit RX Channel RTWP/RSSI Unbalanced,UMTS Cell Unavailable,-4,0.22209144435707615,0.22209144435707615
RF Unit RX Channel RTWP/RSSI Unbalanced,UMTS Cell Unavailable,-3,0.2421315883244627,0.2421315883244627
RF Unit RX Channel RTWP/RSSI Unbalanced,UMTS Cell Unavailable,-2,0.22618476838049734,0.22618476838049734
RF Unit RX Channel RTWP/RSSI Unbalanced,UMTS Cell Unavailable,-1,0.2448402434643167,0.2448402434643167
RF Unit RX Channel RTWP/RSSI Unbalanced,UMTS Cell Unavailable,0,0.25662386550782856,0.25662386550782856
RF Unit RX Channel RTWP/RSSI Unbalanced,UMTS Cell Unavailable,1,0.20828536219497132,0.20828536219497132
RF Unit RX Channel RTWP/RSSI Unbalanced,UMTS Cell Unavailable,2,0.19334479715377703,0.19334479715377703
RF Unit RX Channel RTWP/RSSI Unbalanced,UMTS Cell Unavailable,3,0.17857474326454859,0.17857474326454859
RF Unit RX Channel RTWP/RSSI Unbalanced,UMTS Cell Unavailable,4,0.17583750136900067,0.17583750136900067
RF Unit RX Channel RTWP/RSSI Unbalanced,UMTS Cell Unavailable,5,0.17681533721633602,0.17681533721633602
RF Unit RX Channel RTWP/RSSI Unbalanced,UMTS Cell Unavailable,6,0.17553814223943198,0.17553814223943198
RF Unit RX Channel RTWP/RSSI Unbalanced,UMTS Cell Unavailable,7,0.187015665610257,0.187015665610257
RF Unit RX Channel RTWP/RSSI Unbalanced,UMTS Cell Unavailable,8,0.1972886618202009,0.1972886618202009
RF Unit RX Channel RTWP/RSSI Unbalanced,UMTS Cell Unavailable,9,0.19773802465794382,0.19773802465794382
RF Unit RX Channel RTWP/RSSI Unbalanced,UMTS Cell Unavailable,10,0.19726472306884363,0.19726472306884363
RF Unit RX Channel RTWP/RSSI Unbalanced,UMTS Cell Unavailable,11,0.17226944261141294,0.17226944261141294
RF Unit RX Channel RTWP/RSSI Unbalanced,UMTS Cell Unavailable,12,0.1460424343786007,0.1460424343786007
RF Unit RX Channel RTWP/RSSI Unbalanced,User Plane Fault,-12,0.3035906811014736,0.3035906811014736
RF Unit RX Channel RTWP/RSSI Unbalanced,User Plane Fault,-11,0.29382171350624275,0.29382171350624275
RF Unit RX Channel RTWP/RSSI Unbalanced,User Plane Fault,-10,0.30282631942328175,0.30282631942328175
RF Unit RX Channel RTWP/RSSI Unbalanced,User Plane Fault,-9,0.30773564544179616,0.30773564544179616
RF Unit RX Channel RTWP/RSSI Unbalanced,User Plane Fault,-8,0.33882321307867724,0.33882321307867724
RF Unit RX Channel RTWP/RSSI Unbalanced,User Plane Fault,-7,0.3484333857337773,0.3484333857337773
RF Unit RX Channel RTWP/RSSI Unbalanced,User Plane Fault,-6,0.36969322489166884,0.36969322489166884
RF Unit RX Channel RTWP/RSSI Unbalanced,User Plane Fault,-5,0.39881503462961304,0.39881503462961304
RF Unit RX Channel RTWP/RSSI Unbalanced,User Plane Fault,-4,0.4327812585522948,0.4327812585522948
RF Unit RX Channel RTWP/RSSI Unbalanced,User Plane Fault,-3,0.4531009098867743,0.4531009098867743
RF Unit RX Channel RTWP/RSSI Unbalanced,User Plane Fault,-2,0.45530696215615685,0.45530696215615685
RF Unit RX Channel RTWP/RSSI Unbalanced,User Plane Fault,-1,0.47435701457802515,0.47435701457802515
RF Unit RX Channel RTWP/RSSI Unbalanced,User Plane Fault,0,0.48984887464685756,0.48984887464685756
RF Unit RX Channel RTWP/RSSI Unbalanced,User Plane Fault,1,0.42154614700539045,0.42154614700539045
RF Unit RX Channel RTWP/RSSI Unbalanced,User Plane Fault,2,0.39303938803121313,0.39303938803121313
RF Unit RX Channel RTWP/RSSI Unbalanced,User Plane Fault,3,0.3709844727970811,0.3709844727970811
RF Unit RX Channel RTWP/RSSI Unbalanced,User Plane Fault,4,0.35690634680603595,0.35690634680603595
RF Unit RX Channel RTWP/RSSI Unbalanced,User Plane Fault,5,0.3603527802062217,0.3603527802062217
RF Unit RX Channel RTWP/RSSI Unbalanced,User Plane Fault,6,0.3631501480902192,0.3631501480902192
RF Unit RX Channel RTWP/RSSI Unbalanced,User Plane Fault,7,0.36143660457826216,0.36143660457826216
RF Unit RX Channel RTWP/RSSI Unbalanced,User Plane Fault,8,0.3542673237103031,0.3542673237103031
RF Unit RX Channel RTWP/RSSI Unbalanced,User Plane Fault,9,0.3518384556727497,0.3518384556727497
RF Unit RX Channel RTWP/RSSI Unbalanced,User Plane Fault,10,0.34115269693047146,0.34115269693047146
RF Unit RX Channel RTWP/RSSI Unbalanced,User Plane Fault,11,0.3246666474350861,0.3246666474350861
RF Unit RX Channel RTWP/RSSI Unbalanced,User Plane Fault,12,0.285309908578994,0.285309908578994
RF Unit RX Channel RTWP/RSSI Unbalanced,X2 Interface Fault,-12,0.288312780259275,0.288312780259275
RF Unit RX Channel RTWP/RSSI Unbalanced,X2 Interface Fault,-11,0.2723373754452756,0.2723373754452756
RF Unit RX Channel RTWP/RSSI Unbalanced,X2 Interface Fault,-10,0.2892202473298442,0.2892202473298442
RF Unit RX Channel RTWP/RSSI Unbalanced,X2 Interface Fault,-9,0.2937885547354047,0.2937885547354047
RF Unit RX Channel RTWP/RSSI Unbalanced,X2 Interface Fault,-8,0.3214505750698915,0.3214505750698915
RF Unit RX Channel RTWP/RSSI Unbalanced,X2 Interface Fault,-7,0.32971396279143955,0.32971396279143955
RF Unit RX Channel RTWP/RSSI Unbalanced,X2 Interface Fault,-6,0.34063304753430024,0.34063304753430024
RF Unit RX Channel RTWP/RSSI Unbalanced,X2 Interface Fault,-5,0.384194529219316,0.384194529219316
RF Unit RX Channel RTWP/RSSI Unbalanced,X2 Interface Fault,-4,0.41639101610942286,0.41639101610942286
RF Unit RX Channel RTWP/RSSI Unbalanced,X2 Interface Fault,-3,0.4415528456284548,0.4415528456284548
RF Unit RX Channel RTWP/RSSI Unbalanced,X2 Interface Fault,-2,0.4592938646365199,0.4592938646365199
RF Unit RX Channel RTWP/RSSI Unbalanced,X2 Interface Fault,-1,0.4750658561548876,0.4750658561548876
RF Unit RX Channel RTWP/RSSI Unbalanced,X2 Interface Fault,0,0.4872061413728341,0.4872061413728341
RF Unit RX Channel RTWP/RSSI Unbalanced,X2 Interface Fault,1,0.42300658742599123,0.42300658742599123
RF Unit RX Channel RTWP/RSSI Unbalanced,X2 Interface Fault,2,0.3939457405166407,0.3939457405166407
RF Unit RX Channel RTWP/RSSI Unbalanced,X2 Interface Fault,3,0.36426299449423655,0.36426299449423655
RF Unit RX Channel RTWP/RSSI Unbalanced,X2 Interface Fault,4,0.34666075050308526,0.34666075050308526
RF Unit RX Channel RTWP/RSSI Unbalanced,X2 Interface Fault,5,0.34794484488979266,0.34794484488979266
RF Unit RX Channel RTWP/RSSI Unbalanced,X2 Interface Fault,6,0.3466142107695451,0.3466142107695451
RF Unit RX Channel RTWP/RSSI Unbalanced,X2 Interface Fault,7,0.35003478844249486,0.35003478844249486
RF Unit RX Channel RTWP/RSSI Unbalanced,X2 Interface Fault,8,0.3402243371999739,0.3402243371999739
RF Unit RX Channel RTWP/RSSI Unbalanced,X2 Interface Fault,9,0.3348472182424706,0.3348472182424706
RF Unit RX Channel RTWP/RSSI Unbalanced,X2 Interface Fault,10,0.31712257704685065,0.31712257704685065
RF Unit RX Channel RTWP/RSSI Unbalanced,X2 Interface Fault,11,0.30395868599491876,0.30395868599491876
RF Unit RX Channel RTWP/RSSI Unbalanced,X2 Interface Fault,12,0.2725961343835741,0.2725961343835741
RF Unit VSWR Threshold Crossed,S1ap Link Down,-12,0.05391784749347506,0.05391784749347506
RF Unit VSWR Threshold Crossed,S1ap Link Down,-11,0.04778658368624894,0.04778658368624894
RF Unit VSWR Threshold Crossed,S1ap Link Down,-10,0.05603052073981408,0.05603052073981408
RF Unit VSWR Threshold Crossed,S1ap Link Down,-9,0.04793588786561845,0.04793588786561845
RF Unit VSWR Threshold Crossed,S1ap Link Down,-8,0.055836429115587186,0.055836429115587186
RF Unit VSWR Threshold Crossed,S1ap Link Down,-7,0.06323127447527738,0.06323127447527738
RF Unit VSWR Threshold Crossed,S1ap Link Down,-6,0.05618387978044856,0.05618387978044856
RF Unit VSWR Threshold Crossed,S1ap Link Down,-5,0.07657039876168364,0.07657039876168364
RF Unit VSWR Threshold Crossed,S1ap Link Down,-4,0.06561393096667442,0.06561393096667442
RF Unit VSWR Threshold Crossed,S1ap Link Down,-3,0.07611271162359343,0.07611271162359343
RF Unit VSWR Threshold Crossed,S1ap Link Down,-2,0.0891768239619929,0.0891768239619929
RF Unit VSWR Threshold Crossed,S1ap Link Down,-1,0.08477518854919341,0.08477518854919341
RF Unit VSWR Threshold Crossed,S1ap Link Down,0,0.1414877444100286,0.1414877444100286
RF Unit VSWR Threshold Crossed,S1ap Link Down,1,0.07748331421680102,0.07748331421680102
RF Unit VSWR Threshold Crossed,S1ap Link Down,2,0.09249975277613826,0.09249975277613826
RF Unit VSWR Threshold Crossed,S1ap Link Down,3,0.08325427758824923,0.08325427758824923
RF Unit VSWR Threshold Crossed,S1ap Link Down,4,0.07624082665508061,0.07624082665508061
RF Unit VSWR Threshold Crossed,S1ap Link Down,5,0.07799566307390031,0.07799566307390031
RF Unit VSWR Threshold Crossed,S1ap Link Down,6,0.060870212706581654,0.060870212706581654
RF Unit VSWR Threshold Crossed,S1ap Link Down,7,0.05820984938963937,0.05820984938963937
RF Unit VSWR Threshold Crossed,S1ap Link Down,8,0.0644037736373671,0.0644037736373671
RF Unit VSWR Threshold Crossed,S1ap Link Down,9,0.05187487885886282,0.05187487885886282
RF Unit VSWR Threshold Crossed,S1ap Link Down,10,0.06327303588873723,0.06327303588873723
RF Unit VSWR Threshold Crossed,S1ap Link Down,11,0.05400549094765924,0.05400549094765924
RF Unit VSWR Threshold Crossed,S1ap Link Down,12,0.05777894643813978,0.05777894643813978
RF Unit VSWR Threshold Crossed,SCTP Link Fault,-12,0.07840586015992011,0.07840586015992011
RF Unit VSWR Threshold Crossed,SCTP Link Fault,-11,0.059176809465081866,0.059176809465081866
RF Unit VSWR Threshold Crossed,SCTP Link Fault,-10,0.06939080804077714,0.06939080804077714
RF Unit VSWR Threshold Crossed,SCTP Link Fault,-9,0.06396643987432804,0.06396643987432804
RF Unit VSWR Threshold Crossed,SCTP Link Fault,-8,0.07377839006850287,0.07377839006850287
RF Unit VSWR Threshold Crossed,SCTP Link Fault,-7,0.07915292624797853,0.07915292624797853
RF Unit VSWR Threshold Crossed,SCTP Link Fault,-6,0.07858784841890633,0.07858784841890633
RF Unit VSWR Threshold Crossed,SCTP Link Fault,-5,0.08819004723759437,0.08819004723759437
RF Unit VSWR Threshold Crossed,SCTP Link Fault,-4,0.09535473243686587,0.09535473243686587
RF Unit VSWR Threshold Crossed,SCTP Link Fault,-3,0.11467488823317598,0.11467488823317598
RF Unit VSWR Threshold Crossed,SCTP Link Fault,-2,0.1328193220623491,0.1328193220623491
RF Unit VSWR Threshold Crossed,SCTP Link Fault,-1,0.11401563122960584,0.11401563122960584
RF Unit VSWR Threshold Crossed,SCTP Link Fault,0,0.16776231907415146,0.16776231907415146
RF Unit VSWR Threshold Crossed,SCTP Link Fault,1,0.12468151170196032,0.12468151170196032
RF Unit VSWR Threshold Crossed,SCTP Link Fault,2,0.12479470275422827,0.12479470275422827
RF Unit VSWR Threshold Crossed,SCTP Link Fault,3,0.12136826924675378,0.12136826924675378
RF Unit VSWR Threshold Crossed,SCTP Link Fault,4,0.10148775732365702,0.10148775732365702
RF Unit VSWR Threshold Crossed,SCTP Link Fault,5,0.11124266881801625,0.11124266881801625
RF Unit VSWR Threshold Crossed,SCTP Link Fault,6,0.09904096187977396,0.09904096187977396
RF Unit VSWR Threshold Crossed,SCTP Link Fault,7,0.08966036572319139,0.08966036572319139
RF Unit VSWR Threshold Crossed,SCTP Link Fault,8,0.08233312850592114,0.08233312850592114
RF Unit VSWR Threshold Crossed,SCTP Link Fault,9,0.07705379788180454,0.07705379788180454
RF Unit VSWR Threshold Crossed,SCTP Link Fault,10,0.09145730356699355,0.09145730356699355
RF Unit VSWR Threshold Crossed,SCTP Link Fault,11,0.07965673512457312,0.07965673512457312
RF Unit VSWR Threshold Crossed,SCTP Link Fault,12,0.07372675084367919,0.07372675084367919
RF Unit VSWR Threshold Crossed,SDH/SONET Tributary Excessive Slip Frames,-12,0.41542125939695945,0.41542125939695945
RF Unit VSWR Threshold Crossed,SDH/SONET Tributary Excessive Slip Frames,-11,0.3721803904904006,0.3721803904904006
RF Unit VSWR Threshold Crossed,SDH/SONET Tributary Excessive Slip Frames,-10,0.44670016454374933,0.44670016454374933
RF Unit VSWR Threshold Crossed,SDH/SONET Tributary Excessive Slip Frames,-9,0.37584975024537953,0.37584975024537953
RF Unit VSWR Threshold Crossed,SDH/SONET Tributary Excessive Slip Frames,-8,0.4304266617661202,0.4304266617661202
RF Unit VSWR Threshold Crossed,SDH/SONET Tributary Excessive Slip Frames,-7,0.43326942895800796,0.43326942895800796
RF Unit VSWR Threshold Crossed,SDH/SONET Tributary Excessive Slip Frames,-6,0.41921857629901227,0.41921857629901227
RF Unit VSWR Threshold Crossed,SDH/SONET Tributary Excessive Slip Frames,-5,0.46061897292180265,0.46061897292180265
RF Unit VSWR Threshold Crossed,SDH/SONET Tributary Excessive Slip Frames,-4,0.4272997069560375,0.4272997069560375
RF Unit VSWR Threshold Crossed,SDH/SONET Tributary Excessive Slip Frames,-3,0.4653993491586376,0.4653993491586376
RF Unit VSWR Threshold Crossed,SDH/SONET Tributary Excessive Slip Frames,-2,0.4575674137254387,0.4575674137254387
RF Unit VSWR Threshold Crossed,SDH/SONET Tributary Excessive Slip Frames,-1,0.3957237693617778,0.3957237693617778
RF Unit VSWR Threshold Crossed,SDH/SONET Tributary Excessive Slip Frames,0,0.7519339604830069,0.7519339604830069
RF Unit VSWR Threshold Crossed,SDH/SONET Tributary Excessive Slip Frames,1,0.39185383182786165,0.39185383182786165
RF Unit VSWR Threshold Crossed,SDH/SONET Tributary Excessive Slip Frames,2,0.45903784555843163,0.45903784555843163
RF Unit VSWR Threshold Crossed,SDH/SONET Tributary Excessive Slip Frames,3,0.4781695035527797,0.4781695035527797
RF Unit VSWR Threshold Crossed,SDH/SONET Tributary Excessive Slip Frames,4,0.4233664191013408,0.4233664191013408
RF Unit VSWR Threshold Crossed,SDH/SONET Tributary Excessive Slip Frames,5,0.46056672978882796,0.46056672978882796
RF Unit VSWR Threshold Crossed,SDH/SONET Tributary Excessive Slip Frames,6,0.43499492116048083,0.43499492116048083
RF Unit VSWR Threshold Crossed,SDH/SONET Tributary Excessive Slip Frames,7,0.4450039499917724,0.4450039499917724
RF Unit VSWR Threshold Crossed,SDH/SONET Tributary Excessive Slip Frames,8,0.4297061422466652,0.4297061422466652
RF Unit VSWR Threshold Crossed,SDH/SONET Tributary Excessive Slip Frames,9,0.4008496389283216,0.4008496389283216
RF Unit VSWR Threshold Crossed,SDH/SONET Tributary Excessive Slip Frames,10,0.44815116884966305,0.44815116884966305
RF Unit VSWR Threshold Crossed,SDH/SONET Tributary Excessive Slip Frames,11,0.38694350458580046,0.38694350458580046
RF Unit VSWR Threshold Crossed,SDH/SONET Tributary Excessive Slip Frames,12,0.4182557619685823,0.4182557619685823
RF Unit VSWR Threshold Crossed,Statistical Alarm,-12,0.10685502870531605,0.10685502870531605
RF Unit VSWR Threshold Crossed,Statistical Alarm,-11,0.10149764831626594,0.10149764831626594
RF Unit VSWR Threshold Crossed,Statistical Alarm,-10,0.10860167123834218,0.10860167123834218
RF Unit VSWR Threshold Crossed,Statistical Alarm,-9,0.11542380254890905,0.11542380254890905
RF Unit VSWR Threshold Crossed,Statistical Alarm,-8,0.10553456939856964,0.10553456939856964
RF Unit VSWR Threshold Crossed,Statistical Alarm,-7,0.13067317039728718,0.13067317039728718
RF Unit VSWR Threshold Crossed,Statistical Alarm,-6,0.12887579816577086,0.12887579816577086
RF Unit VSWR Threshold Crossed,Statistical Alarm,-5,0.1234893544663743,0.1234893544663743
RF Unit VSWR Threshold Crossed,Statistical Alarm,-4,0.12637524107676873,0.12637524107676873
RF Unit VSWR Threshold Crossed,Statistical Alarm,-3,0.15130415523358529,0.15130415523358529
RF Unit VSWR Threshold Crossed,Statistical Alarm,-2,0.14429309550880076,0.14429309550880076
RF Unit VSWR Threshold Crossed,Statistical Alarm,-1,0.14816245427736183,0.14816245427736183
RF Unit VSWR Threshold Crossed,Statistical Alarm,0,0.1916242501151327,0.1916242501151327
RF Unit VSWR Threshold Crossed,Statistical Alarm,1,0.14625278748389897,0.14625278748389897
RF Unit VSWR Threshold Crossed,Statistical Alarm,2,0.12994392300558086,0.12994392300558086
RF Unit VSWR Threshold Crossed,Statistical Alarm,3,0.12829582817328194,0.12829582817328194
RF Unit VSWR Threshold Crossed,Statistical Alarm,4,0.10836386883257437,0.10836386883257437
RF Unit VSWR Threshold Crossed,Statistical Alarm,5,0.12568851753694932,0.12568851753694932
RF Unit VSWR Threshold Crossed,Statistical Alarm,6,0.11075368540728533,0.11075368540728533
RF Unit VSWR Threshold Crossed,Statistical Alarm,7,0.11518763279551196,0.11518763279551196
RF Unit VSWR Threshold Crossed,Statistical Alarm,8,0.11696278132363411,0.11696278132363411
RF Unit VSWR Threshold Crossed,Statistical Alarm,9,0.08946386086862126,0.08946386086862126
RF Unit VSWR Threshold Crossed,Statistical Alarm,10,0.12798388091473892,0.12798388091473892
RF Unit VSWR Threshold Crossed,Statistical Alarm,11,0.08149227276722212,0.08149227276722212
RF Unit VSWR Threshold Crossed,Statistical Alarm,12,0.09299629418957718,0.09299629418957718
RF Unit VSWR Threshold Crossed,UMTS Cell MC-HSDPA Function Fault,-12,0.23864752804806144,0.23864752804806144
RF Unit VSWR Threshold Crossed,UMTS Cell MC-HSDPA Function Fault,-11,0.25883200278196933,0.25883200278196933
RF Unit VSWR Threshold Crossed,UMTS Cell MC-HSDPA Function Fault,-10,0.2225618659285751,0.2225618659285751
RF Unit VSWR Threshold Crossed,UMTS Cell MC-HSDPA Function Fault,-9,0.1919807399926609,0.1919807399926609
RF Unit VSWR Threshold Crossed,UMTS Cell MC-HSDPA Function Fault,-8,0.15752450663727585,0.15752450663727585
RF Unit VSWR Threshold Crossed,UMTS Cell MC-HSDPA Function Fault,-7,0.15219760471215635,0.15219760471215635
RF Unit VSWR Threshold Crossed,UMTS Cell MC-HSDPA Function Fault,-6,0.12852634821247313,0.12852634821247313
RF Unit VSWR Threshold Crossed,UMTS Cell MC-HSDPA Function Fault,-5,0.13597606303114684,0.13597606303114684
RF Unit VSWR Threshold Crossed,UMTS Cell MC-HSDPA Function Fault,-4,0.11443509801882748,0.11443509801882748
RF Unit VSWR Threshold Crossed,UMTS Cell MC-HSDPA Function Fault,-3,0.13332653758425111,0.13332653758425111
RF Unit VSWR Threshold Crossed,UMTS Cell MC-HSDPA Function Fault,-2,0.14475096369151158,0.14475096369151158
RF Unit VSWR Threshold Crossed,UMTS Cell MC-HSDPA Function Fault,-1,0.11539812847486952,0.11539812847486952
RF Unit VSWR Threshold Crossed,UMTS Cell MC-HSDPA Function Fault,0,0.15160723717773628,0.15160723717773628
RF Unit VSWR Threshold Crossed,UMTS Cell MC-HSDPA Function Fault,1,0.10581152842884367,0.10581152842884367
RF Unit VSWR Threshold Crossed,UMTS Cell MC-HSDPA Function Fault,2,0.08524652872461765,0.08524652872461765
RF Unit VSWR Threshold Crossed,UMTS Cell MC-HSDPA Function Fault,3,0.09262780147159731,0.09262780147159731
RF Unit VSWR Threshold Crossed,UMTS Cell MC-HSDPA Function Fault,4,0.08221863732805039,0.08221863732805039
RF Unit VSWR Threshold Crossed,UMTS Cell MC-HSDPA Function Fault,5,0.12432590764835082,0.12432590764835082
RF Unit VSWR Threshold Crossed,UMTS Cell MC-HSDPA Function Fault,6,0.14206048314672662,0.14206048314672662
RF Unit VSWR Threshold Crossed,UMTS Cell MC-HSDPA Function Fault,7,0.18629400382777608,0.18629400382777608
RF Unit VSWR Threshold Crossed,UMTS Cell MC-HSDPA Function Fault,8,0.2032847364246943,0.2032847364246943
RF Unit VSWR Threshold Crossed,UMTS Cell MC-HSDPA Function Fault,9,0.22229246653368703,0.22229246653368703
RF Unit VSWR Threshold Crossed,UMTS Cell MC-HSDPA Function Fault,10,0.26209129981578494,0.26209129981578494
RF Unit VSWR Threshold Crossed,UMTS Cell MC-HSDPA Function Fault,11,0.2676169712652023,0.2676169712652023
RF Unit VSWR Threshold Crossed,UMTS Cell MC-HSDPA Function Fault,12,0.24699896292099027,0.24699896292099027
RF Unit VSWR Threshold Crossed,UMTS Cell Unavailable,-12,0.12966944747765216,0.12966944747765216
RF Unit VSWR Threshold Crossed,UMTS Cell Unavailable,-11,0.12223862208226774,0.12223862208226774
RF Unit VSWR Threshold Crossed,UMTS Cell Unavailable,-10,0.13864000940006185,0.13864000940006185
RF Unit VSWR Threshold Crossed,UMTS Cell Unavailable,-9,0.11744900917931188,0.11744900917931188
RF Unit VSWR Threshold Crossed,UMTS Cell Unavailable,-8,0.13240481191266365,0.13240481191266365
RF Unit VSWR Threshold Crossed,UMTS Cell Unavailable,-7,0.13529806864023072,0.13529806864023072
RF Unit VSWR Threshold Crossed,UMTS Cell Unavailable,-6,0.141488232782779,0.141488232782779
RF Unit VSWR Threshold Crossed,UMTS Cell Unavailable,-5,0.1608254165531241,0.1608254165531241
RF Unit VSWR Threshold Crossed,UMTS Cell Unavailable,-4,0.15825258077425008,0.15825258077425008
RF Unit VSWR Threshold Crossed,UMTS Cell Unavailable,-3,0.17545689440445522,0.17545689440445522
RF Unit VSWR Threshold Crossed,UMTS Cell Unavailable,-2,0.21150299026664018,0.21150299026664018
RF Unit VSWR Threshold Crossed,UMTS Cell Unavailable,-1,0.18450334288085515,0.18450334288085515
RF Unit VSWR Threshold Crossed,UMTS Cell Unavailable,0,0.29652300319557806,0.29652300319557806
RF Unit VSWR Threshold Crossed,UMTS Cell Unavailable,1,0.19358127803791067,0.19358127803791067
RF Unit VSWR Threshold Crossed,UMTS Cell Unavailable,2,0.19912210975923333,0.19912210975923333
RF Unit VSWR Threshold Crossed,UMTS Cell Unavailable,3,0.20906217275090153,0.20906217275090153
RF Unit VSWR Threshold Crossed,UMTS Cell Unavailable,4,0.1680407563311801,0.1680407563311801
RF Unit VSWR Threshold Crossed,UMTS Cell Unavailable,5,0.17296709269867636,0.17296709269867636
RF Unit VSWR Threshold Crossed,UMTS Cell Unavailable,6,0.13572777269112257,0.13572777269112257
RF Unit VSWR Threshold Crossed,UMTS Cell Unavailable,7,0.1390210020949256,0.1390210020949256
RF Unit VSWR Threshold Crossed,UMTS Cell Unavailable,8,0.14201552614766513,0.14201552614766513
RF Unit VSWR Threshold Crossed,UMTS Cell Unavailable,9,0.12681133822032126,0.12681133822032126
RF Unit VSWR Threshold Crossed,UMTS Cell Unavailable,10,0.15384580785195587,0.15384580785195587
RF Unit VSWR Threshold Crossed,UMTS Cell Unavailable,11,0.13732116626881366,0.13732116626881366
RF Unit VSWR Threshold Crossed,UMTS Cell Unavailable,12,0.1324713187312338,0.1324713187312338
RF Unit VSWR Threshold Crossed,User Plane Fault,-12,0.2559327971474416,0.2559327971474416
RF Unit VSWR Threshold Crossed,User Plane Fault,-11,0.2373253641036303,0.2373253641036303
RF Unit VSWR Threshold Crossed,User Plane Fault,-10,0.2741802449385001,0.2741802449385001
RF Unit VSWR Threshold Crossed,User Plane Fault,-9,0.2448934345074917,0.2448934345074917
RF Unit VSWR Threshold Crossed,User Plane Fault,-8,0.2510910024639572,0.2510910024639572
RF Unit VSWR Threshold Crossed,User Plane Fault,-7,0.2767469216466561,0.2767469216466561
RF Unit VSWR Threshold Crossed,User Plane Fault,-6,0.2623941484279303,0.2623941484279303
RF Unit VSWR Threshold Crossed,User Plane Fault,-5,0.30745426820283983,0.30745426820283983
RF Unit VSWR Threshold Crossed,User Plane Fault,-4,0.31002302033576823,0.31002302033576823
RF Unit VSWR Threshold Crossed,User Plane Fault,-3,0.35146690198562147,0.35146690198562147
RF Unit VSWR Threshold Crossed,User Plane Fault,-2,0.36963471599935666,0.36963471599935666
RF Unit VSWR Threshold Crossed,User Plane Fault,-1,0.3406856874022319,0.3406856874022319
RF Unit VSWR Threshold Crossed,User Plane Fault,0,0.5364216177052334,0.5364216177052334
RF Unit VSWR Threshold Crossed,User Plane Fault,1,0.3916664645732446,0.3916664645732446
RF Unit VSWR Threshold Crossed,User Plane Fault,2,0.3782407353551496,0.3782407353551496
RF Unit VSWR Threshold Crossed,User Plane Fault,3,0.39148188065897366,0.39148188065897366
RF Unit VSWR Threshold Crossed,User Plane Fault,4,0.32859953821283017,0.32859953821283017
RF Unit VSWR Threshold Crossed,User Plane Fault,5,0.3453941320053087,0.3453941320053087
RF Unit VSWR Threshold Crossed,User Plane Fault,6,0.30880714065549814,0.30880714065549814
RF Unit VSWR Threshold Crossed,User Plane Fault,7,0.2965830406745266,0.2965830406745266
RF Unit VSWR Threshold Crossed,User Plane Fault,8,0.2956107881591115,0.2956107881591115
RF Unit VSWR Threshold Crossed,User Plane Fault,9,0.2621363914580875,0.2621363914580875
RF Unit VSWR Threshold Crossed,User Plane Fault,10,0.27710450284487126,0.27710450284487126
RF Unit VSWR Threshold Crossed,User Plane Fault,11,0.26261080637364936,0.26261080637364936
RF Unit VSWR Threshold Crossed,User Plane Fault,12,0.25604627165487087,0.25604627165487087
RF Unit VSWR Threshold Crossed,X2 Interface Fault,-12,0.24923523153037477,0.24923523153037477
RF Unit VSWR Threshold Crossed,X2 Interface Fault,-11,0.22907090375135716,0.22907090375135716
RF Unit VSWR Threshold Crossed,X2 Interface Fault,-10,0.2423426678821459,0.2423426678821459
RF Unit VSWR Threshold Crossed,X2 Interface Fault,-9,0.23418837113960386,0.23418837113960386
RF Unit VSWR Threshold Crossed,X2 Interface Fault,-8,0.2476486599537201,0.2476486599537201
RF Unit VSWR Threshold Crossed,X2 Interface Fault,-7,0.26658956332275846,0.26658956332275846
RF Unit VSWR Threshold Crossed,X2 Interface Fault,-6,0.26519034701704475,0.26519034701704475
RF Unit VSWR Threshold Crossed,X2 Interface Fault,-5,0.3090892358689071,0.3090892358689071
RF Unit VSWR Threshold Crossed,X2 Interface Fault,-4,0.31482931028190275,0.31482931028190275
RF Unit VSWR Threshold Crossed,X2 Interface Fault,-3,0.3491989296422461,0.3491989296422461
RF Unit VSWR Threshold Crossed,X2 Interface Fault,-2,0.3726714753687466,0.3726714753687466
RF Unit VSWR Threshold Crossed,X2 Interface Fault,-1,0.36440821348448527,0.36440821348448527
RF Unit VSWR Threshold Crossed,X2 Interface Fault,0,0.486804626927866,0.486804626927866
RF Unit VSWR Threshold Crossed,X2 Interface Fault,1,0.4133231862292019,0.4133231862292019
RF Unit VSWR Threshold Crossed,X2 Interface Fault,2,0.37699265303401874,0.37699265303401874
RF Unit VSWR Threshold Crossed,X2 Interface Fault,3,0.388457271836571,0.388457271836571
RF Unit VSWR Threshold Crossed,X2 Interface Fault,4,0.3429231195642302,0.3429231195642302
RF Unit VSWR Threshold Crossed,X2 Interface Fault,5,0.3411884381644202,0.3411884381644202
RF Unit VSWR Threshold Crossed,X2 Interface Fault,6,0.30675369532393537,0.30675369532393537
RF Unit VSWR Threshold Crossed,X2 Interface Fault,7,0.28128905821821576,0.28128905821821576
RF Unit VSWR Threshold Crossed,X2 Interface Fault,8,0.28584778561245816,0.28584778561245816
RF Unit VSWR Threshold Crossed,X2 Interface Fault,9,0.2563023646195429,0.2563023646195429
RF Unit VSWR Threshold Crossed,X2 Interface Fault,10,0.2603341417232974,0.2603341417232974
RF Unit VSWR Threshold Crossed,X2 Interface Fault,11,0.25287554146209795,0.25287554146209795
RF Unit VSWR Threshold Crossed,X2 Interface Fault,12,0.23891545759050092,0.23891545759050092
S1ap Link Down,SCTP Link Fault,-12,0.021987605799062174,0.021987605799062174
S1ap Link Down,SCTP Link Fault,-11,0.02295379297181636,0.02295379297181636
S1ap Link Down,SCTP Link Fault,-10,0.019593063256706334,0.019593063256706334
S1ap Link Down,SCTP Link Fault,-9,0.018074029405556705,0.018074029405556705
S1ap Link Down,SCTP Link Fault,-8,0.019413823580195885,0.019413823580195885
S1ap Link Down,SCTP Link Fault,-7,0.021282474256851057,0.021282474256851057
S1ap Link Down,SCTP Link Fault,-6,0.01823270722631827,0.01823270722631827
S1ap Link Down,SCTP Link Fault,-5,0.02608988673851576,0.02608988673851576
S1ap Link Down,SCTP Link Fault,-4,0.026986988419960965,0.026986988419960965
S1ap Link Down,SCTP Link Fault,-3,0.04014374455968757,0.04014374455968757
S1ap Link Down,SCTP Link Fault,-2,0.0373479563364792,0.0373479563364792
S1ap Link Down,SCTP Link Fault,-1,0.044622844273050896,0.044622844273050896
S1ap Link Down,SCTP Link Fault,0,0.11667444765113973,0.11667444765113973
S1ap Link Down,SCTP Link Fault,1,0.05154218830426539,0.05154218830426539
S1ap Link Down,SCTP Link Fault,2,0.04894141695628527,0.04894141695628527
S1ap Link Down,SCTP Link Fault,3,0.032233138088167496,0.032233138088167496
S1ap Link Down,SCTP Link Fault,4,0.02428656285047401,0.02428656285047401
S1ap Link Down,SCTP Link Fault,5,0.0364265704965433,0.0364265704965433
S1ap Link Down,SCTP Link Fault,6,0.02406418894103375,0.02406418894103375
S1ap Link Down,SCTP Link Fault,7,0.01878255997257437,0.01878255997257437
S1ap Link Down,SCTP Link Fault,8,0.018028303767243417,0.018028303767243417
S1ap Link Down,SCTP Link Fault,9,0.020650345363439744,0.020650345363439744
S1ap Link Down,SCTP Link Fault,10,0.02075387766734852,0.02075387766734852
S1ap Link Down,SCTP Link Fault,11,0.024590840922387718,0.024590840922387718
S1ap Link Down,SCTP Link Fault,12,0.019390851249681415,0.019390851249681415
S1ap Link Down,SDH/SONET Tributary Excessive Slip Frames,-12,0.05839250135663293,0.05839250135663293
S1ap Link Down,SDH/SONET Tributary Excessive Slip Frames,-11,0.054864098069510175,0.054864098069510175
S1ap Link Down,SDH/SONET Tributary Excessive Slip Frames,-10,0.056237244050697785,0.056237244050697785
S1ap Link Down,SDH/SONET Tributary Excessive Slip Frames,-9,0.053641849632894714,0.053641849632894714
S1ap Link Down,SDH/SONET Tributary Excessive Slip Frames,-8,0.06601932903378069,0.06601932903378069
S1ap Link Down,SDH/SONET Tributary Excessive Slip Frames,-7,0.06201218259831,0.06201218259831
S1ap Link Down,SDH/SONET Tributary Excessive Slip Frames,-6,0.05542418326053008,0.05542418326053008
S1ap Link Down,SDH/SONET Tributary Excessive Slip Frames,-5,0.07169827963793031,0.07169827963793031
S1ap Link Down,SDH/SONET Tributary Excessive Slip Frames,-4,0.06357366687943738,0.06357366687943738
S1ap Link Down,SDH/SONET Tributary Excessive Slip Frames,-3,0.07812913580695331,0.07812913580695331
S1ap Link Down,SDH/SONET Tributary Excessive Slip Frames,-2,0.07200457366547759,0.07200457366547759
S1ap Link Down,SDH/SONET Tributary Excessive Slip Frames,-1,0.057243027789134475,0.057243027789134475
S1ap Link Down,SDH/SONET Tributary Excessive Slip Frames,0,0.131237493128649,0.131237493128649
S1ap Link Down,SDH/SONET Tributary Excessive Slip Frames,1,0.06101787228037196,0.06101787228037196
S1ap Link Down,SDH/SONET Tributary Excessive Slip Frames,2,0.06886668344786503,0.06886668344786503
S1ap Link Down,SDH/SONET Tributary Excessive Slip Frames,3,0.06814628991125676,0.06814628991125676
S1ap Link Down,SDH/SONET Tributary Excessive Slip Frames,4,0.05597664874848116,0.05597664874848116
S1ap Link Down,SDH/SONET Tributary Excessive Slip Frames,5,0.07734527771927817,0.07734527771927817
S1ap Link Down,SDH/SONET Tributary Excessive Slip Frames,6,0.058944463457694544,0.058944463457694544
S1ap Link Down,SDH/SONET Tributary Excessive Slip Frames,7,0.06786882513012278,0.06786882513012278
S1ap Link Down,SDH/SONET Tributary Excessive Slip Frames,8,0.059352409357386234,0.059352409357386234
S1ap Link Down,SDH/SONET Tributary Excessive Slip Frames,9,0.050438599130538816,0.050438599130538816
S1ap Link Down,SDH/SONET Tributary Excessive Slip Frames,10,0.06857686961060634,0.06857686961060634
S1ap Link Down,SDH/SONET Tributary Excessive Slip Frames,11,0.05211396112683769,0.05211396112683769
S1ap Link Down,SDH/SONET Tributary Excessive Slip Frames,12,0.04857943507654524,0.04857943507654524
S1ap Link Down,Statistical Alarm,-12,0.042059555786283905,0.042059555786283905
S1ap Link Down,Statistical Alarm,-11,0.013920614182998893,0.013920614182998893
S1ap Link Down,Statistical Alarm,-10,0.02675465393231842,0.02675465393231842
S1ap Link Down,Statistical Alarm,-9,0.017210636269607532,0.017210636269607532
S1ap Link Down,Statistical Alarm,-8,0.016404453711109462,0.016404453711109462
S1ap Link Down,Statistical Alarm,-7,0.018577860069200883,0.018577860069200883
S1ap Link Down,Statistical Alarm,-6,0.02994340523725437,0.02994340523725437
S1ap Link Down,Statistical Alarm,-5,0.04151341160194839,0.04151341160194839
S1ap Link Down,Statistical Alarm,-4,0.026241726075167254,0.026241726075167254
S1ap Link Down,Statistical Alarm,-3,0.054775753486919,0.054775753486919
S1ap Link Down,Statistical Alarm,-2,0.03341384998539954,0.03341384998539954
S1ap Link Down,Statistical Alarm,-1,0.031173774699493468,0.031173774699493468
S1ap Link Down,Statistical Alarm,0,0.0569854173790981,0.0569854173790981
S1ap Link Down,Statistical Alarm,1,0.033801787711374175,0.033801787711374175
S1ap Link Down,Statistical Alarm,2,0.046895016735248325,0.046895016735248325
S1ap Link Down,Statistical Alarm,3,0.02780970922285609,0.02780970922285609
S1ap Link Down,Statistical Alarm,4,0.015361891172257803,0.015361891172257803
S1ap Link Down,Statistical Alarm,5,0.022119672499586764,0.022119672499586764
S1ap Link Down,Statistical Alarm,6,0.015514612591888207,0.015514612591888207
S1ap Link Down,Statistical Alarm,7,0.015918025516672023,0.015918025516672023
S1ap Link Down,Statistical Alarm,8,0.01584326891645091,0.01584326891645091
S1ap Link Down,Statistical Alarm,9,0.02181576462422031,0.02181576462422031
S1ap Link Down,Statistical Alarm,10,0.03432762013545492,0.03432762013545492
S1ap Link Down,Statistical Alarm,11,0.01644401993292972,0.01644401993292972
S1ap Link Down,Statistical Alarm,12,0.02090415035475318,0.02090415035475318
S1ap Link Down,UMTS Cell MC-HSDPA Function Fault,-12,0.04504507658371221,0.04504507658371221
S1ap Link Down,UMTS Cell MC-HSDPA Function Fault,-11,0.039598690629231756,0.039598690629231756
S1ap Link Down,UMTS Cell MC-HSDPA Function Fault,-10,0.02426381886454434,0.02426381886454434
S1ap Link Down,UMTS Cell MC-HSDPA Function Fault,-9,0.013070414779514015,0.013070414779514015
S1ap Link Down,UMTS Cell MC-HSDPA Function Fault,-8,0.01931948855694196,0.01931948855694196
S1ap Link Down,UMTS Cell MC-HSDPA Function Fault,-7,0.004379735479039247,0.004379735479039247
S1ap Link Down,UMTS Cell MC-HSDPA Function Fault,-6,-0.00044479393195337,0.00044479393195337
S1ap Link Down,UMTS Cell MC-HSDPA Function Fault,-5,-0.0010902193292516105,0.0010902193292516105
S1ap Link Down,UMTS Cell MC-HSDPA Function Fault,-4,0.00031262255693210214,0.00031262255693210214
S1ap Link Down,UMTS Cell MC-HSDPA Function Fault,-3,0.010364408865820941,0.010364408865820941
S1ap Link Down,UMTS Cell MC-HSDPA Function Fault,-2,0.012638790689176036,0.012638790689176036
S1ap Link Down,UMTS Cell MC-HSDPA Function Fault,-1,0.008902219672936766,0.008902219672936766
S1ap Link Down,UMTS Cell MC-HSDPA Function Fault,0,0.05100523020225348,0.05100523020225348
S1ap Link Down,UMTS Cell MC-HSDPA Function Fault,1,0.003885444422067701,0.003885444422067701
S1ap Link Down,UMTS Cell MC-HSDPA Function Fault,2,-0.0018898569012851662,0.0018898569012851662
S1ap Link Down,UMTS Cell MC-HSDPA Function Fault,3,0.0012807233832050663,0.0012807233832050663
S1ap Link Down,UMTS Cell MC-HSDPA Function Fault,4,0.005724812238734626,0.005724812238734626
S1ap Link Down,UMTS Cell MC-HSDPA Function Fault,5,0.02581631718495251,0.02581631718495251
S1ap Link Down,UMTS Cell MC-HSDPA Function Fault,6,0.024808223555700597,0.024808223555700597
S1ap Link Down,UMTS Cell MC-HSDPA Function Fault,7,0.04931926039965243,0.04931926039965243
S1ap Link Down,UMTS Cell MC-HSDPA Function Fault,8,0.054895678765627266,0.054895678765627266
S1ap Link Down,UMTS Cell MC-HSDPA Function Fault,9,0.06711400199499504,0.06711400199499504
S1ap Link Down,UMTS Cell MC-HSDPA Function Fault,10,0.07016173504989859,0.07016173504989859
S1ap Link Down,UMTS Cell MC-HSDPA Function Fault,11,0.07814481583419912,0.07814481583419912
S1ap Link Down,UMTS Cell MC-HSDPA Function Fault,12,0.046139359970167375,0.046139359970167375
S1ap Link Down,UMTS Cell Unavailable,-12,0.02578181049585777,0.02578181049585777
S1ap Link Down,UMTS Cell Unavailable,-11,0.022665999884656517,0.022665999884656517
S1ap Link Down,UMTS Cell Unavailable,-10,0.026385611763773693,0.026385611763773693
S1ap Link Down,UMTS Cell Unavailable,-9,0.027570027579195407,0.027570027579195407
S1ap Link Down,UMTS Cell Unavailable,-8,0.023240967417778948,0.023240967417778948
S1ap Link Down,UMTS Cell Unavailable,-7,0.02607948872200086,0.02607948872200086
S1ap Link Down,UMTS Cell Unavailable,-6,0.025631717128086078,0.025631717128086078
S1ap Link Down,UMTS Cell Unavailable,-5,0.038453215720600425,0.038453215720600425
S1ap Link Down,UMTS Cell Unavailable,-4,0.03456605982665152,0.03456605982665152
S1ap Link Down,UMTS Cell Unavailable,-3,0.041999285066869736,0.041999285066869736
S1ap Link Down,UMTS Cell Unavailable,-2,0.05395729344235061,0.05395729344235061
S1ap Link Down,UMTS Cell Unavailable,-1,0.05406825075717024,0.05406825075717024
S1ap Link Down,UMTS Cell Unavailable,0,0.31193865161344314,0.31193865161344314
S1ap Link Down,UMTS Cell Unavailable,1,0.0611222334537637,0.0611222334537637
S1ap Link Down,UMTS Cell Unavailable,2,0.05118480061902066,0.05118480061902066
S1ap Link Down,UMTS Cell Unavailable,3,0.04813723376793538,0.04813723376793538
S1ap Link Down,UMTS Cell Unavailable,4,0.02801348644710662,0.02801348644710662
S1ap Link Down,UMTS Cell Unavailable,5,0.03709465634205369,0.03709465634205369
S1ap Link Down,UMTS Cell Unavailable,6,0.025327108725650676,0.025327108725650676
S1ap Link Down,UMTS Cell Unavailable,7,0.03051378707158373,0.03051378707158373
S1ap Link Down,UMTS Cell Unavailable,8,0.020841078203290838,0.020841078203290838
S1ap Link Down,UMTS Cell Unavailable,9,0.015274189982228641,0.015274189982228641
S1ap Link Down,UMTS Cell Unavailable,10,0.029183807575281,0.029183807575281
S1ap Link Down,UMTS Cell Unavailable,11,0.01985539443231446,0.01985539443231446
S1ap Link Down,UMTS Cell Unavailable,12,0.025364580590438265,0.025364580590438265
S1ap Link Down,User Plane Fault,-12,0.04701667325882404,0.04701667325882404
S1ap Link Down,User Plane Fault,-11,0.04970189926196023,0.04970189926196023
S1ap Link Down,User Plane Fault,-10,0.061086413064459714,0.061086413064459714
S1ap Link Down,User Plane Fault,-9,0.04696977753225724,0.04696977753225724
S1ap Link Down,User Plane Fault,-8,0.05076309701399053,0.05076309701399053
S1ap Link Down,User Plane Fault,-7,0.05403652865445804,0.05403652865445804
S1ap Link Down,User Plane Fault,-6,0.04920709485770906,0.04920709485770906
S1ap Link Down,User Plane Fault,-5,0.0689080626427379,0.0689080626427379
S1ap Link Down,User Plane Fault,-4,0.07427212998596108,0.07427212998596108
S1ap Link Down,User Plane Fault,-3,0.0809646781675823,0.0809646781675823
S1ap Link Down,User Plane Fault,-2,0.09310279870730576,0.09310279870730576
S1ap Link Down,User Plane Fault,-1,0.09181466513110015,0.09181466513110015
S1ap Link Down,User Plane Fault,0,0.2900467244212651,0.2900467244212651
S1ap Link Down,User Plane Fault,1,0.11575189677210193,0.11575189677210193
S1ap Link Down,User Plane Fault,2,0.09907804943545666,0.09907804943545666
S1ap Link Down,User Plane Fault,3,0.0798602258091413,0.0798602258091413
S1ap Link Down,User Plane Fault,4,0.05848970879869094,0.05848970879869094
S1ap Link Down,User Plane Fault,5,0.08541204779579421,0.08541204779579421
S1ap Link Down,User Plane Fault,6,0.05021043693984178,0.05021043693984178
S1ap Link Down,User Plane Fault,7,0.04725922661349089,0.04725922661349089
S1ap Link Down,User Plane Fault,8,0.044273800725425125,0.044273800725425125
S1ap Link Down,User Plane Fault,9,0.03982223033285469,0.03982223033285469
S1ap Link Down,User Plane Fault,10,0.05615036696458951,0.05615036696458951
S1ap Link Down,User Plane Fault,11,0.040678134539874844,0.040678134539874844
S1ap Link Down,User Plane Fault,12,0.0411359810050371,0.0411359810050371
S1ap Link Down,X2 Interface Fault,-12,0.05277321371079142,0.05277321371079142
S1ap Link Down,X2 Interface Fault,-11,0.05633073991841599,0.05633073991841599
S1ap Link Down,X2 Interface Fault,-10,0.04940514929629568,0.04940514929629568
S1ap Link Down,X2 Interface Fault,-9,0.04168390145105892,0.04168390145105892
S1ap Link Down,X2 Interface Fault,-8,0.03486547084273498,0.03486547084273498
S1ap Link Down,X2 Interface Fault,-7,0.0420061163150479,0.0420061163150479
S1ap Link Down,X2 Interface Fault,-6,0.04490273459092915,0.04490273459092915
S1ap Link Down,X2 Interface Fault,-5,0.06380578126066952,0.06380578126066952
S1ap Link Down,X2 Interface Fault,-4,0.0739604990215304,0.0739604990215304
S1ap Link Down,X2 Interface Fault,-3,0.07279720958338805,0.07279720958338805
S1ap Link Down,X2 Interface Fault,-2,0.0843522508449549,0.0843522508449549
S1ap Link Down,X2 Interface Fault,-1,0.0991761188499328,0.0991761188499328
S1ap Link Down,X2 Interface Fault,0,0.24667366498770937,0.24667366498770937
S1ap Link Down,X2 Interface Fault,1,0.12527549787626313,0.12527549787626313
S1ap Link Down,X2 Interface Fault,2,0.11090703031478338,0.11090703031478338
S1ap Link Down,X2 Interface Fault,3,0.08740570020252447,0.08740570020252447
S1ap Link Down,X2 Interface Fault,4,0.061080913263059415,0.061080913263059415
S1ap Link Down,X2 Interface Fault,5,0.07503249209351705,0.07503249209351705
S1ap Link Down,X2 Interface Fault,6,0.04279138033496827,0.04279138033496827
S1ap Link Down,X2 Interface Fault,7,0.045347362980315435,0.045347362980315435
S1ap Link Down,X2 Interface Fault,8,0.036828506567878054,0.036828506567878054
S1ap Link Down,X2 Interface Fault,9,0.040919195177681375,0.040919195177681375
S1ap Link Down,X2 Interface Fault,10,0.04339126989732977,0.04339126989732977
S1ap Link Down,X2 Interface Fault,11,0.0369511316957946,0.0369511316957946
S1ap Link Down,X2 Interface Fault,12,0.046551340552841936,0.046551340552841936
SCTP Link Fault,SDH/SONET Tributary Excessive Slip Frames,-12,0.09786450595697192,0.09786450595697192
SCTP Link Fault,SDH/SONET Tributary Excessive Slip Frames,-11,0.09232685656857642,0.09232685656857642
SCTP Link Fault,SDH/SONET Tributary Excessive Slip Frames,-10,0.08550252052561036,0.08550252052561036
SCTP Link Fault,SDH/SONET Tributary Excessive Slip Frames,-9,0.0798045857849602,0.0798045857849602
SCTP Link Fault,SDH/SONET Tributary Excessive Slip Frames,-8,0.09026567684032982,0.09026567684032982
SCTP Link Fault,SDH/SONET Tributary Excessive Slip Frames,-7,0.08510174147163847,0.08510174147163847
SCTP Link Fault,SDH/SONET Tributary Excessive Slip Frames,-6,0.09409422298745979,0.09409422298745979
SCTP Link Fault,SDH/SONET Tributary Excessive Slip Frames,-5,0.10221264745368265,0.10221264745368265
SCTP Link Fault,SDH/SONET Tributary Excessive Slip Frames,-4,0.08349217362876296,0.08349217362876296
SCTP Link Fault,SDH/SONET Tributary Excessive Slip Frames,-3,0.0940749856433533,0.0940749856433533
SCTP Link Fault,SDH/SONET Tributary Excessive Slip Frames,-2,0.10398329288168458,0.10398329288168458
SCTP Link Fault,SDH/SONET Tributary Excessive Slip Frames,-1,0.09524087122342476,0.09524087122342476
SCTP Link Fault,SDH/SONET Tributary Excessive Slip Frames,0,0.14438602573782075,0.14438602573782075
SCTP Link Fault,SDH/SONET Tributary Excessive Slip Frames,1,0.0853674352063421,0.0853674352063421
SCTP Link Fault,SDH/SONET Tributary Excessive Slip Frames,2,0.1062882441575387,0.1062882441575387
SCTP Link Fault,SDH/SONET Tributary Excessive Slip Frames,3,0.10186677530829204,0.10186677530829204
SCTP Link Fault,SDH/SONET Tributary Excessive Slip Frames,4,0.09354954627213964,0.09354954627213964
SCTP Link Fault,SDH/SONET Tributary Excessive Slip Frames,5,0.08842808069560165,0.08842808069560165
SCTP Link Fault,SDH/SONET Tributary Excessive Slip Frames,6,0.08629201886781719,0.08629201886781719
SCTP Link Fault,SDH/SONET Tributary Excessive Slip Frames,7,0.09847558794165225,0.09847558794165225
SCTP Link Fault,SDH/SONET Tributary Excessive Slip Frames,8,0.081186055957911,0.081186055957911
SCTP Link Fault,SDH/SONET Tributary Excessive Slip Frames,9,0.09272022852104093,0.09272022852104093
SCTP Link Fault,SDH/SONET Tributary Excessive Slip Frames,10,0.08891896948469026,0.08891896948469026
SCTP Link Fault,SDH/SONET Tributary Excessive Slip Frames,11,0.0735465223791885,0.0735465223791885
SCTP Link Fault,SDH/SONET Tributary Excessive Slip Frames,12,0.09881207560816957,0.09881207560816957
SCTP Link Fault,Statistical Alarm,-12,0.04299140172864593,0.04299140172864593
SCTP Link Fault,Statistical Alarm,-11,0.030464753397675903,0.030464753397675903
SCTP Link Fault,Statistical Alarm,-10,0.03166489497978316,0.03166489497978316
SCTP Link Fault,Statistical Alarm,-9,0.03194834647619307,0.03194834647619307
SCTP Link Fault,Statistical Alarm,-8,0.0319802310918164,0.0319802310918164
SCTP Link Fault,Statistical Alarm,-7,0.03168051718163924,0.03168051718163924
SCTP Link Fault,Statistical Alarm,-6,0.043560643028320314,0.043560643028320314
SCTP Link Fault,Statistical Alarm,-5,0.05474518270739839,0.05474518270739839
SCTP Link Fault,Statistical Alarm,-4,0.05452892479297516,0.05452892479297516
SCTP Link Fault,Statistical Alarm,-3,0.052880207641316616,0.052880207641316616
SCTP Link Fault,Statistical Alarm,-2,0.05049990998365043,0.05049990998365043
SCTP Link Fault,Statistical Alarm,-1,0.04866867267583561,0.04866867267583561
SCTP Link Fault,Statistical Alarm,0,0.09904207679561267,0.09904207679561267
SCTP Link Fault,Statistical Alarm,1,0.06111161487961737,0.06111161487961737
SCTP Link Fault,Statistical Alarm,2,0.0598822484281981,0.0598822484281981
SCTP Link Fault,Statistical Alarm,3,0.04044580226157684,0.04044580226157684
SCTP Link Fault,Statistical Alarm,4,0.03878103157382581,0.03878103157382581
SCTP Link Fault,Statistical Alarm,5,0.026871573514115076,0.026871573514115076
SCTP Link Fault,Statistical Alarm,6,0.03142743034192225,0.03142743034192225
SCTP Link Fault,Statistical Alarm,7,0.036523517180800304,0.036523517180800304
SCTP Link Fault,Statistical Alarm,8,0.026538576391781518,0.026538576391781518
SCTP Link Fault,Statistical Alarm,9,0.019794383737770104,0.019794383737770104
SCTP Link Fault,Statistical Alarm,10,0.0405156045682902,0.0405156045682902
SCTP Link Fault,Statistical Alarm,11,0.023917713245823834,0.023917713245823834
SCTP Link Fault,Statistical Alarm,12,0.024845963269763932,0.024845963269763932
SCTP Link Fault,UMTS Cell MC-HSDPA Function Fault,-12,0.09367051778761955,0.09367051778761955
SCTP Link Fault,UMTS Cell MC-HSDPA Function Fault,-11,0.12712781134206735,0.12712781134206735
SCTP Link Fault,UMTS Cell MC-HSDPA Function Fault,-10,0.06504609328978125,0.06504609328978125
SCTP Link Fault,UMTS Cell MC-HSDPA Function Fault,-9,0.03549974173797399,0.03549974173797399
SCTP Link Fault,UMTS Cell MC-HSDPA Function Fault,-8,0.025109862328247225,0.025109862328247225
SCTP Link Fault,UMTS Cell MC-HSDPA Function Fault,-7,0.015512779453615814,0.015512779453615814
SCTP Link Fault,UMTS Cell MC-HSDPA Function Fault,-6,0.003824878380043658,0.003824878380043658
SCTP Link Fault,UMTS Cell MC-HSDPA Function Fault,-5,0.0028426198298786187,0.0028426198298786187
SCTP Link Fault,UMTS Cell MC-HSDPA Function Fault,-4,0.0024670236572036323,0.0024670236572036323
SCTP Link Fault,UMTS Cell MC-HSDPA Function Fault,-3,0.007727657714584517,0.007727657714584517
SCTP Link Fault,UMTS Cell MC-HSDPA Function Fault,-2,0.008339718159791489,0.008339718159791489
SCTP Link Fault,UMTS Cell MC-HSDPA Function Fault,-1,0.019860017509211517,0.019860017509211517
SCTP Link Fault,UMTS Cell MC-HSDPA Function Fault,0,0.02256812617928701,0.02256812617928701
SCTP Link Fault,UMTS Cell MC-HSDPA Function Fault,1,-0.012936326261105647,0.012936326261105647
SCTP Link Fault,UMTS Cell MC-HSDPA Function Fault,2,-0.013287621223390706,0.013287621223390706
SCTP Link Fault,UMTS Cell MC-HSDPA Function Fault,3,-0.009091710247381105,0.009091710247381105
SCTP Link Fault,UMTS Cell MC-HSDPA Function Fault,4,0.017861008431588225,0.017861008431588225
SCTP Link Fault,UMTS Cell MC-HSDPA Function Fault,5,0.031403686052571676,0.031403686052571676
SCTP Link Fault,UMTS Cell MC-HSDPA Function Fault,6,0.047565872332761126,0.047565872332761126
SCTP Link Fault,UMTS Cell MC-HSDPA Function Fault,7,0.07368099578102007,0.07368099578102007
SCTP Link Fault,UMTS Cell MC-HSDPA Function Fault,8,0.11420158162868334,0.11420158162868334
SCTP Link Fault,UMTS Cell MC-HSDPA Function Fault,9,0.0987589957522928,0.0987589957522928
SCTP Link Fault,UMTS Cell MC-HSDPA Function Fault,10,0.10586781084055083,0.10586781084055083
SCTP Link Fault,UMTS Cell MC-HSDPA Function Fault,11,0.11077597687169824,0.11077597687169824
SCTP Link Fault,UMTS Cell MC-HSDPA Function Fault,12,0.09514152642917621,0.09514152642917621
SCTP Link Fault,UMTS Cell Unavailable,-12,0.04543706601514626,0.04543706601514626
SCTP Link Fault,UMTS Cell Unavailable,-11,0.039270331080895685,0.039270331080895685
SCTP Link Fault,UMTS Cell Unavailable,-10,0.041889267316631555,0.041889267316631555
SCTP Link Fault,UMTS Cell Unavailable,-9,0.035689503887754874,0.035689503887754874
SCTP Link Fault,UMTS Cell Unavailable,-8,0.032595439250051414,0.032595439250051414
SCTP Link Fault,UMTS Cell Unavailable,-7,0.036750677139019576,0.036750677139019576
SCTP Link Fault,UMTS Cell Unavailable,-6,0.05469113771757087,0.05469113771757087
SCTP Link Fault,UMTS Cell Unavailable,-5,0.04909257255603812,0.04909257255603812
SCTP Link Fault,UMTS Cell Unavailable,-4,0.04887705847284171,0.04887705847284171
SCTP Link Fault,UMTS Cell Unavailable,-3,0.06535975865174037,0.06535975865174037
SCTP Link Fault,UMTS Cell Unavailable,-2,0.07481981609553728,0.07481981609553728
SCTP Link Fault,UMTS Cell Unavailable,-1,0.07707193364186628,0.07707193364186628
SCTP Link Fault,UMTS Cell Unavailable,0,0.23835093278818528,0.23835093278818528
SCTP Link Fault,UMTS Cell Unavailable,1,0.08550221505327309,0.08550221505327309
SCTP Link Fault,UMTS Cell Unavailable,2,0.0794070985014842,0.0794070985014842
SCTP Link Fault,UMTS Cell Unavailable,3,0.08123567948441232,0.08123567948441232
SCTP Link Fault,UMTS Cell Unavailable,4,0.05685710242732739,0.05685710242732739
SCTP Link Fault,UMTS Cell Unavailable,5,0.05211380788636865,0.05211380788636865
SCTP Link Fault,UMTS Cell Unavailable,6,0.03849800274520017,0.03849800274520017
SCTP Link Fault,UMTS Cell Unavailable,7,0.04033997119321261,0.04033997119321261
SCTP Link Fault,UMTS Cell Unavailable,8,0.03531420356741023,0.03531420356741023
SCTP Link Fault,UMTS Cell Unavailable,9,0.033556645008207306,0.033556645008207306
SCTP Link Fault,UMTS Cell Unavailable,10,0.03415685620639315,0.03415685620639315
SCTP Link Fault,UMTS Cell Unavailable,11,0.038865606795547056,0.038865606795547056
SCTP Link Fault,UMTS Cell Unavailable,12,0.04181453365266439,0.04181453365266439
SCTP Link Fault,User Plane Fault,-12,0.0836382621060875,0.0836382621060875
SCTP Link Fault,User Plane Fault,-11,0.0929071678015946,0.0929071678015946
SCTP Link Fault,User Plane Fault,-10,0.09498077781079563,0.09498077781079563
SCTP Link Fault,User Plane Fault,-9,0.09017381599515815,0.09017381599515815
SCTP Link Fault,User Plane Fault,-8,0.07117552558207309,0.07117552558207309
SCTP Link Fault,User Plane Fault,-7,0.08390126132397385,0.08390126132397385
SCTP Link Fault,User Plane Fault,-6,0.09517785584799762,0.09517785584799762
SCTP Link Fault,User Plane Fault,-5,0.11027426760075755,0.11027426760075755
SCTP Link Fault,User Plane Fault,-4,0.11195112414814135,0.11195112414814135
SCTP Link Fault,User Plane Fault,-3,0.13479938808702055,0.13479938808702055
SCTP Link Fault,User Plane Fault,-2,0.1426070814612415,0.1426070814612415
SCTP Link Fault,User Plane Fault,-1,0.14460788094520605,0.14460788094520605
SCTP Link Fault,User Plane Fault,0,0.30105922711511707,0.30105922711511707
SCTP Link Fault,User Plane Fault,1,0.16317784234318145,0.16317784234318145
SCTP Link Fault,User Plane Fault,2,0.15914654047043053,0.15914654047043053
SCTP Link Fault,User Plane Fault,3,0.1523693754182132,0.1523693754182132
SCTP Link Fault,User Plane Fault,4,0.1242397828016105,0.1242397828016105
SCTP Link Fault,User Plane Fault,5,0.11002779312632524,0.11002779312632524
SCTP Link Fault,User Plane Fault,6,0.09350717298866747,0.09350717298866747
SCTP Link Fault,User Plane Fault,7,0.08602265259570716,0.08602265259570716
SCTP Link Fault,User Plane Fault,8,0.08266721137712367,0.08266721137712367
SCTP Link Fault,User Plane Fault,9,0.07789205084567716,0.07789205084567716
SCTP Link Fault,User Plane Fault,10,0.07868455865874609,0.07868455865874609
SCTP Link Fault,User Plane Fault,11,0.07561577157930457,0.07561577157930457
SCTP Link Fault,User Plane Fault,12,0.0800349404093062,0.0800349404093062
SCTP Link Fault,X2 Interface Fault,-12,0.07101299068530291,0.07101299068530291
SCTP Link Fault,X2 Interface Fault,-11,0.08069423715585343,0.08069423715585343
SCTP Link Fault,X2 Interface Fault,-10,0.07418739055526904,0.07418739055526904
SCTP Link Fault,X2 Interface Fault,-9,0.07451467579219666,0.07451467579219666
SCTP Link Fault,X2 Interface Fault,-8,0.05770706560301093,0.05770706560301093
SCTP Link Fault,X2 Interface Fault,-7,0.06620875159254323,0.06620875159254323
SCTP Link Fault,X2 Interface Fault,-6,0.07673273443553474,0.07673273443553474
SCTP Link Fault,X2 Interface Fault,-5,0.09486330329972664,0.09486330329972664
SCTP Link Fault,X2 Interface Fault,-4,0.10312875285887375,0.10312875285887375
SCTP Link Fault,X2 Interface Fault,-3,0.11768145476075162,0.11768145476075162
SCTP Link Fault,X2 Interface Fault,-2,0.13517047012023126,0.13517047012023126
SCTP Link Fault,X2 Interface Fault,-1,0.1506240458644838,0.1506240458644838
SCTP Link Fault,X2 Interface Fault,0,0.3322423666883097,0.3322423666883097
SCTP Link Fault,X2 Interface Fault,1,0.17641302767142447,0.17641302767142447
SCTP Link Fault,X2 Interface Fault,2,0.1550054804028578,0.1550054804028578
SCTP Link Fault,X2 Interface Fault,3,0.1577142478359439,0.1577142478359439
SCTP Link Fault,X2 Interface Fault,4,0.13926708452074463,0.13926708452074463
SCTP Link Fault,X2 Interface Fault,5,0.10786591930444521,0.10786591930444521
SCTP Link Fault,X2 Interface Fault,6,0.08327859781549515,0.08327859781549515
SCTP Link Fault,X2 Interface Fault,7,0.0734159377047677,0.0734159377047677
SCTP Link Fault,X2 Interface Fault,8,0.06477024918906123,0.06477024918906123
SCTP Link Fault,X2 Interface Fault,9,0.06945484943203746,0.06945484943203746
SCTP Link Fault,X2 Interface Fault,10,0.06310140801602711,0.06310140801602711
SCTP Link Fault,X2 Interface Fault,11,0.061199903746075666,0.061199903746075666
SCTP Link Fault,X2 Interface Fault,12,0.07037701588368594,0.07037701588368594
SDH/SONET Tributary Excessive Slip Frames,Statistical Alarm,-12,0.1304221248177143,0.1304221248177143
SDH/SONET Tributary Excessive Slip Frames,Statistical Alarm,-11,0.11342570292032877,0.11342570292032877
SDH/SONET Tributary Excessive Slip Frames,Statistical Alarm,-10,0.12326690128917385,0.12326690128917385
SDH/SONET Tributary Excessive Slip Frames,Statistical Alarm,-9,0.10363437522658879,0.10363437522658879
SDH/SONET Tributary Excessive Slip Frames,Statistical Alarm,-8,0.11032274547472609,0.11032274547472609
SDH/SONET Tributary Excessive Slip Frames,Statistical Alarm,-7,0.12895659775754525,0.12895659775754525
SDH/SONET Tributary Excessive Slip Frames,Statistical Alarm,-6,0.12887669842443866,0.12887669842443866
SDH/SONET Tributary Excessive Slip Frames,Statistical Alarm,-5,0.11619003723495372,0.11619003723495372
SDH/SONET Tributary Excessive Slip Frames,Statistical Alarm,-4,0.11233073639624783,0.11233073639624783
SDH/SONET Tributary Excessive Slip Frames,Statistical Alarm,-3,0.1426713450090699,0.1426713450090699
SDH/SONET Tributary Excessive Slip Frames,Statistical Alarm,-2,0.12208091146496561,0.12208091146496561
SDH/SONET Tributary Excessive Slip Frames,Statistical Alarm,-1,0.12069497222632217,0.12069497222632217
SDH/SONET Tributary Excessive Slip Frames,Statistical Alarm,0,0.20427421445801375,0.20427421445801375
SDH/SONET Tributary Excessive Slip Frames,Statistical Alarm,1,0.12450003340076315,0.12450003340076315
SDH/SONET Tributary Excessive Slip Frames,Statistical Alarm,2,0.13580703330660654,0.13580703330660654
SDH/SONET Tributary Excessive Slip Frames,Statistical Alarm,3,0.1334887944433378,0.1334887944433378
SDH/SONET Tributary Excessive Slip Frames,Statistical Alarm,4,0.11137171913948309,0.11137171913948309
SDH/SONET Tributary Excessive Slip Frames,Statistical Alarm,5,0.13952126064435996,0.13952126064435996
SDH/SONET Tributary Excessive Slip Frames,Statistical Alarm,6,0.12015867587969604,0.12015867587969604
SDH/SONET Tributary Excessive Slip Frames,Statistical Alarm,7,0.12344347185557147,0.12344347185557147
SDH/SONET Tributary Excessive Slip Frames,Statistical Alarm,8,0.1318061959487582,0.1318061959487582
SDH/SONET Tributary Excessive Slip Frames,Statistical Alarm,9,0.0997720329971049,0.0997720329971049
SDH/SONET Tributary Excessive Slip Frames,Statistical Alarm,10,0.1482795329947838,0.1482795329947838
SDH/SONET Tributary Excessive Slip Frames,Statistical Alarm,11,0.09046153276384128,0.09046153276384128
SDH/SONET Tributary Excessive Slip Frames,Statistical Alarm,12,0.11883326863861446,0.11883326863861446
SDH/SONET Tributary Excessive Slip Frames,UMTS Cell MC-HSDPA Function Fault,-12,0.14026742474891946,0.14026742474891946
SDH/SONET Tributary Excessive Slip Frames,UMTS Cell MC-HSDPA Function Fault,-11,0.16012104207174505,0.16012104207174505
SDH/SONET Tributary Excessive Slip Frames,UMTS Cell MC-HSDPA Function Fault,-10,0.15992044216074786,0.15992044216074786
SDH/SONET Tributary Excessive Slip Frames,UMTS Cell MC-HSDPA Function Fault,-9,0.14305238795152855,0.14305238795152855
SDH/SONET Tributary Excessive Slip Frames,UMTS Cell MC-HSDPA Function Fault,-8,0.1430252403028048,0.1430252403028048
SDH/SONET Tributary Excessive Slip Frames,UMTS Cell MC-HSDPA Function Fault,-7,0.15569662834887663,0.15569662834887663
SDH/SONET Tributary Excessive Slip Frames,UMTS Cell MC-HSDPA Function Fault,-6,0.12671509391430932,0.12671509391430932
SDH/SONET Tributary Excessive Slip Frames,UMTS Cell MC-HSDPA Function Fault,-5,0.14785057827478904,0.14785057827478904
SDH/SONET Tributary Excessive Slip Frames,UMTS Cell MC-HSDPA Function Fault,-4,0.11211221554772188,0.11211221554772188
SDH/SONET Tributary Excessive Slip Frames,UMTS Cell MC-HSDPA Function Fault,-3,0.14898864160834432,0.14898864160834432
SDH/SONET Tributary Excessive Slip Frames,UMTS Cell MC-HSDPA Function Fault,-2,0.15171996363312398,0.15171996363312398
SDH/SONET Tributary Excessive Slip Frames,UMTS Cell MC-HSDPA Function Fault,-1,0.1173129530186998,0.1173129530186998
SDH/SONET Tributary Excessive Slip Frames,UMTS Cell MC-HSDPA Function Fault,0,0.22367099420381595,0.22367099420381595
SDH/SONET Tributary Excessive Slip Frames,UMTS Cell MC-HSDPA Function Fault,1,0.20235497075752007,0.20235497075752007
SDH/SONET Tributary Excessive Slip Frames,UMTS Cell MC-HSDPA Function Fault,2,0.17543678266459473,0.17543678266459473
SDH/SONET Tributary Excessive Slip Frames,UMTS Cell MC-HSDPA Function Fault,3,0.2019017732058237,0.2019017732058237
SDH/SONET Tributary Excessive Slip Frames,UMTS Cell MC-HSDPA Function Fault,4,0.1617137816164614,0.1617137816164614
SDH/SONET Tributary Excessive Slip Frames,UMTS Cell MC-HSDPA Function Fault,5,0.17659064866901328,0.17659064866901328
SDH/SONET Tributary Excessive Slip Frames,UMTS Cell MC-HSDPA Function Fault,6,0.1567254008287527,0.1567254008287527
SDH/SONET Tributary Excessive Slip Frames,UMTS Cell MC-HSDPA Function Fault,7,0.16943368463309452,0.16943368463309452
SDH/SONET Tributary Excessive Slip Frames,UMTS Cell MC-HSDPA Function Fault,8,0.14592698080119873,0.14592698080119873
SDH/SONET Tributary Excessive Slip Frames,UMTS Cell MC-HSDPA Function Fault,9,0.14493089842278406,0.14493089842278406
SDH/SONET Tributary Excessive Slip Frames,UMTS Cell MC-HSDPA Function Fault,10,0.16653978049231058,0.16653978049231058
SDH/SONET Tributary Excessive Slip Frames,UMTS Cell MC-HSDPA Function Fault,11,0.16007023462192968,0.16007023462192968
SDH/SONET Tributary Excessive Slip Frames,UMTS Cell MC-HSDPA Function Fault,12,0.14777816469982338,0.14777816469982338
SDH/SONET Tributary Excessive Slip Frames,UMTS Cell Unavailable,-12,0.14816571033708323,0.14816571033708323
SDH/SONET Tributary Excessive Slip Frames,UMTS Cell Unavailable,-11,0.13173780640622795,0.13173780640622795
SDH/SONET Tributary Excessive Slip Frames,UMTS Cell Unavailable,-10,0.16046326408740247,0.16046326408740247
SDH/SONET Tributary Excessive Slip Frames,UMTS Cell Unavailable,-9,0.13978879702107477,0.13978879702107477
SDH/SONET Tributary Excessive Slip Frames,UMTS Cell Unavailable,-8,0.15173155952000483,0.15173155952000483
SDH/SONET Tributary Excessive Slip Frames,UMTS Cell Unavailable,-7,0.15038310745430003,0.15038310745430003
SDH/SONET Tributary Excessive Slip Frames,UMTS Cell Unavailable,-6,0.14608330005959494,0.14608330005959494
SDH/SONET Tributary Excessive Slip Frames,UMTS Cell Unavailable,-5,0.16869824032572084,0.16869824032572084
SDH/SONET Tributary Excessive Slip Frames,UMTS Cell Unavailable,-4,0.1407096521456558,0.1407096521456558
SDH/SONET Tributary Excessive Slip Frames,UMTS Cell Unavailable,-3,0.1584282564491674,0.1584282564491674
SDH/SONET Tributary Excessive Slip Frames,UMTS Cell Unavailable,-2,0.17823310593601005,0.17823310593601005
SDH/SONET Tributary Excessive Slip Frames,UMTS Cell Unavailable,-1,0.133519106888007,0.133519106888007
SDH/SONET Tributary Excessive Slip Frames,UMTS Cell Unavailable,0,0.3187260790852358,0.3187260790852358
SDH/SONET Tributary Excessive Slip Frames,UMTS Cell Unavailable,1,0.1547055765630599,0.1547055765630599
SDH/SONET Tributary Excessive Slip Frames,UMTS Cell Unavailable,2,0.1623313493178567,0.1623313493178567
SDH/SONET Tributary Excessive Slip Frames,UMTS Cell Unavailable,3,0.18303029480310345,0.18303029480310345
SDH/SONET Tributary Excessive Slip Frames,UMTS Cell Unavailable,4,0.16595507272667354,0.16595507272667354
SDH/SONET Tributary Excessive Slip Frames,UMTS Cell Unavailable,5,0.17478269966804721,0.17478269966804721
SDH/SONET Tributary Excessive Slip Frames,UMTS Cell Unavailable,6,0.13436289646732796,0.13436289646732796
SDH/SONET Tributary Excessive Slip Frames,UMTS Cell Unavailable,7,0.14281854483166398,0.14281854483166398
SDH/SONET Tributary Excessive Slip Frames,UMTS Cell Unavailable,8,0.1532755237412488,0.1532755237412488
SDH/SONET Tributary Excessive Slip Frames,UMTS Cell Unavailable,9,0.1343491796604242,0.1343491796604242
SDH/SONET Tributary Excessive Slip Frames,UMTS Cell Unavailable,10,0.16831810674848957,0.16831810674848957
SDH/SONET Tributary Excessive Slip Frames,UMTS Cell Unavailable,11,0.14110683986891787,0.14110683986891787
SDH/SONET Tributary Excessive Slip Frames,UMTS Cell Unavailable,12,0.14322675618845904,0.14322675618845904
SDH/SONET Tributary Excessive Slip Frames,User Plane Fault,-12,0.27750753849037024,0.27750753849037024
SDH/SONET Tributary Excessive Slip Frames,User Plane Fault,-11,0.25179116075013525,0.25179116075013525
SDH/SONET Tributary Excessive Slip Frames,User Plane Fault,-10,0.32130131867776707,0.32130131867776707
SDH/SONET Tributary Excessive Slip Frames,User Plane Fault,-9,0.27793559936707113,0.27793559936707113
SDH/SONET Tributary Excessive Slip Frames,User Plane Fault,-8,0.2784395569413259,0.2784395569413259
SDH/SONET Tributary Excessive Slip Frames,User Plane Fault,-7,0.30471897027343015,0.30471897027343015
SDH/SONET Tributary Excessive Slip Frames,User Plane Fault,-6,0.2834104457007306,0.2834104457007306
SDH/SONET Tributary Excessive Slip Frames,User Plane Fault,-5,0.3136176571479514,0.3136176571479514
SDH/SONET Tributary Excessive Slip Frames,User Plane Fault,-4,0.29414132677608645,0.29414132677608645
SDH/SONET Tributary Excessive Slip Frames,User Plane Fault,-3,0.32950194751917355,0.32950194751917355
SDH/SONET Tributary Excessive Slip Frames,User Plane Fault,-2,0.32539434295207664,0.32539434295207664
SDH/SONET Tributary Excessive Slip Frames,User Plane Fault,-1,0.26216833719480387,0.26216833719480387
SDH/SONET Tributary Excessive Slip Frames,User Plane Fault,0,0.5296804079525967,0.5296804079525967
SDH/SONET Tributary Excessive Slip Frames,User Plane Fault,1,0.3347505235624042,0.3347505235624042
SDH/SONET Tributary Excessive Slip Frames,User Plane Fault,2,0.3176105405549178,0.3176105405549178
SDH/SONET Tributary Excessive Slip Frames,User Plane Fault,3,0.35097673012848396,0.35097673012848396
SDH/SONET Tributary Excessive Slip Frames,User Plane Fault,4,0.2931736920358919,0.2931736920358919
SDH/SONET Tributary Excessive Slip Frames,User Plane Fault,5,0.33101297714392536,0.33101297714392536
SDH/SONET Tributary Excessive Slip Frames,User Plane Fault,6,0.29158068972526574,0.29158068972526574
SDH/SONET Tributary Excessive Slip Frames,User Plane Fault,7,0.2889062293569322,0.2889062293569322
SDH/SONET Tributary Excessive Slip Frames,User Plane Fault,8,0.3105886242462319,0.3105886242462319
SDH/SONET Tributary Excessive Slip Frames,User Plane Fault,9,0.25916978228545423,0.25916978228545423
SDH/SONET Tributary Excessive Slip Frames,User Plane Fault,10,0.2897627593430956,0.2897627593430956
SDH/SONET Tributary Excessive Slip Frames,User Plane Fault,11,0.26985707366080885,0.26985707366080885
SDH/SONET Tributary Excessive Slip Frames,User Plane Fault,12,0.26421608146439346,0.26421608146439346
SDH/SONET Tributary Excessive Slip Frames,X2 Interface Fault,-12,0.28332631208124903,0.28332631208124903
SDH/SONET Tributary Excessive Slip Frames,X2 Interface Fault,-11,0.2505736291916869,0.2505736291916869
SDH/SONET Tributary Excessive Slip Frames,X2 Interface Fault,-10,0.29087644402608975,0.29087644402608975
SDH/SONET Tributary Excessive Slip Frames,X2 Interface Fault,-9,0.2764378394808936,0.2764378394808936
SDH/SONET Tributary Excessive Slip Frames,X2 Interface Fault,-8,0.2791119090352357,0.2791119090352357
SDH/SONET Tributary Excessive Slip Frames,X2 Interface Fault,-7,0.2913322953693648,0.2913322953693648
SDH/SONET Tributary Excessive Slip Frames,X2 Interface Fault,-6,0.2859760584309968,0.2859760584309968
SDH/SONET Tributary Excessive Slip Frames,X2 Interface Fault,-5,0.30856024961698975,0.30856024961698975
SDH/SONET Tributary Excessive Slip Frames,X2 Interface Fault,-4,0.2987696912427836,0.2987696912427836
SDH/SONET Tributary Excessive Slip Frames,X2 Interface Fault,-3,0.3121362822537723,0.3121362822537723
SDH/SONET Tributary Excessive Slip Frames,X2 Interface Fault,-2,0.3158993909945984,0.3158993909945984
SDH/SONET Tributary Excessive Slip Frames,X2 Interface Fault,-1,0.269082061852343,0.269082061852343
SDH/SONET Tributary Excessive Slip Frames,X2 Interface Fault,0,0.4431603669667694,0.4431603669667694
SDH/SONET Tributary Excessive Slip Frames,X2 Interface Fault,1,0.34312865076555915,0.34312865076555915
SDH/SONET Tributary Excessive Slip Frames,X2 Interface Fault,2,0.31363749224652654,0.31363749224652654
SDH/SONET Tributary Excessive Slip Frames,X2 Interface Fault,3,0.3363838593798536,0.3363838593798536
SDH/SONET Tributary Excessive Slip Frames,X2 Interface Fault,4,0.29147614752299195,0.29147614752299195
SDH/SONET Tributary Excessive Slip Frames,X2 Interface Fault,5,0.3228424605402532,0.3228424605402532
SDH/SONET Tributary Excessive Slip Frames,X2 Interface Fault,6,0.2840992196663296,0.2840992196663296
SDH/SONET Tributary Excessive Slip Frames,X2 Interface Fault,7,0.27364023113291236,0.27364023113291236
SDH/SONET Tributary Excessive Slip Frames,X2 Interface Fault,8,0.3065500191019092,0.3065500191019092
SDH/SONET Tributary Excessive Slip Frames,X2 Interface Fault,9,0.2621376441906924,0.2621376441906924
SDH/SONET Tributary Excessive Slip Frames,X2 Interface Fault,10,0.27260321050616054,0.27260321050616054
SDH/SONET Tributary Excessive Slip Frames,X2 Interface Fault,11,0.274009438609215,0.274009438609215
SDH/SONET Tributary Excessive Slip Frames,X2 Interface Fault,12,0.25466286263774124,0.25466286263774124
Statistical Alarm,UMTS Cell MC-HSDPA Function Fault,-12,0.08690738123548795,0.08690738123548795
Statistical Alarm,UMTS Cell MC-HSDPA Function Fault,-11,0.08893984240902403,0.08893984240902403
Statistical Alarm,UMTS Cell MC-HSDPA Function Fault,-10,0.07092271435546242,0.07092271435546242
Statistical Alarm,UMTS Cell MC-HSDPA Function Fault,-9,0.06195642416964363,0.06195642416964363
Statistical Alarm,UMTS Cell MC-HSDPA Function Fault,-8,0.04522169770391191,0.04522169770391191
Statistical Alarm,UMTS Cell MC-HSDPA Function Fault,-7,0.03762257188086173,0.03762257188086173
Statistical Alarm,UMTS Cell MC-HSDPA Function Fault,-6,0.014223223927548823,0.014223223927548823
Statistical Alarm,UMTS Cell MC-HSDPA Function Fault,-5,0.02331836079173135,0.02331836079173135
Statistical Alarm,UMTS Cell MC-HSDPA Function Fault,-4,0.02326062870919461,0.02326062870919461
Statistical Alarm,UMTS Cell MC-HSDPA Function Fault,-3,0.033039220347701063,0.033039220347701063
Statistical Alarm,UMTS Cell MC-HSDPA Function Fault,-2,0.07607424738262798,0.07607424738262798
Statistical Alarm,UMTS Cell MC-HSDPA Function Fault,-1,0.037468199721970186,0.037468199721970186
Statistical Alarm,UMTS Cell MC-HSDPA Function Fault,0,0.08214949545364006,0.08214949545364006
Statistical Alarm,UMTS Cell MC-HSDPA Function Fault,1,0.04290909895870477,0.04290909895870477
Statistical Alarm,UMTS Cell MC-HSDPA Function Fault,2,0.020808048862222504,0.020808048862222504
Statistical Alarm,UMTS Cell MC-HSDPA Function Fault,3,0.027644050931800893,0.027644050931800893
Statistical Alarm,UMTS Cell MC-HSDPA Function Fault,4,0.014563695388976774,0.014563695388976774
Statistical Alarm,UMTS Cell MC-HSDPA Function Fault,5,0.011051574253992462,0.011051574253992462
Statistical Alarm,UMTS Cell MC-HSDPA Function Fault,6,0.027474112080761566,0.027474112080761566
Statistical Alarm,UMTS Cell MC-HSDPA Function Fault,7,0.03268104476339915,0.03268104476339915
Statistical Alarm,UMTS Cell MC-HSDPA Function Fault,8,0.048417225066452046,0.048417225066452046
Statistical Alarm,UMTS Cell MC-HSDPA Function Fault,9,0.06538326558682019,0.06538326558682019
Statistical Alarm,UMTS Cell MC-HSDPA Function Fault,10,0.07877995291917306,0.07877995291917306
Statistical Alarm,UMTS Cell MC-HSDPA Function Fault,11,0.0656702008757656,0.0656702008757656
Statistical Alarm,UMTS Cell MC-HSDPA Function Fault,12,0.09345142368326068,0.09345142368326068
Statistical Alarm,UMTS Cell Unavailable,-12,0.029587130673999408,0.029587130673999408
Statistical Alarm,UMTS Cell Unavailable,-11,0.033227972796443205,0.033227972796443205
Statistical Alarm,UMTS Cell Unavailable,-10,0.06860271186291061,0.06860271186291061
Statistical Alarm,UMTS Cell Unavailable,-9,0.034894181785563416,0.034894181785563416
Statistical Alarm,UMTS Cell Unavailable,-8,0.04150004460635609,0.04150004460635609
Statistical Alarm,UMTS Cell Unavailable,-7,0.0375127352244662,0.0375127352244662
Statistical Alarm,UMTS Cell Unavailable,-6,0.04250427098219647,0.04250427098219647
Statistical Alarm,UMTS Cell Unavailable,-5,0.05119277298048199,0.05119277298048199
Statistical Alarm,UMTS Cell Unavailable,-4,0.06306955988344372,0.06306955988344372
Statistical Alarm,UMTS Cell Unavailable,-3,0.05679789631525301,0.05679789631525301
Statistical Alarm,UMTS Cell Unavailable,-2,0.08857523557340942,0.08857523557340942
Statistical Alarm,UMTS Cell Unavailable,-1,0.07464812392363183,0.07464812392363183
Statistical Alarm,UMTS Cell Unavailable,0,0.21429611836941273,0.21429611836941273
Statistical Alarm,UMTS Cell Unavailable,1,0.19167080487428065,0.19167080487428065
Statistical Alarm,UMTS Cell Unavailable,2,0.08713504823565675,0.08713504823565675
Statistical Alarm,UMTS Cell Unavailable,3,0.08273685809814998,0.08273685809814998
Statistical Alarm,UMTS Cell Unavailable,4,0.06789742846079011,0.06789742846079011
Statistical Alarm,UMTS Cell Unavailable,5,0.07043913798005479,0.07043913798005479
Statistical Alarm,UMTS Cell Unavailable,6,0.05571554699127989,0.05571554699127989
Statistical Alarm,UMTS Cell Unavailable,7,0.038050659292068044,0.038050659292068044
Statistical Alarm,UMTS Cell Unavailable,8,0.04997933099075602,0.04997933099075602
Statistical Alarm,UMTS Cell Unavailable,9,0.03174293587046699,0.03174293587046699
Statistical Alarm,UMTS Cell Unavailable,10,0.045658279037440956,0.045658279037440956
Statistical Alarm,UMTS Cell Unavailable,11,0.035552858399926904,0.035552858399926904
Statistical Alarm,UMTS Cell Unavailable,12,0.09909730676564232,0.09909730676564232
Statistical Alarm,User Plane Fault,-12,0.0792793541585875,0.0792793541585875
Statistical Alarm,User Plane Fault,-11,0.07047139361661131,0.07047139361661131
Statistical Alarm,User Plane Fault,-10,0.12014491102321231,0.12014491102321231
Statistical Alarm,User Plane Fault,-9,0.08525740032184459,0.08525740032184459
Statistical Alarm,User Plane Fault,-8,0.0820566740775084,0.0820566740775084
Statistical Alarm,User Plane Fault,-7,0.08845055835165751,0.08845055835165751
Statistical Alarm,User Plane Fault,-6,0.0956586022929666,0.0956586022929666
Statistical Alarm,User Plane Fault,-5,0.09542409661524884,0.09542409661524884
Statistical Alarm,User Plane Fault,-4,0.09523998123143122,0.09523998123143122
Statistical Alarm,User Plane Fault,-3,0.11107351518182051,0.11107351518182051
Statistical Alarm,User Plane Fault,-2,0.14852775488062012,0.14852775488062012
Statistical Alarm,User Plane Fault,-1,0.15263601847424593,0.15263601847424593
Statistical Alarm,User Plane Fault,0,0.22115530256893134,0.22115530256893134
Statistical Alarm,User Plane Fault,1,0.1459213896348637,0.1459213896348637
Statistical Alarm,User Plane Fault,2,0.1431912822148815,0.1431912822148815
Statistical Alarm,User Plane Fault,3,0.13538071773336954,0.13538071773336954
Statistical Alarm,User Plane Fault,4,0.11767810550689775,0.11767810550689775
Statistical Alarm,User Plane Fault,5,0.10903050859090409,0.10903050859090409
Statistical Alarm,User Plane Fault,6,0.12685965629526869,0.12685965629526869
Statistical Alarm,User Plane Fault,7,0.08989350780547582,0.08989350780547582
Statistical Alarm,User Plane Fault,8,0.09120449337676782,0.09120449337676782
Statistical Alarm,User Plane Fault,9,0.07193021568966038,0.07193021568966038
Statistical Alarm,User Plane Fault,10,0.09262415660320054,0.09262415660320054
Statistical Alarm,User Plane Fault,11,0.08305118513769384,0.08305118513769384
Statistical Alarm,User Plane Fault,12,0.07685759261239247,0.07685759261239247
Statistical Alarm,X2 Interface Fault,-12,0.05639423843172694,0.05639423843172694
Statistical Alarm,X2 Interface Fault,-11,0.061532030915914596,0.061532030915914596
Statistical Alarm,X2 Interface Fault,-10,0.11889450905452659,0.11889450905452659
Statistical Alarm,X2 Interface Fault,-9,0.07593522438920822,0.07593522438920822
Statistical Alarm,X2 Interface Fault,-8,0.07550842219210346,0.07550842219210346
Statistical Alarm,X2 Interface Fault,-7,0.07696565026753119,0.07696565026753119
Statistical Alarm,X2 Interface Fault,-6,0.08249367459166447,0.08249367459166447
Statistical Alarm,X2 Interface Fault,-5,0.0798699563777891,0.0798699563777891
Statistical Alarm,X2 Interface Fault,-4,0.07839568114977083,0.07839568114977083
Statistical Alarm,X2 Interface Fault,-3,0.100810217076445,0.100810217076445
Statistical Alarm,X2 Interface Fault,-2,0.12586088851333416,0.12586088851333416
Statistical Alarm,X2 Interface Fault,-1,0.14767257965923059,0.14767257965923059
Statistical Alarm,X2 Interface Fault,0,0.21447021848887837,0.21447021848887837
Statistical Alarm,X2 Interface Fault,1,0.15682092615915139,0.15682092615915139
Statistical Alarm,X2 Interface Fault,2,0.14857711594959366,0.14857711594959366
Statistical Alarm,X2 Interface Fault,3,0.1343332526816271,0.1343332526816271
Statistical Alarm,X2 Interface Fault,4,0.12106219869063274,0.12106219869063274
Statistical Alarm,X2 Interface Fault,5,0.10248705741739846,0.10248705741739846
Statistical Alarm,X2 Interface Fault,6,0.1230458279670869,0.1230458279670869
Statistical Alarm,X2 Interface Fault,7,0.09130757876044727,0.09130757876044727
Statistical Alarm,X2 Interface Fault,8,0.11666104744240133,0.11666104744240133
Statistical Alarm,X2 Interface Fault,9,0.0879725914733492,0.0879725914733492
Statistical Alarm,X2 Interface Fault,10,0.07700251305161757,0.07700251305161757
Statistical Alarm,X2 Interface Fault,11,0.06786565496112282,0.06786565496112282
Statistical Alarm,X2 Interface Fault,12,0.07048195415714946,0.07048195415714946
UMTS Cell MC-HSDPA Function Fault,UMTS Cell Unavailable,-12,0.12183374783666957,0.12183374783666957
UMTS Cell MC-HSDPA Function Fault,UMTS Cell Unavailable,-11,0.15033639561707926,0.15033639561707926
UMTS Cell MC-HSDPA Function Fault,UMTS Cell Unavailable,-10,0.15442200868799066,0.15442200868799066
UMTS Cell MC-HSDPA Function Fault,UMTS Cell Unavailable,-9,0.14318364513741388,0.14318364513741388
UMTS Cell MC-HSDPA Function Fault,UMTS Cell Unavailable,-8,0.11072840832797803,0.11072840832797803
UMTS Cell MC-HSDPA Function Fault,UMTS Cell Unavailable,-7,0.08863975551059183,0.08863975551059183
UMTS Cell MC-HSDPA Function Fault,UMTS Cell Unavailable,-6,0.0615505135038052,0.0615505135038052
UMTS Cell MC-HSDPA Function Fault,UMTS Cell Unavailable,-5,0.05422307007287207,0.05422307007287207
UMTS Cell MC-HSDPA Function Fault,UMTS Cell Unavailable,-4,0.027979497475212233,0.027979497475212233
UMTS Cell MC-HSDPA Function Fault,UMTS Cell Unavailable,-3,0.013012716686479154,0.013012716686479154
UMTS Cell MC-HSDPA Function Fault,UMTS Cell Unavailable,-2,0.002719585326994496,0.002719585326994496
UMTS Cell MC-HSDPA Function Fault,UMTS Cell Unavailable,-1,0.020997827969092057,0.020997827969092057
UMTS Cell MC-HSDPA Function Fault,UMTS Cell Unavailable,0,0.11467277338052012,0.11467277338052012
UMTS Cell MC-HSDPA Function Fault,UMTS Cell Unavailable,1,0.03491916740605214,0.03491916740605214
UMTS Cell MC-HSDPA Function Fault,UMTS Cell Unavailable,2,0.04085370731355373,0.04085370731355373
UMTS Cell MC-HSDPA Function Fault,UMTS Cell Unavailable,3,0.05146830975667159,0.05146830975667159
UMTS Cell MC-HSDPA Function Fault,UMTS Cell Unavailable,4,0.02075321284716785,0.02075321284716785
UMTS Cell MC-HSDPA Function Fault,UMTS Cell Unavailable,5,0.014403376947150444,0.014403376947150444
UMTS Cell MC-HSDPA Function Fault,UMTS Cell Unavailable,6,0.015918164804585973,0.015918164804585973
UMTS Cell MC-HSDPA Function Fault,UMTS Cell Unavailable,7,0.02624133441780236,0.02624133441780236
UMTS Cell MC-HSDPA Function Fault,UMTS Cell Unavailable,8,0.039031668225500186,0.039031668225500186
UMTS Cell MC-HSDPA Function Fault,UMTS Cell Unavailable,9,0.05265894722639782,0.05265894722639782
UMTS Cell MC-HSDPA Function Fault,UMTS Cell Unavailable,10,0.07910054235722393,0.07910054235722393
UMTS Cell MC-HSDPA Function Fault,UMTS Cell Unavailable,11,0.09979848769589561,0.09979848769589561
UMTS Cell MC-HSDPA Function Fault,UMTS Cell Unavailable,12,0.12094062227652462,0.12094062227652462
UMTS Cell MC-HSDPA Function Fault,User Plane Fault,-12,0.21254303739446445,0.21254303739446445
UMTS Cell MC-HSDPA Function Fault,User Plane Fault,-11,0.25694321851259605,0.25694321851259605
UMTS Cell MC-HSDPA Function Fault,User Plane Fault,-10,0.27805866438817656,0.27805866438817656
UMTS Cell MC-HSDPA Function Fault,User Plane Fault,-9,0.25561494942114493,0.25561494942114493
UMTS Cell MC-HSDPA Function Fault,User Plane Fault,-8,0.20780774409850625,0.20780774409850625
UMTS Cell MC-HSDPA Function Fault,User Plane Fault,-7,0.16513803488956827,0.16513803488956827
UMTS Cell MC-HSDPA Function Fault,User Plane Fault,-6,0.12694652303487086,0.12694652303487086
UMTS Cell MC-HSDPA Function Fault,User Plane Fault,-5,0.1029654727867623,0.1029654727867623
UMTS Cell MC-HSDPA Function Fault,User Plane Fault,-4,0.06641801125047427,0.06641801125047427
UMTS Cell MC-HSDPA Function Fault,User Plane Fault,-3,0.05649529491129089,0.05649529491129089
UMTS Cell MC-HSDPA Function Fault,User Plane Fault,-2,0.05233082713817533,0.05233082713817533
UMTS Cell MC-HSDPA Function Fault,User Plane Fault,-1,0.06079605780704697,0.06079605780704697
UMTS Cell MC-HSDPA Function Fault,User Plane Fault,0,0.11408026130239506,0.11408026130239506
UMTS Cell MC-HSDPA Function Fault,User Plane Fault,1,0.07306719253422528,0.07306719253422528
UMTS Cell MC-HSDPA Function Fault,User Plane Fault,2,0.06680157424749539,0.06680157424749539
UMTS Cell MC-HSDPA Function Fault,User Plane Fault,3,0.05241656011161086,0.05241656011161086
UMTS Cell MC-HSDPA Function Fault,User Plane Fault,4,0.03183072024568167,0.03183072024568167
UMTS Cell MC-HSDPA Function Fault,User Plane Fault,5,0.040631992570027614,0.040631992570027614
UMTS Cell MC-HSDPA Function Fault,User Plane Fault,6,0.053450862287561435,0.053450862287561435
UMTS Cell MC-HSDPA Function Fault,User Plane Fault,7,0.06623675912617745,0.06623675912617745
UMTS Cell MC-HSDPA Function Fault,User Plane Fault,8,0.10392493056082115,0.10392493056082115
UMTS Cell MC-HSDPA Function Fault,User Plane Fault,9,0.11353309625487525,0.11353309625487525
UMTS Cell MC-HSDPA Function Fault,User Plane Fault,10,0.15980311131591957,0.15980311131591957
UMTS Cell MC-HSDPA Function Fault,User Plane Fault,11,0.20291998547136056,0.20291998547136056
UMTS Cell MC-HSDPA Function Fault,User Plane Fault,12,0.20310317995877755,0.20310317995877755
UMTS Cell MC-HSDPA Function Fault,X2 Interface Fault,-12,0.251937298001224,0.251937298001224
UMTS Cell MC-HSDPA Function Fault,X2 Interface Fault,-11,0.29504869654091676,0.29504869654091676
UMTS Cell MC-HSDPA Function Fault,X2 Interface Fault,-10,0.31675841947577943,0.31675841947577943
UMTS Cell MC-HSDPA Function Fault,X2 Interface Fault,-9,0.3110636333210956,0.3110636333210956
UMTS Cell MC-HSDPA Function Fault,X2 Interface Fault,-8,0.244614763030218,0.244614763030218
UMTS Cell MC-HSDPA Function Fault,X2 Interface Fault,-7,0.1783747271745816,0.1783747271745816
UMTS Cell MC-HSDPA Function Fault,X2 Interface Fault,-6,0.12703443457478875,0.12703443457478875
UMTS Cell MC-HSDPA Function Fault,X2 Interface Fault,-5,0.09153743547019,0.09153743547019
UMTS Cell MC-HSDPA Function Fault,X2 Interface Fault,-4,0.04253653639554333,0.04253653639554333
UMTS Cell MC-HSDPA Function Fault,X2 Interface Fault,-3,0.01814680763633506,0.01814680763633506
UMTS Cell MC-HSDPA Function Fault,X2 Interface Fault,-2,0.009211514313875433,0.009211514313875433
UMTS Cell MC-HSDPA Function Fault,X2 Interface Fault,-1,-0.001305854621462258,0.001305854621462258
UMTS Cell MC-HSDPA Function Fault,X2 Interface Fault,0,0.05590926458930426,0.05590926458930426
UMTS Cell MC-HSDPA Function Fault,X2 Interface Fault,1,0.053541189999587895,0.053541189999587895
UMTS Cell MC-HSDPA Function Fault,X2 Interface Fault,2,0.03609178035960153,0.03609178035960153
UMTS Cell MC-HSDPA Function Fault,X2 Interface Fault,3,0.02566476123021589,0.02566476123021589
UMTS Cell MC-HSDPA Function Fault,X2 Interface Fault,4,0.0172113154022536,0.0172113154022536
UMTS Cell MC-HSDPA Function Fault,X2 Interface Fault,5,0.025619988650796687,0.025619988650796687
UMTS Cell MC-HSDPA Function Fault,X2 Interface Fault,6,0.041317732133738926,0.041317732133738926
UMTS Cell MC-HSDPA Function Fault,X2 Interface Fault,7,0.06123168369635174,0.06123168369635174
UMTS Cell MC-HSDPA Function Fault,X2 Interface Fault,8,0.10715856726716178,0.10715856726716178
UMTS Cell MC-HSDPA Function Fault,X2 Interface Fault,9,0.1262701481877,0.1262701481877
UMTS Cell MC-HSDPA Function Fault,X2 Interface Fault,10,0.1726106192125891,0.1726106192125891
UMTS Cell MC-HSDPA Function Fault,X2 Interface Fault,11,0.22301160219562222,0.22301160219562222
UMTS Cell MC-HSDPA Function Fault,X2 Interface Fault,12,0.2416569276351696,0.2416569276351696
UMTS Cell Unavailable,User Plane Fault,-12,0.11720943148201284,0.11720943148201284
UMTS Cell Unavailable,User Plane Fault,-11,0.1227748789128153,0.1227748789128153
UMTS Cell Unavailable,User Plane Fault,-10,0.1373827092461697,0.1373827092461697
UMTS Cell Unavailable,User Plane Fault,-9,0.10831535848792267,0.10831535848792267
UMTS Cell Unavailable,User Plane Fault,-8,0.11266201054918204,0.11266201054918204
UMTS Cell Unavailable,User Plane Fault,-7,0.11930128329345846,0.11930128329345846
UMTS Cell Unavailable,User Plane Fault,-6,0.13162930290919142,0.13162930290919142
UMTS Cell Unavailable,User Plane Fault,-5,0.1491522114132727,0.1491522114132727
UMTS Cell Unavailable,User Plane Fault,-4,0.15231915305965948,0.15231915305965948
UMTS Cell Unavailable,User Plane Fault,-3,0.18780569957479099,0.18780569957479099
UMTS Cell Unavailable,User Plane Fault,-2,0.20418827192200353,0.20418827192200353
UMTS Cell Unavailable,User Plane Fault,-1,0.1949468540176967,0.1949468540176967
UMTS Cell Unavailable,User Plane Fault,0,0.5474406072155077,0.5474406072155077
UMTS Cell Unavailable,User Plane Fault,1,0.22248655552686963,0.22248655552686963
UMTS Cell Unavailable,User Plane Fault,2,0.22492507999138242,0.22492507999138242
UMTS Cell Unavailable,User Plane Fault,3,0.18756731517837189,0.18756731517837189
UMTS Cell Unavailable,User Plane Fault,4,0.14729913977883174,0.14729913977883174
UMTS Cell Unavailable,User Plane Fault,5,0.1514185640393186,0.1514185640393186
UMTS Cell Unavailable,User Plane Fault,6,0.12326691048901636,0.12326691048901636
UMTS Cell Unavailable,User Plane Fault,7,0.11967376823907548,0.11967376823907548
UMTS Cell Unavailable,User Plane Fault,8,0.12021992001651705,0.12021992001651705
UMTS Cell Unavailable,User Plane Fault,9,0.11310524178454527,0.11310524178454527
UMTS Cell Unavailable,User Plane Fault,10,0.13231073866651982,0.13231073866651982
UMTS Cell Unavailable,User Plane Fault,11,0.10881048444004497,0.10881048444004497
UMTS Cell Unavailable,User Plane Fault,12,0.09910950042507781,0.09910950042507781
UMTS Cell Unavailable,X2 Interface Fault,-12,0.12109074186912956,0.12109074186912956
UMTS Cell Unavailable,X2 Interface Fault,-11,0.12676034587222354,0.12676034587222354
UMTS Cell Unavailable,X2 Interface Fault,-10,0.11953464092213717,0.11953464092213717
UMTS Cell Unavailable,X2 Interface Fault,-9,0.1119369372339905,0.1119369372339905
UMTS Cell Unavailable,X2 Interface Fault,-8,0.1008872409532444,0.1008872409532444
UMTS Cell Unavailable,X2 Interface Fault,-7,0.11030129596865708,0.11030129596865708
UMTS Cell Unavailable,X2 Interface Fault,-6,0.1258054897643331,0.1258054897643331
UMTS Cell Unavailable,X2 Interface Fault,-5,0.14546960553459395,0.14546960553459395
UMTS Cell Unavailable,X2 Interface Fault,-4,0.16066544526255447,0.16066544526255447
UMTS Cell Unavailable,X2 Interface Fault,-3,0.18596514636446745,0.18596514636446745
UMTS Cell Unavailable,X2 Interface Fault,-2,0.19864199098687266,0.19864199098687266
UMTS Cell Unavailable,X2 Interface Fault,-1,0.206014941786695,0.206014941786695
UMTS Cell Unavailable,X2 Interface Fault,0,0.47191731034408413,0.47191731034408413
UMTS Cell Unavailable,X2 Interface Fault,1,0.23731680215024697,0.23731680215024697
UMTS Cell Unavailable,X2 Interface Fault,2,0.20640256820051314,0.20640256820051314
UMTS Cell Unavailable,X2 Interface Fault,3,0.19017869070529186,0.19017869070529186
UMTS Cell Unavailable,X2 Interface Fault,4,0.1531508911042714,0.1531508911042714
UMTS Cell Unavailable,X2 Interface Fault,5,0.14515052085511154,0.14515052085511154
UMTS Cell Unavailable,X2 Interface Fault,6,0.12145190912162702,0.12145190912162702
UMTS Cell Unavailable,X2 Interface Fault,7,0.1257510073812958,0.1257510073812958
UMTS Cell Unavailable,X2 Interface Fault,8,0.10820993956024509,0.10820993956024509
UMTS Cell Unavailable,X2 Interface Fault,9,0.10043609871963126,0.10043609871963126
UMTS Cell Unavailable,X2 Interface Fault,10,0.11011343163172933,0.11011343163172933
UMTS Cell Unavailable,X2 Interface Fault,11,0.09999654701168016,0.09999654701168016
UMTS Cell Unavailable,X2 Interface Fault,12,0.08936450655950254,0.08936450655950254
User Plane Fault,X2 Interface Fault,-12,0.1988969251964096,0.1988969251964096
User Plane Fault,X2 Interface Fault,-11,0.18836914780813588,0.18836914780813588
User Plane Fault,X2 Interface Fault,-10,0.21011576435205093,0.21011576435205093
User Plane Fault,X2 Interface Fault,-9,0.21405725392600694,0.21405725392600694
User Plane Fault,X2 Interface Fault,-8,0.20523819910907284,0.20523819910907284
User Plane Fault,X2 Interface Fault,-7,0.2317372694970494,0.2317372694970494
User Plane Fault,X2 Interface Fault,-6,0.23992186382515998,0.23992186382515998
User Plane Fault,X2 Interface Fault,-5,0.276891366381324,0.276891366381324
User Plane Fault,X2 Interface Fault,-4,0.29212239114788763,0.29212239114788763
User Plane Fault,X2 Interface Fault,-3,0.3294999071874594,0.3294999071874594
User Plane Fault,X2 Interface Fault,-2,0.36055255222438065,0.36055255222438065
User Plane Fault,X2 Interface Fault,-1,0.38988296517842386,0.38988296517842386
User Plane Fault,X2 Interface Fault,0,0.7915256873361499,0.7915256873361499
User Plane Fault,X2 Interface Fault,1,0.423268648478586,0.423268648478586
User Plane Fault,X2 Interface Fault,2,0.38914102693267205,0.38914102693267205
User Plane Fault,X2 Interface Fault,3,0.34643954988309245,0.34643954988309245
User Plane Fault,X2 Interface Fault,4,0.301629575425043,0.301629575425043
User Plane Fault,X2 Interface Fault,5,0.29456161241670054,0.29456161241670054
User Plane Fault,X2 Interface Fault,6,0.24017839550026948,0.24017839550026948
User Plane Fault,X2 Interface Fault,7,0.23462787874013832,0.23462787874013832
User Plane Fault,X2 Interface Fault,8,0.2086443582724923,0.2086443582724923
User Plane Fault,X2 Interface Fault,9,0.20454277417658315,0.20454277417658315
User Plane Fault,X2 Interface Fault,10,0.2273893034737359,0.2273893034737359
User Plane Fault,X2 Interface Fault,11,0.20038815768701165,0.20038815768701165
User Plane Fault,X2 Interface Fault,12,0.18756431644067462,0.18756431644067462
